ball,source_function_label,x_mm,y_mm,view,xy_convention,geometry_source,source_page_or_figure,status
A1,DNU,-4.4,-6.825,COMPONENT_SIDE_TOP,origin=package_center;+x=right;+y=down,https://www.szyuda88.com/home/8/a/2lhtb2/resource/2021/05/26/60ade38424a32.pdf,9 dimensions;10 top-view ballout,NOMINAL_BALL_CENTER_ONLY_NOT_PCB_LAND_PATTERN
A2,DNU,-3.6,-6.825,COMPONENT_SIDE_TOP,origin=package_center;+x=right;+y=down,https://www.szyuda88.com/home/8/a/2lhtb2/resource/2021/05/26/60ade38424a32.pdf,9 dimensions;10 top-view ballout,NOMINAL_BALL_CENTER_ONLY_NOT_PCB_LAND_PATTERN
A3,VSS,-2.8,-6.825,COMPONENT_SIDE_TOP,origin=package_center;+x=right;+y=down,https://www.szyuda88.com/home/8/a/2lhtb2/resource/2021/05/26/60ade38424a32.pdf,9 dimensions;10 top-view ballout,NOMINAL_BALL_CENTER_ONLY_NOT_PCB_LAND_PATTERN
A4,VDD2,-2.0,-6.825,COMPONENT_SIDE_TOP,origin=package_center;+x=right;+y=down,https://www.szyuda88.com/home/8/a/2lhtb2/resource/2021/05/26/60ade38424a32.pdf,9 dimensions;10 top-view ballout,NOMINAL_BALL_CENTER_ONLY_NOT_PCB_LAND_PATTERN
A5,ZQ_a,-1.2,-6.825,COMPONENT_SIDE_TOP,origin=package_center;+x=right;+y=down,https://www.szyuda88.com/home/8/a/2lhtb2/resource/2021/05/26/60ade38424a32.pdf,9 dimensions;10 top-view ballout,NOMINAL_BALL_CENTER_ONLY_NOT_PCB_LAND_PATTERN
A8,NC,1.2,-6.825,COMPONENT_SIDE_TOP,origin=package_center;+x=right;+y=down,https://www.szyuda88.com/home/8/a/2lhtb2/resource/2021/05/26/60ade38424a32.pdf,9 dimensions;10 top-view ballout,NOMINAL_BALL_CENTER_ONLY_NOT_PCB_LAND_PATTERN
A9,VDD2,2.0,-6.825,COMPONENT_SIDE_TOP,origin=package_center;+x=right;+y=down,https://www.szyuda88.com/home/8/a/2lhtb2/resource/2021/05/26/60ade38424a32.pdf,9 dimensions;10 top-view ballout,NOMINAL_BALL_CENTER_ONLY_NOT_PCB_LAND_PATTERN
A10,VSS,2.8,-6.825,COMPONENT_SIDE_TOP,origin=package_center;+x=right;+y=down,https://www.szyuda88.com/home/8/a/2lhtb2/resource/2021/05/26/60ade38424a32.pdf,9 dimensions;10 top-view ballout,NOMINAL_BALL_CENTER_ONLY_NOT_PCB_LAND_PATTERN
A11,DNU,3.6,-6.825,COMPONENT_SIDE_TOP,origin=package_center;+x=right;+y=down,https://www.szyuda88.com/home/8/a/2lhtb2/resource/2021/05/26/60ade38424a32.pdf,9 dimensions;10 top-view ballout,NOMINAL_BALL_CENTER_ONLY_NOT_PCB_LAND_PATTERN
A12,DNU,4.4,-6.825,COMPONENT_SIDE_TOP,origin=package_center;+x=right;+y=down,https://www.szyuda88.com/home/8/a/2lhtb2/resource/2021/05/26/60ade38424a32.pdf,9 dimensions;10 top-view ballout,NOMINAL_BALL_CENTER_ONLY_NOT_PCB_LAND_PATTERN
B1,DNU,-4.4,-6.175,COMPONENT_SIDE_TOP,origin=package_center;+x=right;+y=down,https://www.szyuda88.com/home/8/a/2lhtb2/resource/2021/05/26/60ade38424a32.pdf,9 dimensions;10 top-view ballout,NOMINAL_BALL_CENTER_ONLY_NOT_PCB_LAND_PATTERN
B2,DQ0_a,-3.6,-6.175,COMPONENT_SIDE_TOP,origin=package_center;+x=right;+y=down,https://www.szyuda88.com/home/8/a/2lhtb2/resource/2021/05/26/60ade38424a32.pdf,9 dimensions;10 top-view ballout,NOMINAL_BALL_CENTER_ONLY_NOT_PCB_LAND_PATTERN
B3,VDDQ,-2.8,-6.175,COMPONENT_SIDE_TOP,origin=package_center;+x=right;+y=down,https://www.szyuda88.com/home/8/a/2lhtb2/resource/2021/05/26/60ade38424a32.pdf,9 dimensions;10 top-view ballout,NOMINAL_BALL_CENTER_ONLY_NOT_PCB_LAND_PATTERN
B4,DQ7_a,-2.0,-6.175,COMPONENT_SIDE_TOP,origin=package_center;+x=right;+y=down,https://www.szyuda88.com/home/8/a/2lhtb2/resource/2021/05/26/60ade38424a32.pdf,9 dimensions;10 top-view ballout,NOMINAL_BALL_CENTER_ONLY_NOT_PCB_LAND_PATTERN
B5,VDDQ,-1.2,-6.175,COMPONENT_SIDE_TOP,origin=package_center;+x=right;+y=down,https://www.szyuda88.com/home/8/a/2lhtb2/resource/2021/05/26/60ade38424a32.pdf,9 dimensions;10 top-view ballout,NOMINAL_BALL_CENTER_ONLY_NOT_PCB_LAND_PATTERN
B8,VDDQ,1.2,-6.175,COMPONENT_SIDE_TOP,origin=package_center;+x=right;+y=down,https://www.szyuda88.com/home/8/a/2lhtb2/resource/2021/05/26/60ade38424a32.pdf,9 dimensions;10 top-view ballout,NOMINAL_BALL_CENTER_ONLY_NOT_PCB_LAND_PATTERN
B9,DQ15_a,2.0,-6.175,COMPONENT_SIDE_TOP,origin=package_center;+x=right;+y=down,https://www.szyuda88.com/home/8/a/2lhtb2/resource/2021/05/26/60ade38424a32.pdf,9 dimensions;10 top-view ballout,NOMINAL_BALL_CENTER_ONLY_NOT_PCB_LAND_PATTERN
B10,VDDQ,2.8,-6.175,COMPONENT_SIDE_TOP,origin=package_center;+x=right;+y=down,https://www.szyuda88.com/home/8/a/2lhtb2/resource/2021/05/26/60ade38424a32.pdf,9 dimensions;10 top-view ballout,NOMINAL_BALL_CENTER_ONLY_NOT_PCB_LAND_PATTERN
B11,DQ8_a,3.6,-6.175,COMPONENT_SIDE_TOP,origin=package_center;+x=right;+y=down,https://www.szyuda88.com/home/8/a/2lhtb2/resource/2021/05/26/60ade38424a32.pdf,9 dimensions;10 top-view ballout,NOMINAL_BALL_CENTER_ONLY_NOT_PCB_LAND_PATTERN
B12,DNU,4.4,-6.175,COMPONENT_SIDE_TOP,origin=package_center;+x=right;+y=down,https://www.szyuda88.com/home/8/a/2lhtb2/resource/2021/05/26/60ade38424a32.pdf,9 dimensions;10 top-view ballout,NOMINAL_BALL_CENTER_ONLY_NOT_PCB_LAND_PATTERN
C1,VSS,-4.4,-5.525,COMPONENT_SIDE_TOP,origin=package_center;+x=right;+y=down,https://www.szyuda88.com/home/8/a/2lhtb2/resource/2021/05/26/60ade38424a32.pdf,9 dimensions;10 top-view ballout,NOMINAL_BALL_CENTER_ONLY_NOT_PCB_LAND_PATTERN
C2,DQ1_a,-3.6,-5.525,COMPONENT_SIDE_TOP,origin=package_center;+x=right;+y=down,https://www.szyuda88.com/home/8/a/2lhtb2/resource/2021/05/26/60ade38424a32.pdf,9 dimensions;10 top-view ballout,NOMINAL_BALL_CENTER_ONLY_NOT_PCB_LAND_PATTERN
C3,DMI0_a,-2.8,-5.525,COMPONENT_SIDE_TOP,origin=package_center;+x=right;+y=down,https://www.szyuda88.com/home/8/a/2lhtb2/resource/2021/05/26/60ade38424a32.pdf,9 dimensions;10 top-view ballout,NOMINAL_BALL_CENTER_ONLY_NOT_PCB_LAND_PATTERN
C4,DQ6_a,-2.0,-5.525,COMPONENT_SIDE_TOP,origin=package_center;+x=right;+y=down,https://www.szyuda88.com/home/8/a/2lhtb2/resource/2021/05/26/60ade38424a32.pdf,9 dimensions;10 top-view ballout,NOMINAL_BALL_CENTER_ONLY_NOT_PCB_LAND_PATTERN
C5,VSS,-1.2,-5.525,COMPONENT_SIDE_TOP,origin=package_center;+x=right;+y=down,https://www.szyuda88.com/home/8/a/2lhtb2/resource/2021/05/26/60ade38424a32.pdf,9 dimensions;10 top-view ballout,NOMINAL_BALL_CENTER_ONLY_NOT_PCB_LAND_PATTERN
C8,VSS,1.2,-5.525,COMPONENT_SIDE_TOP,origin=package_center;+x=right;+y=down,https://www.szyuda88.com/home/8/a/2lhtb2/resource/2021/05/26/60ade38424a32.pdf,9 dimensions;10 top-view ballout,NOMINAL_BALL_CENTER_ONLY_NOT_PCB_LAND_PATTERN
C9,DQ14_a,2.0,-5.525,COMPONENT_SIDE_TOP,origin=package_center;+x=right;+y=down,https://www.szyuda88.com/home/8/a/2lhtb2/resource/2021/05/26/60ade38424a32.pdf,9 dimensions;10 top-view ballout,NOMINAL_BALL_CENTER_ONLY_NOT_PCB_LAND_PATTERN
C10,DMI1_a,2.8,-5.525,COMPONENT_SIDE_TOP,origin=package_center;+x=right;+y=down,https://www.szyuda88.com/home/8/a/2lhtb2/resource/2021/05/26/60ade38424a32.pdf,9 dimensions;10 top-view ballout,NOMINAL_BALL_CENTER_ONLY_NOT_PCB_LAND_PATTERN
C11,DQ9_a,3.6,-5.525,COMPONENT_SIDE_TOP,origin=package_center;+x=right;+y=down,https://www.szyuda88.com/home/8/a/2lhtb2/resource/2021/05/26/60ade38424a32.pdf,9 dimensions;10 top-view ballout,NOMINAL_BALL_CENTER_ONLY_NOT_PCB_LAND_PATTERN
C12,VSS,4.4,-5.525,COMPONENT_SIDE_TOP,origin=package_center;+x=right;+y=down,https://www.szyuda88.com/home/8/a/2lhtb2/resource/2021/05/26/60ade38424a32.pdf,9 dimensions;10 top-view ballout,NOMINAL_BALL_CENTER_ONLY_NOT_PCB_LAND_PATTERN
D1,VDDQ,-4.4,-4.875,COMPONENT_SIDE_TOP,origin=package_center;+x=right;+y=down,https://www.szyuda88.com/home/8/a/2lhtb2/resource/2021/05/26/60ade38424a32.pdf,9 dimensions;10 top-view ballout,NOMINAL_BALL_CENTER_ONLY_NOT_PCB_LAND_PATTERN
D2,VSS,-3.6,-4.875,COMPONENT_SIDE_TOP,origin=package_center;+x=right;+y=down,https://www.szyuda88.com/home/8/a/2lhtb2/resource/2021/05/26/60ade38424a32.pdf,9 dimensions;10 top-view ballout,NOMINAL_BALL_CENTER_ONLY_NOT_PCB_LAND_PATTERN
D3,DQS0_t_a,-2.8,-4.875,COMPONENT_SIDE_TOP,origin=package_center;+x=right;+y=down,https://www.szyuda88.com/home/8/a/2lhtb2/resource/2021/05/26/60ade38424a32.pdf,9 dimensions;10 top-view ballout,NOMINAL_BALL_CENTER_ONLY_NOT_PCB_LAND_PATTERN
D4,VSS,-2.0,-4.875,COMPONENT_SIDE_TOP,origin=package_center;+x=right;+y=down,https://www.szyuda88.com/home/8/a/2lhtb2/resource/2021/05/26/60ade38424a32.pdf,9 dimensions;10 top-view ballout,NOMINAL_BALL_CENTER_ONLY_NOT_PCB_LAND_PATTERN
D5,VDDQ,-1.2,-4.875,COMPONENT_SIDE_TOP,origin=package_center;+x=right;+y=down,https://www.szyuda88.com/home/8/a/2lhtb2/resource/2021/05/26/60ade38424a32.pdf,9 dimensions;10 top-view ballout,NOMINAL_BALL_CENTER_ONLY_NOT_PCB_LAND_PATTERN
D8,VDDQ,1.2,-4.875,COMPONENT_SIDE_TOP,origin=package_center;+x=right;+y=down,https://www.szyuda88.com/home/8/a/2lhtb2/resource/2021/05/26/60ade38424a32.pdf,9 dimensions;10 top-view ballout,NOMINAL_BALL_CENTER_ONLY_NOT_PCB_LAND_PATTERN
D9,VSS,2.0,-4.875,COMPONENT_SIDE_TOP,origin=package_center;+x=right;+y=down,https://www.szyuda88.com/home/8/a/2lhtb2/resource/2021/05/26/60ade38424a32.pdf,9 dimensions;10 top-view ballout,NOMINAL_BALL_CENTER_ONLY_NOT_PCB_LAND_PATTERN
D10,DQS1_t_a,2.8,-4.875,COMPONENT_SIDE_TOP,origin=package_center;+x=right;+y=down,https://www.szyuda88.com/home/8/a/2lhtb2/resource/2021/05/26/60ade38424a32.pdf,9 dimensions;10 top-view ballout,NOMINAL_BALL_CENTER_ONLY_NOT_PCB_LAND_PATTERN
D11,VSS,3.6,-4.875,COMPONENT_SIDE_TOP,origin=package_center;+x=right;+y=down,https://www.szyuda88.com/home/8/a/2lhtb2/resource/2021/05/26/60ade38424a32.pdf,9 dimensions;10 top-view ballout,NOMINAL_BALL_CENTER_ONLY_NOT_PCB_LAND_PATTERN
D12,VDDQ,4.4,-4.875,COMPONENT_SIDE_TOP,origin=package_center;+x=right;+y=down,https://www.szyuda88.com/home/8/a/2lhtb2/resource/2021/05/26/60ade38424a32.pdf,9 dimensions;10 top-view ballout,NOMINAL_BALL_CENTER_ONLY_NOT_PCB_LAND_PATTERN
E1,VSS,-4.4,-4.225,COMPONENT_SIDE_TOP,origin=package_center;+x=right;+y=down,https://www.szyuda88.com/home/8/a/2lhtb2/resource/2021/05/26/60ade38424a32.pdf,9 dimensions;10 top-view ballout,NOMINAL_BALL_CENTER_ONLY_NOT_PCB_LAND_PATTERN
E2,DQ2_a,-3.6,-4.225,COMPONENT_SIDE_TOP,origin=package_center;+x=right;+y=down,https://www.szyuda88.com/home/8/a/2lhtb2/resource/2021/05/26/60ade38424a32.pdf,9 dimensions;10 top-view ballout,NOMINAL_BALL_CENTER_ONLY_NOT_PCB_LAND_PATTERN
E3,DQS0_c_a,-2.8,-4.225,COMPONENT_SIDE_TOP,origin=package_center;+x=right;+y=down,https://www.szyuda88.com/home/8/a/2lhtb2/resource/2021/05/26/60ade38424a32.pdf,9 dimensions;10 top-view ballout,NOMINAL_BALL_CENTER_ONLY_NOT_PCB_LAND_PATTERN
E4,DQ5_a,-2.0,-4.225,COMPONENT_SIDE_TOP,origin=package_center;+x=right;+y=down,https://www.szyuda88.com/home/8/a/2lhtb2/resource/2021/05/26/60ade38424a32.pdf,9 dimensions;10 top-view ballout,NOMINAL_BALL_CENTER_ONLY_NOT_PCB_LAND_PATTERN
E5,VSS,-1.2,-4.225,COMPONENT_SIDE_TOP,origin=package_center;+x=right;+y=down,https://www.szyuda88.com/home/8/a/2lhtb2/resource/2021/05/26/60ade38424a32.pdf,9 dimensions;10 top-view ballout,NOMINAL_BALL_CENTER_ONLY_NOT_PCB_LAND_PATTERN
E8,VSS,1.2,-4.225,COMPONENT_SIDE_TOP,origin=package_center;+x=right;+y=down,https://www.szyuda88.com/home/8/a/2lhtb2/resource/2021/05/26/60ade38424a32.pdf,9 dimensions;10 top-view ballout,NOMINAL_BALL_CENTER_ONLY_NOT_PCB_LAND_PATTERN
E9,DQ13_a,2.0,-4.225,COMPONENT_SIDE_TOP,origin=package_center;+x=right;+y=down,https://www.szyuda88.com/home/8/a/2lhtb2/resource/2021/05/26/60ade38424a32.pdf,9 dimensions;10 top-view ballout,NOMINAL_BALL_CENTER_ONLY_NOT_PCB_LAND_PATTERN
E10,DQS1_c_a,2.8,-4.225,COMPONENT_SIDE_TOP,origin=package_center;+x=right;+y=down,https://www.szyuda88.com/home/8/a/2lhtb2/resource/2021/05/26/60ade38424a32.pdf,9 dimensions;10 top-view ballout,NOMINAL_BALL_CENTER_ONLY_NOT_PCB_LAND_PATTERN
E11,DQ10_a,3.6,-4.225,COMPONENT_SIDE_TOP,origin=package_center;+x=right;+y=down,https://www.szyuda88.com/home/8/a/2lhtb2/resource/2021/05/26/60ade38424a32.pdf,9 dimensions;10 top-view ballout,NOMINAL_BALL_CENTER_ONLY_NOT_PCB_LAND_PATTERN
E12,VSS,4.4,-4.225,COMPONENT_SIDE_TOP,origin=package_center;+x=right;+y=down,https://www.szyuda88.com/home/8/a/2lhtb2/resource/2021/05/26/60ade38424a32.pdf,9 dimensions;10 top-view ballout,NOMINAL_BALL_CENTER_ONLY_NOT_PCB_LAND_PATTERN
F1,VDD1,-4.4,-3.575,COMPONENT_SIDE_TOP,origin=package_center;+x=right;+y=down,https://www.szyuda88.com/home/8/a/2lhtb2/resource/2021/05/26/60ade38424a32.pdf,9 dimensions;10 top-view ballout,NOMINAL_BALL_CENTER_ONLY_NOT_PCB_LAND_PATTERN
F2,DQ3_a,-3.6,-3.575,COMPONENT_SIDE_TOP,origin=package_center;+x=right;+y=down,https://www.szyuda88.com/home/8/a/2lhtb2/resource/2021/05/26/60ade38424a32.pdf,9 dimensions;10 top-view ballout,NOMINAL_BALL_CENTER_ONLY_NOT_PCB_LAND_PATTERN
F3,VDDQ,-2.8,-3.575,COMPONENT_SIDE_TOP,origin=package_center;+x=right;+y=down,https://www.szyuda88.com/home/8/a/2lhtb2/resource/2021/05/26/60ade38424a32.pdf,9 dimensions;10 top-view ballout,NOMINAL_BALL_CENTER_ONLY_NOT_PCB_LAND_PATTERN
F4,DQ4_a,-2.0,-3.575,COMPONENT_SIDE_TOP,origin=package_center;+x=right;+y=down,https://www.szyuda88.com/home/8/a/2lhtb2/resource/2021/05/26/60ade38424a32.pdf,9 dimensions;10 top-view ballout,NOMINAL_BALL_CENTER_ONLY_NOT_PCB_LAND_PATTERN
F5,VDD2,-1.2,-3.575,COMPONENT_SIDE_TOP,origin=package_center;+x=right;+y=down,https://www.szyuda88.com/home/8/a/2lhtb2/resource/2021/05/26/60ade38424a32.pdf,9 dimensions;10 top-view ballout,NOMINAL_BALL_CENTER_ONLY_NOT_PCB_LAND_PATTERN
F8,VDD2,1.2,-3.575,COMPONENT_SIDE_TOP,origin=package_center;+x=right;+y=down,https://www.szyuda88.com/home/8/a/2lhtb2/resource/2021/05/26/60ade38424a32.pdf,9 dimensions;10 top-view ballout,NOMINAL_BALL_CENTER_ONLY_NOT_PCB_LAND_PATTERN
F9,DQ12_a,2.0,-3.575,COMPONENT_SIDE_TOP,origin=package_center;+x=right;+y=down,https://www.szyuda88.com/home/8/a/2lhtb2/resource/2021/05/26/60ade38424a32.pdf,9 dimensions;10 top-view ballout,NOMINAL_BALL_CENTER_ONLY_NOT_PCB_LAND_PATTERN
F10,VDDQ,2.8,-3.575,COMPONENT_SIDE_TOP,origin=package_center;+x=right;+y=down,https://www.szyuda88.com/home/8/a/2lhtb2/resource/2021/05/26/60ade38424a32.pdf,9 dimensions;10 top-view ballout,NOMINAL_BALL_CENTER_ONLY_NOT_PCB_LAND_PATTERN
F11,DQ11_a,3.6,-3.575,COMPONENT_SIDE_TOP,origin=package_center;+x=right;+y=down,https://www.szyuda88.com/home/8/a/2lhtb2/resource/2021/05/26/60ade38424a32.pdf,9 dimensions;10 top-view ballout,NOMINAL_BALL_CENTER_ONLY_NOT_PCB_LAND_PATTERN
F12,VDD1,4.4,-3.575,COMPONENT_SIDE_TOP,origin=package_center;+x=right;+y=down,https://www.szyuda88.com/home/8/a/2lhtb2/resource/2021/05/26/60ade38424a32.pdf,9 dimensions;10 top-view ballout,NOMINAL_BALL_CENTER_ONLY_NOT_PCB_LAND_PATTERN
G1,VSS,-4.4,-2.925,COMPONENT_SIDE_TOP,origin=package_center;+x=right;+y=down,https://www.szyuda88.com/home/8/a/2lhtb2/resource/2021/05/26/60ade38424a32.pdf,9 dimensions;10 top-view ballout,NOMINAL_BALL_CENTER_ONLY_NOT_PCB_LAND_PATTERN
G2,ODT_CA_a,-3.6,-2.925,COMPONENT_SIDE_TOP,origin=package_center;+x=right;+y=down,https://www.szyuda88.com/home/8/a/2lhtb2/resource/2021/05/26/60ade38424a32.pdf,9 dimensions;10 top-view ballout,NOMINAL_BALL_CENTER_ONLY_NOT_PCB_LAND_PATTERN
G3,VSS,-2.8,-2.925,COMPONENT_SIDE_TOP,origin=package_center;+x=right;+y=down,https://www.szyuda88.com/home/8/a/2lhtb2/resource/2021/05/26/60ade38424a32.pdf,9 dimensions;10 top-view ballout,NOMINAL_BALL_CENTER_ONLY_NOT_PCB_LAND_PATTERN
G4,VDD1,-2.0,-2.925,COMPONENT_SIDE_TOP,origin=package_center;+x=right;+y=down,https://www.szyuda88.com/home/8/a/2lhtb2/resource/2021/05/26/60ade38424a32.pdf,9 dimensions;10 top-view ballout,NOMINAL_BALL_CENTER_ONLY_NOT_PCB_LAND_PATTERN
G5,VSS,-1.2,-2.925,COMPONENT_SIDE_TOP,origin=package_center;+x=right;+y=down,https://www.szyuda88.com/home/8/a/2lhtb2/resource/2021/05/26/60ade38424a32.pdf,9 dimensions;10 top-view ballout,NOMINAL_BALL_CENTER_ONLY_NOT_PCB_LAND_PATTERN
G8,VSS,1.2,-2.925,COMPONENT_SIDE_TOP,origin=package_center;+x=right;+y=down,https://www.szyuda88.com/home/8/a/2lhtb2/resource/2021/05/26/60ade38424a32.pdf,9 dimensions;10 top-view ballout,NOMINAL_BALL_CENTER_ONLY_NOT_PCB_LAND_PATTERN
G9,VDD1,2.0,-2.925,COMPONENT_SIDE_TOP,origin=package_center;+x=right;+y=down,https://www.szyuda88.com/home/8/a/2lhtb2/resource/2021/05/26/60ade38424a32.pdf,9 dimensions;10 top-view ballout,NOMINAL_BALL_CENTER_ONLY_NOT_PCB_LAND_PATTERN
G10,VSS,2.8,-2.925,COMPONENT_SIDE_TOP,origin=package_center;+x=right;+y=down,https://www.szyuda88.com/home/8/a/2lhtb2/resource/2021/05/26/60ade38424a32.pdf,9 dimensions;10 top-view ballout,NOMINAL_BALL_CENTER_ONLY_NOT_PCB_LAND_PATTERN
G11,DNU,3.6,-2.925,COMPONENT_SIDE_TOP,origin=package_center;+x=right;+y=down,https://www.szyuda88.com/home/8/a/2lhtb2/resource/2021/05/26/60ade38424a32.pdf,9 dimensions;10 top-view ballout,NOMINAL_BALL_CENTER_ONLY_NOT_PCB_LAND_PATTERN
G12,VSS,4.4,-2.925,COMPONENT_SIDE_TOP,origin=package_center;+x=right;+y=down,https://www.szyuda88.com/home/8/a/2lhtb2/resource/2021/05/26/60ade38424a32.pdf,9 dimensions;10 top-view ballout,NOMINAL_BALL_CENTER_ONLY_NOT_PCB_LAND_PATTERN
H1,VDD2,-4.4,-2.275,COMPONENT_SIDE_TOP,origin=package_center;+x=right;+y=down,https://www.szyuda88.com/home/8/a/2lhtb2/resource/2021/05/26/60ade38424a32.pdf,9 dimensions;10 top-view ballout,NOMINAL_BALL_CENTER_ONLY_NOT_PCB_LAND_PATTERN
H2,CA0_a,-3.6,-2.275,COMPONENT_SIDE_TOP,origin=package_center;+x=right;+y=down,https://www.szyuda88.com/home/8/a/2lhtb2/resource/2021/05/26/60ade38424a32.pdf,9 dimensions;10 top-view ballout,NOMINAL_BALL_CENTER_ONLY_NOT_PCB_LAND_PATTERN
H3,NC,-2.8,-2.275,COMPONENT_SIDE_TOP,origin=package_center;+x=right;+y=down,https://www.szyuda88.com/home/8/a/2lhtb2/resource/2021/05/26/60ade38424a32.pdf,9 dimensions;10 top-view ballout,NOMINAL_BALL_CENTER_ONLY_NOT_PCB_LAND_PATTERN
H4,CS_a,-2.0,-2.275,COMPONENT_SIDE_TOP,origin=package_center;+x=right;+y=down,https://www.szyuda88.com/home/8/a/2lhtb2/resource/2021/05/26/60ade38424a32.pdf,9 dimensions;10 top-view ballout,NOMINAL_BALL_CENTER_ONLY_NOT_PCB_LAND_PATTERN
H5,VDD2,-1.2,-2.275,COMPONENT_SIDE_TOP,origin=package_center;+x=right;+y=down,https://www.szyuda88.com/home/8/a/2lhtb2/resource/2021/05/26/60ade38424a32.pdf,9 dimensions;10 top-view ballout,NOMINAL_BALL_CENTER_ONLY_NOT_PCB_LAND_PATTERN
H8,VDD2,1.2,-2.275,COMPONENT_SIDE_TOP,origin=package_center;+x=right;+y=down,https://www.szyuda88.com/home/8/a/2lhtb2/resource/2021/05/26/60ade38424a32.pdf,9 dimensions;10 top-view ballout,NOMINAL_BALL_CENTER_ONLY_NOT_PCB_LAND_PATTERN
H9,CA2_a,2.0,-2.275,COMPONENT_SIDE_TOP,origin=package_center;+x=right;+y=down,https://www.szyuda88.com/home/8/a/2lhtb2/resource/2021/05/26/60ade38424a32.pdf,9 dimensions;10 top-view ballout,NOMINAL_BALL_CENTER_ONLY_NOT_PCB_LAND_PATTERN
H10,CA3_a,2.8,-2.275,COMPONENT_SIDE_TOP,origin=package_center;+x=right;+y=down,https://www.szyuda88.com/home/8/a/2lhtb2/resource/2021/05/26/60ade38424a32.pdf,9 dimensions;10 top-view ballout,NOMINAL_BALL_CENTER_ONLY_NOT_PCB_LAND_PATTERN
H11,CA4_a,3.6,-2.275,COMPONENT_SIDE_TOP,origin=package_center;+x=right;+y=down,https://www.szyuda88.com/home/8/a/2lhtb2/resource/2021/05/26/60ade38424a32.pdf,9 dimensions;10 top-view ballout,NOMINAL_BALL_CENTER_ONLY_NOT_PCB_LAND_PATTERN
H12,VDD2,4.4,-2.275,COMPONENT_SIDE_TOP,origin=package_center;+x=right;+y=down,https://www.szyuda88.com/home/8/a/2lhtb2/resource/2021/05/26/60ade38424a32.pdf,9 dimensions;10 top-view ballout,NOMINAL_BALL_CENTER_ONLY_NOT_PCB_LAND_PATTERN
J1,VSS,-4.4,-1.625,COMPONENT_SIDE_TOP,origin=package_center;+x=right;+y=down,https://www.szyuda88.com/home/8/a/2lhtb2/resource/2021/05/26/60ade38424a32.pdf,9 dimensions;10 top-view ballout,NOMINAL_BALL_CENTER_ONLY_NOT_PCB_LAND_PATTERN
J2,CA1_a,-3.6,-1.625,COMPONENT_SIDE_TOP,origin=package_center;+x=right;+y=down,https://www.szyuda88.com/home/8/a/2lhtb2/resource/2021/05/26/60ade38424a32.pdf,9 dimensions;10 top-view ballout,NOMINAL_BALL_CENTER_ONLY_NOT_PCB_LAND_PATTERN
J3,VSS,-2.8,-1.625,COMPONENT_SIDE_TOP,origin=package_center;+x=right;+y=down,https://www.szyuda88.com/home/8/a/2lhtb2/resource/2021/05/26/60ade38424a32.pdf,9 dimensions;10 top-view ballout,NOMINAL_BALL_CENTER_ONLY_NOT_PCB_LAND_PATTERN
J4,CKE_a,-2.0,-1.625,COMPONENT_SIDE_TOP,origin=package_center;+x=right;+y=down,https://www.szyuda88.com/home/8/a/2lhtb2/resource/2021/05/26/60ade38424a32.pdf,9 dimensions;10 top-view ballout,NOMINAL_BALL_CENTER_ONLY_NOT_PCB_LAND_PATTERN
J5,NC,-1.2,-1.625,COMPONENT_SIDE_TOP,origin=package_center;+x=right;+y=down,https://www.szyuda88.com/home/8/a/2lhtb2/resource/2021/05/26/60ade38424a32.pdf,9 dimensions;10 top-view ballout,NOMINAL_BALL_CENTER_ONLY_NOT_PCB_LAND_PATTERN
J8,CK_t_a,1.2,-1.625,COMPONENT_SIDE_TOP,origin=package_center;+x=right;+y=down,https://www.szyuda88.com/home/8/a/2lhtb2/resource/2021/05/26/60ade38424a32.pdf,9 dimensions;10 top-view ballout,NOMINAL_BALL_CENTER_ONLY_NOT_PCB_LAND_PATTERN
J9,CK_c_a,2.0,-1.625,COMPONENT_SIDE_TOP,origin=package_center;+x=right;+y=down,https://www.szyuda88.com/home/8/a/2lhtb2/resource/2021/05/26/60ade38424a32.pdf,9 dimensions;10 top-view ballout,NOMINAL_BALL_CENTER_ONLY_NOT_PCB_LAND_PATTERN
J10,VSS,2.8,-1.625,COMPONENT_SIDE_TOP,origin=package_center;+x=right;+y=down,https://www.szyuda88.com/home/8/a/2lhtb2/resource/2021/05/26/60ade38424a32.pdf,9 dimensions;10 top-view ballout,NOMINAL_BALL_CENTER_ONLY_NOT_PCB_LAND_PATTERN
J11,CA5_a,3.6,-1.625,COMPONENT_SIDE_TOP,origin=package_center;+x=right;+y=down,https://www.szyuda88.com/home/8/a/2lhtb2/resource/2021/05/26/60ade38424a32.pdf,9 dimensions;10 top-view ballout,NOMINAL_BALL_CENTER_ONLY_NOT_PCB_LAND_PATTERN
J12,VSS,4.4,-1.625,COMPONENT_SIDE_TOP,origin=package_center;+x=right;+y=down,https://www.szyuda88.com/home/8/a/2lhtb2/resource/2021/05/26/60ade38424a32.pdf,9 dimensions;10 top-view ballout,NOMINAL_BALL_CENTER_ONLY_NOT_PCB_LAND_PATTERN
K1,VDD2,-4.4,-0.975,COMPONENT_SIDE_TOP,origin=package_center;+x=right;+y=down,https://www.szyuda88.com/home/8/a/2lhtb2/resource/2021/05/26/60ade38424a32.pdf,9 dimensions;10 top-view ballout,NOMINAL_BALL_CENTER_ONLY_NOT_PCB_LAND_PATTERN
K2,VSS,-3.6,-0.975,COMPONENT_SIDE_TOP,origin=package_center;+x=right;+y=down,https://www.szyuda88.com/home/8/a/2lhtb2/resource/2021/05/26/60ade38424a32.pdf,9 dimensions;10 top-view ballout,NOMINAL_BALL_CENTER_ONLY_NOT_PCB_LAND_PATTERN
K3,VDD2,-2.8,-0.975,COMPONENT_SIDE_TOP,origin=package_center;+x=right;+y=down,https://www.szyuda88.com/home/8/a/2lhtb2/resource/2021/05/26/60ade38424a32.pdf,9 dimensions;10 top-view ballout,NOMINAL_BALL_CENTER_ONLY_NOT_PCB_LAND_PATTERN
K4,VSS,-2.0,-0.975,COMPONENT_SIDE_TOP,origin=package_center;+x=right;+y=down,https://www.szyuda88.com/home/8/a/2lhtb2/resource/2021/05/26/60ade38424a32.pdf,9 dimensions;10 top-view ballout,NOMINAL_BALL_CENTER_ONLY_NOT_PCB_LAND_PATTERN
K5,DNU,-1.2,-0.975,COMPONENT_SIDE_TOP,origin=package_center;+x=right;+y=down,https://www.szyuda88.com/home/8/a/2lhtb2/resource/2021/05/26/60ade38424a32.pdf,9 dimensions;10 top-view ballout,NOMINAL_BALL_CENTER_ONLY_NOT_PCB_LAND_PATTERN
K8,DNU,1.2,-0.975,COMPONENT_SIDE_TOP,origin=package_center;+x=right;+y=down,https://www.szyuda88.com/home/8/a/2lhtb2/resource/2021/05/26/60ade38424a32.pdf,9 dimensions;10 top-view ballout,NOMINAL_BALL_CENTER_ONLY_NOT_PCB_LAND_PATTERN
K9,VSS,2.0,-0.975,COMPONENT_SIDE_TOP,origin=package_center;+x=right;+y=down,https://www.szyuda88.com/home/8/a/2lhtb2/resource/2021/05/26/60ade38424a32.pdf,9 dimensions;10 top-view ballout,NOMINAL_BALL_CENTER_ONLY_NOT_PCB_LAND_PATTERN
K10,VDD2,2.8,-0.975,COMPONENT_SIDE_TOP,origin=package_center;+x=right;+y=down,https://www.szyuda88.com/home/8/a/2lhtb2/resource/2021/05/26/60ade38424a32.pdf,9 dimensions;10 top-view ballout,NOMINAL_BALL_CENTER_ONLY_NOT_PCB_LAND_PATTERN
K11,VSS,3.6,-0.975,COMPONENT_SIDE_TOP,origin=package_center;+x=right;+y=down,https://www.szyuda88.com/home/8/a/2lhtb2/resource/2021/05/26/60ade38424a32.pdf,9 dimensions;10 top-view ballout,NOMINAL_BALL_CENTER_ONLY_NOT_PCB_LAND_PATTERN
K12,VDD2,4.4,-0.975,COMPONENT_SIDE_TOP,origin=package_center;+x=right;+y=down,https://www.szyuda88.com/home/8/a/2lhtb2/resource/2021/05/26/60ade38424a32.pdf,9 dimensions;10 top-view ballout,NOMINAL_BALL_CENTER_ONLY_NOT_PCB_LAND_PATTERN
N1,VDD2,-4.4,0.975,COMPONENT_SIDE_TOP,origin=package_center;+x=right;+y=down,https://www.szyuda88.com/home/8/a/2lhtb2/resource/2021/05/26/60ade38424a32.pdf,9 dimensions;10 top-view ballout,NOMINAL_BALL_CENTER_ONLY_NOT_PCB_LAND_PATTERN
N2,VSS,-3.6,0.975,COMPONENT_SIDE_TOP,origin=package_center;+x=right;+y=down,https://www.szyuda88.com/home/8/a/2lhtb2/resource/2021/05/26/60ade38424a32.pdf,9 dimensions;10 top-view ballout,NOMINAL_BALL_CENTER_ONLY_NOT_PCB_LAND_PATTERN
N3,VDD2,-2.8,0.975,COMPONENT_SIDE_TOP,origin=package_center;+x=right;+y=down,https://www.szyuda88.com/home/8/a/2lhtb2/resource/2021/05/26/60ade38424a32.pdf,9 dimensions;10 top-view ballout,NOMINAL_BALL_CENTER_ONLY_NOT_PCB_LAND_PATTERN
N4,VSS,-2.0,0.975,COMPONENT_SIDE_TOP,origin=package_center;+x=right;+y=down,https://www.szyuda88.com/home/8/a/2lhtb2/resource/2021/05/26/60ade38424a32.pdf,9 dimensions;10 top-view ballout,NOMINAL_BALL_CENTER_ONLY_NOT_PCB_LAND_PATTERN
N5,DNU,-1.2,0.975,COMPONENT_SIDE_TOP,origin=package_center;+x=right;+y=down,https://www.szyuda88.com/home/8/a/2lhtb2/resource/2021/05/26/60ade38424a32.pdf,9 dimensions;10 top-view ballout,NOMINAL_BALL_CENTER_ONLY_NOT_PCB_LAND_PATTERN
N8,DNU,1.2,0.975,COMPONENT_SIDE_TOP,origin=package_center;+x=right;+y=down,https://www.szyuda88.com/home/8/a/2lhtb2/resource/2021/05/26/60ade38424a32.pdf,9 dimensions;10 top-view ballout,NOMINAL_BALL_CENTER_ONLY_NOT_PCB_LAND_PATTERN
N9,VSS,2.0,0.975,COMPONENT_SIDE_TOP,origin=package_center;+x=right;+y=down,https://www.szyuda88.com/home/8/a/2lhtb2/resource/2021/05/26/60ade38424a32.pdf,9 dimensions;10 top-view ballout,NOMINAL_BALL_CENTER_ONLY_NOT_PCB_LAND_PATTERN
N10,VDD2,2.8,0.975,COMPONENT_SIDE_TOP,origin=package_center;+x=right;+y=down,https://www.szyuda88.com/home/8/a/2lhtb2/resource/2021/05/26/60ade38424a32.pdf,9 dimensions;10 top-view ballout,NOMINAL_BALL_CENTER_ONLY_NOT_PCB_LAND_PATTERN
N11,VSS,3.6,0.975,COMPONENT_SIDE_TOP,origin=package_center;+x=right;+y=down,https://www.szyuda88.com/home/8/a/2lhtb2/resource/2021/05/26/60ade38424a32.pdf,9 dimensions;10 top-view ballout,NOMINAL_BALL_CENTER_ONLY_NOT_PCB_LAND_PATTERN
N12,VDD2,4.4,0.975,COMPONENT_SIDE_TOP,origin=package_center;+x=right;+y=down,https://www.szyuda88.com/home/8/a/2lhtb2/resource/2021/05/26/60ade38424a32.pdf,9 dimensions;10 top-view ballout,NOMINAL_BALL_CENTER_ONLY_NOT_PCB_LAND_PATTERN
P1,VSS,-4.4,1.625,COMPONENT_SIDE_TOP,origin=package_center;+x=right;+y=down,https://www.szyuda88.com/home/8/a/2lhtb2/resource/2021/05/26/60ade38424a32.pdf,9 dimensions;10 top-view ballout,NOMINAL_BALL_CENTER_ONLY_NOT_PCB_LAND_PATTERN
P2,CA1_b,-3.6,1.625,COMPONENT_SIDE_TOP,origin=package_center;+x=right;+y=down,https://www.szyuda88.com/home/8/a/2lhtb2/resource/2021/05/26/60ade38424a32.pdf,9 dimensions;10 top-view ballout,NOMINAL_BALL_CENTER_ONLY_NOT_PCB_LAND_PATTERN
P3,VSS,-2.8,1.625,COMPONENT_SIDE_TOP,origin=package_center;+x=right;+y=down,https://www.szyuda88.com/home/8/a/2lhtb2/resource/2021/05/26/60ade38424a32.pdf,9 dimensions;10 top-view ballout,NOMINAL_BALL_CENTER_ONLY_NOT_PCB_LAND_PATTERN
P4,CKE_b,-2.0,1.625,COMPONENT_SIDE_TOP,origin=package_center;+x=right;+y=down,https://www.szyuda88.com/home/8/a/2lhtb2/resource/2021/05/26/60ade38424a32.pdf,9 dimensions;10 top-view ballout,NOMINAL_BALL_CENTER_ONLY_NOT_PCB_LAND_PATTERN
P5,NC,-1.2,1.625,COMPONENT_SIDE_TOP,origin=package_center;+x=right;+y=down,https://www.szyuda88.com/home/8/a/2lhtb2/resource/2021/05/26/60ade38424a32.pdf,9 dimensions;10 top-view ballout,NOMINAL_BALL_CENTER_ONLY_NOT_PCB_LAND_PATTERN
P8,CK_t_b,1.2,1.625,COMPONENT_SIDE_TOP,origin=package_center;+x=right;+y=down,https://www.szyuda88.com/home/8/a/2lhtb2/resource/2021/05/26/60ade38424a32.pdf,9 dimensions;10 top-view ballout,NOMINAL_BALL_CENTER_ONLY_NOT_PCB_LAND_PATTERN
P9,CK_c_b,2.0,1.625,COMPONENT_SIDE_TOP,origin=package_center;+x=right;+y=down,https://www.szyuda88.com/home/8/a/2lhtb2/resource/2021/05/26/60ade38424a32.pdf,9 dimensions;10 top-view ballout,NOMINAL_BALL_CENTER_ONLY_NOT_PCB_LAND_PATTERN
P10,VSS,2.8,1.625,COMPONENT_SIDE_TOP,origin=package_center;+x=right;+y=down,https://www.szyuda88.com/home/8/a/2lhtb2/resource/2021/05/26/60ade38424a32.pdf,9 dimensions;10 top-view ballout,NOMINAL_BALL_CENTER_ONLY_NOT_PCB_LAND_PATTERN
P11,CA5_b,3.6,1.625,COMPONENT_SIDE_TOP,origin=package_center;+x=right;+y=down,https://www.szyuda88.com/home/8/a/2lhtb2/resource/2021/05/26/60ade38424a32.pdf,9 dimensions;10 top-view ballout,NOMINAL_BALL_CENTER_ONLY_NOT_PCB_LAND_PATTERN
P12,VSS,4.4,1.625,COMPONENT_SIDE_TOP,origin=package_center;+x=right;+y=down,https://www.szyuda88.com/home/8/a/2lhtb2/resource/2021/05/26/60ade38424a32.pdf,9 dimensions;10 top-view ballout,NOMINAL_BALL_CENTER_ONLY_NOT_PCB_LAND_PATTERN
R1,VDD2,-4.4,2.275,COMPONENT_SIDE_TOP,origin=package_center;+x=right;+y=down,https://www.szyuda88.com/home/8/a/2lhtb2/resource/2021/05/26/60ade38424a32.pdf,9 dimensions;10 top-view ballout,NOMINAL_BALL_CENTER_ONLY_NOT_PCB_LAND_PATTERN
R2,CA0_b,-3.6,2.275,COMPONENT_SIDE_TOP,origin=package_center;+x=right;+y=down,https://www.szyuda88.com/home/8/a/2lhtb2/resource/2021/05/26/60ade38424a32.pdf,9 dimensions;10 top-view ballout,NOMINAL_BALL_CENTER_ONLY_NOT_PCB_LAND_PATTERN
R3,NC,-2.8,2.275,COMPONENT_SIDE_TOP,origin=package_center;+x=right;+y=down,https://www.szyuda88.com/home/8/a/2lhtb2/resource/2021/05/26/60ade38424a32.pdf,9 dimensions;10 top-view ballout,NOMINAL_BALL_CENTER_ONLY_NOT_PCB_LAND_PATTERN
R4,CS_b,-2.0,2.275,COMPONENT_SIDE_TOP,origin=package_center;+x=right;+y=down,https://www.szyuda88.com/home/8/a/2lhtb2/resource/2021/05/26/60ade38424a32.pdf,9 dimensions;10 top-view ballout,NOMINAL_BALL_CENTER_ONLY_NOT_PCB_LAND_PATTERN
R5,VDD2,-1.2,2.275,COMPONENT_SIDE_TOP,origin=package_center;+x=right;+y=down,https://www.szyuda88.com/home/8/a/2lhtb2/resource/2021/05/26/60ade38424a32.pdf,9 dimensions;10 top-view ballout,NOMINAL_BALL_CENTER_ONLY_NOT_PCB_LAND_PATTERN
R8,VDD2,1.2,2.275,COMPONENT_SIDE_TOP,origin=package_center;+x=right;+y=down,https://www.szyuda88.com/home/8/a/2lhtb2/resource/2021/05/26/60ade38424a32.pdf,9 dimensions;10 top-view ballout,NOMINAL_BALL_CENTER_ONLY_NOT_PCB_LAND_PATTERN
R9,CA2_b,2.0,2.275,COMPONENT_SIDE_TOP,origin=package_center;+x=right;+y=down,https://www.szyuda88.com/home/8/a/2lhtb2/resource/2021/05/26/60ade38424a32.pdf,9 dimensions;10 top-view ballout,NOMINAL_BALL_CENTER_ONLY_NOT_PCB_LAND_PATTERN
R10,CA3_b,2.8,2.275,COMPONENT_SIDE_TOP,origin=package_center;+x=right;+y=down,https://www.szyuda88.com/home/8/a/2lhtb2/resource/2021/05/26/60ade38424a32.pdf,9 dimensions;10 top-view ballout,NOMINAL_BALL_CENTER_ONLY_NOT_PCB_LAND_PATTERN
R11,CA4_b,3.6,2.275,COMPONENT_SIDE_TOP,origin=package_center;+x=right;+y=down,https://www.szyuda88.com/home/8/a/2lhtb2/resource/2021/05/26/60ade38424a32.pdf,9 dimensions;10 top-view ballout,NOMINAL_BALL_CENTER_ONLY_NOT_PCB_LAND_PATTERN
R12,VDD2,4.4,2.275,COMPONENT_SIDE_TOP,origin=package_center;+x=right;+y=down,https://www.szyuda88.com/home/8/a/2lhtb2/resource/2021/05/26/60ade38424a32.pdf,9 dimensions;10 top-view ballout,NOMINAL_BALL_CENTER_ONLY_NOT_PCB_LAND_PATTERN
T1,VSS,-4.4,2.925,COMPONENT_SIDE_TOP,origin=package_center;+x=right;+y=down,https://www.szyuda88.com/home/8/a/2lhtb2/resource/2021/05/26/60ade38424a32.pdf,9 dimensions;10 top-view ballout,NOMINAL_BALL_CENTER_ONLY_NOT_PCB_LAND_PATTERN
T2,ODT_CA_b,-3.6,2.925,COMPONENT_SIDE_TOP,origin=package_center;+x=right;+y=down,https://www.szyuda88.com/home/8/a/2lhtb2/resource/2021/05/26/60ade38424a32.pdf,9 dimensions;10 top-view ballout,NOMINAL_BALL_CENTER_ONLY_NOT_PCB_LAND_PATTERN
T3,VSS,-2.8,2.925,COMPONENT_SIDE_TOP,origin=package_center;+x=right;+y=down,https://www.szyuda88.com/home/8/a/2lhtb2/resource/2021/05/26/60ade38424a32.pdf,9 dimensions;10 top-view ballout,NOMINAL_BALL_CENTER_ONLY_NOT_PCB_LAND_PATTERN
T4,VDD1,-2.0,2.925,COMPONENT_SIDE_TOP,origin=package_center;+x=right;+y=down,https://www.szyuda88.com/home/8/a/2lhtb2/resource/2021/05/26/60ade38424a32.pdf,9 dimensions;10 top-view ballout,NOMINAL_BALL_CENTER_ONLY_NOT_PCB_LAND_PATTERN
T5,VSS,-1.2,2.925,COMPONENT_SIDE_TOP,origin=package_center;+x=right;+y=down,https://www.szyuda88.com/home/8/a/2lhtb2/resource/2021/05/26/60ade38424a32.pdf,9 dimensions;10 top-view ballout,NOMINAL_BALL_CENTER_ONLY_NOT_PCB_LAND_PATTERN
T8,VSS,1.2,2.925,COMPONENT_SIDE_TOP,origin=package_center;+x=right;+y=down,https://www.szyuda88.com/home/8/a/2lhtb2/resource/2021/05/26/60ade38424a32.pdf,9 dimensions;10 top-view ballout,NOMINAL_BALL_CENTER_ONLY_NOT_PCB_LAND_PATTERN
T9,VDD1,2.0,2.925,COMPONENT_SIDE_TOP,origin=package_center;+x=right;+y=down,https://www.szyuda88.com/home/8/a/2lhtb2/resource/2021/05/26/60ade38424a32.pdf,9 dimensions;10 top-view ballout,NOMINAL_BALL_CENTER_ONLY_NOT_PCB_LAND_PATTERN
T10,VSS,2.8,2.925,COMPONENT_SIDE_TOP,origin=package_center;+x=right;+y=down,https://www.szyuda88.com/home/8/a/2lhtb2/resource/2021/05/26/60ade38424a32.pdf,9 dimensions;10 top-view ballout,NOMINAL_BALL_CENTER_ONLY_NOT_PCB_LAND_PATTERN
T11,RESET_n,3.6,2.925,COMPONENT_SIDE_TOP,origin=package_center;+x=right;+y=down,https://www.szyuda88.com/home/8/a/2lhtb2/resource/2021/05/26/60ade38424a32.pdf,9 dimensions;10 top-view ballout,NOMINAL_BALL_CENTER_ONLY_NOT_PCB_LAND_PATTERN
T12,VSS,4.4,2.925,COMPONENT_SIDE_TOP,origin=package_center;+x=right;+y=down,https://www.szyuda88.com/home/8/a/2lhtb2/resource/2021/05/26/60ade38424a32.pdf,9 dimensions;10 top-view ballout,NOMINAL_BALL_CENTER_ONLY_NOT_PCB_LAND_PATTERN
U1,VDD1,-4.4,3.575,COMPONENT_SIDE_TOP,origin=package_center;+x=right;+y=down,https://www.szyuda88.com/home/8/a/2lhtb2/resource/2021/05/26/60ade38424a32.pdf,9 dimensions;10 top-view ballout,NOMINAL_BALL_CENTER_ONLY_NOT_PCB_LAND_PATTERN
U2,DQ3_b,-3.6,3.575,COMPONENT_SIDE_TOP,origin=package_center;+x=right;+y=down,https://www.szyuda88.com/home/8/a/2lhtb2/resource/2021/05/26/60ade38424a32.pdf,9 dimensions;10 top-view ballout,NOMINAL_BALL_CENTER_ONLY_NOT_PCB_LAND_PATTERN
U3,VDDQ,-2.8,3.575,COMPONENT_SIDE_TOP,origin=package_center;+x=right;+y=down,https://www.szyuda88.com/home/8/a/2lhtb2/resource/2021/05/26/60ade38424a32.pdf,9 dimensions;10 top-view ballout,NOMINAL_BALL_CENTER_ONLY_NOT_PCB_LAND_PATTERN
U4,DQ4_b,-2.0,3.575,COMPONENT_SIDE_TOP,origin=package_center;+x=right;+y=down,https://www.szyuda88.com/home/8/a/2lhtb2/resource/2021/05/26/60ade38424a32.pdf,9 dimensions;10 top-view ballout,NOMINAL_BALL_CENTER_ONLY_NOT_PCB_LAND_PATTERN
U5,VDD2,-1.2,3.575,COMPONENT_SIDE_TOP,origin=package_center;+x=right;+y=down,https://www.szyuda88.com/home/8/a/2lhtb2/resource/2021/05/26/60ade38424a32.pdf,9 dimensions;10 top-view ballout,NOMINAL_BALL_CENTER_ONLY_NOT_PCB_LAND_PATTERN
U8,VDD2,1.2,3.575,COMPONENT_SIDE_TOP,origin=package_center;+x=right;+y=down,https://www.szyuda88.com/home/8/a/2lhtb2/resource/2021/05/26/60ade38424a32.pdf,9 dimensions;10 top-view ballout,NOMINAL_BALL_CENTER_ONLY_NOT_PCB_LAND_PATTERN
U9,DQ12_b,2.0,3.575,COMPONENT_SIDE_TOP,origin=package_center;+x=right;+y=down,https://www.szyuda88.com/home/8/a/2lhtb2/resource/2021/05/26/60ade38424a32.pdf,9 dimensions;10 top-view ballout,NOMINAL_BALL_CENTER_ONLY_NOT_PCB_LAND_PATTERN
U10,VDDQ,2.8,3.575,COMPONENT_SIDE_TOP,origin=package_center;+x=right;+y=down,https://www.szyuda88.com/home/8/a/2lhtb2/resource/2021/05/26/60ade38424a32.pdf,9 dimensions;10 top-view ballout,NOMINAL_BALL_CENTER_ONLY_NOT_PCB_LAND_PATTERN
U11,DQ11_b,3.6,3.575,COMPONENT_SIDE_TOP,origin=package_center;+x=right;+y=down,https://www.szyuda88.com/home/8/a/2lhtb2/resource/2021/05/26/60ade38424a32.pdf,9 dimensions;10 top-view ballout,NOMINAL_BALL_CENTER_ONLY_NOT_PCB_LAND_PATTERN
U12,VDD1,4.4,3.575,COMPONENT_SIDE_TOP,origin=package_center;+x=right;+y=down,https://www.szyuda88.com/home/8/a/2lhtb2/resource/2021/05/26/60ade38424a32.pdf,9 dimensions;10 top-view ballout,NOMINAL_BALL_CENTER_ONLY_NOT_PCB_LAND_PATTERN
V1,VSS,-4.4,4.225,COMPONENT_SIDE_TOP,origin=package_center;+x=right;+y=down,https://www.szyuda88.com/home/8/a/2lhtb2/resource/2021/05/26/60ade38424a32.pdf,9 dimensions;10 top-view ballout,NOMINAL_BALL_CENTER_ONLY_NOT_PCB_LAND_PATTERN
V2,DQ2_b,-3.6,4.225,COMPONENT_SIDE_TOP,origin=package_center;+x=right;+y=down,https://www.szyuda88.com/home/8/a/2lhtb2/resource/2021/05/26/60ade38424a32.pdf,9 dimensions;10 top-view ballout,NOMINAL_BALL_CENTER_ONLY_NOT_PCB_LAND_PATTERN
V3,DQS0_c_b,-2.8,4.225,COMPONENT_SIDE_TOP,origin=package_center;+x=right;+y=down,https://www.szyuda88.com/home/8/a/2lhtb2/resource/2021/05/26/60ade38424a32.pdf,9 dimensions;10 top-view ballout,NOMINAL_BALL_CENTER_ONLY_NOT_PCB_LAND_PATTERN
V4,DQ5_b,-2.0,4.225,COMPONENT_SIDE_TOP,origin=package_center;+x=right;+y=down,https://www.szyuda88.com/home/8/a/2lhtb2/resource/2021/05/26/60ade38424a32.pdf,9 dimensions;10 top-view ballout,NOMINAL_BALL_CENTER_ONLY_NOT_PCB_LAND_PATTERN
V5,VSS,-1.2,4.225,COMPONENT_SIDE_TOP,origin=package_center;+x=right;+y=down,https://www.szyuda88.com/home/8/a/2lhtb2/resource/2021/05/26/60ade38424a32.pdf,9 dimensions;10 top-view ballout,NOMINAL_BALL_CENTER_ONLY_NOT_PCB_LAND_PATTERN
V8,VSS,1.2,4.225,COMPONENT_SIDE_TOP,origin=package_center;+x=right;+y=down,https://www.szyuda88.com/home/8/a/2lhtb2/resource/2021/05/26/60ade38424a32.pdf,9 dimensions;10 top-view ballout,NOMINAL_BALL_CENTER_ONLY_NOT_PCB_LAND_PATTERN
V9,DQ13_b,2.0,4.225,COMPONENT_SIDE_TOP,origin=package_center;+x=right;+y=down,https://www.szyuda88.com/home/8/a/2lhtb2/resource/2021/05/26/60ade38424a32.pdf,9 dimensions;10 top-view ballout,NOMINAL_BALL_CENTER_ONLY_NOT_PCB_LAND_PATTERN
V10,DQS1_c_b,2.8,4.225,COMPONENT_SIDE_TOP,origin=package_center;+x=right;+y=down,https://www.szyuda88.com/home/8/a/2lhtb2/resource/2021/05/26/60ade38424a32.pdf,9 dimensions;10 top-view ballout,NOMINAL_BALL_CENTER_ONLY_NOT_PCB_LAND_PATTERN
V11,DQ10_b,3.6,4.225,COMPONENT_SIDE_TOP,origin=package_center;+x=right;+y=down,https://www.szyuda88.com/home/8/a/2lhtb2/resource/2021/05/26/60ade38424a32.pdf,9 dimensions;10 top-view ballout,NOMINAL_BALL_CENTER_ONLY_NOT_PCB_LAND_PATTERN
V12,VSS,4.4,4.225,COMPONENT_SIDE_TOP,origin=package_center;+x=right;+y=down,https://www.szyuda88.com/home/8/a/2lhtb2/resource/2021/05/26/60ade38424a32.pdf,9 dimensions;10 top-view ballout,NOMINAL_BALL_CENTER_ONLY_NOT_PCB_LAND_PATTERN
W1,VDDQ,-4.4,4.875,COMPONENT_SIDE_TOP,origin=package_center;+x=right;+y=down,https://www.szyuda88.com/home/8/a/2lhtb2/resource/2021/05/26/60ade38424a32.pdf,9 dimensions;10 top-view ballout,NOMINAL_BALL_CENTER_ONLY_NOT_PCB_LAND_PATTERN
W2,VSS,-3.6,4.875,COMPONENT_SIDE_TOP,origin=package_center;+x=right;+y=down,https://www.szyuda88.com/home/8/a/2lhtb2/resource/2021/05/26/60ade38424a32.pdf,9 dimensions;10 top-view ballout,NOMINAL_BALL_CENTER_ONLY_NOT_PCB_LAND_PATTERN
W3,DQS0_t_b,-2.8,4.875,COMPONENT_SIDE_TOP,origin=package_center;+x=right;+y=down,https://www.szyuda88.com/home/8/a/2lhtb2/resource/2021/05/26/60ade38424a32.pdf,9 dimensions;10 top-view ballout,NOMINAL_BALL_CENTER_ONLY_NOT_PCB_LAND_PATTERN
W4,VSS,-2.0,4.875,COMPONENT_SIDE_TOP,origin=package_center;+x=right;+y=down,https://www.szyuda88.com/home/8/a/2lhtb2/resource/2021/05/26/60ade38424a32.pdf,9 dimensions;10 top-view ballout,NOMINAL_BALL_CENTER_ONLY_NOT_PCB_LAND_PATTERN
W5,VDDQ,-1.2,4.875,COMPONENT_SIDE_TOP,origin=package_center;+x=right;+y=down,https://www.szyuda88.com/home/8/a/2lhtb2/resource/2021/05/26/60ade38424a32.pdf,9 dimensions;10 top-view ballout,NOMINAL_BALL_CENTER_ONLY_NOT_PCB_LAND_PATTERN
W8,VDDQ,1.2,4.875,COMPONENT_SIDE_TOP,origin=package_center;+x=right;+y=down,https://www.szyuda88.com/home/8/a/2lhtb2/resource/2021/05/26/60ade38424a32.pdf,9 dimensions;10 top-view ballout,NOMINAL_BALL_CENTER_ONLY_NOT_PCB_LAND_PATTERN
W9,VSS,2.0,4.875,COMPONENT_SIDE_TOP,origin=package_center;+x=right;+y=down,https://www.szyuda88.com/home/8/a/2lhtb2/resource/2021/05/26/60ade38424a32.pdf,9 dimensions;10 top-view ballout,NOMINAL_BALL_CENTER_ONLY_NOT_PCB_LAND_PATTERN
W10,DQS1_t_b,2.8,4.875,COMPONENT_SIDE_TOP,origin=package_center;+x=right;+y=down,https://www.szyuda88.com/home/8/a/2lhtb2/resource/2021/05/26/60ade38424a32.pdf,9 dimensions;10 top-view ballout,NOMINAL_BALL_CENTER_ONLY_NOT_PCB_LAND_PATTERN
W11,VSS,3.6,4.875,COMPONENT_SIDE_TOP,origin=package_center;+x=right;+y=down,https://www.szyuda88.com/home/8/a/2lhtb2/resource/2021/05/26/60ade38424a32.pdf,9 dimensions;10 top-view ballout,NOMINAL_BALL_CENTER_ONLY_NOT_PCB_LAND_PATTERN
W12,VDDQ,4.4,4.875,COMPONENT_SIDE_TOP,origin=package_center;+x=right;+y=down,https://www.szyuda88.com/home/8/a/2lhtb2/resource/2021/05/26/60ade38424a32.pdf,9 dimensions;10 top-view ballout,NOMINAL_BALL_CENTER_ONLY_NOT_PCB_LAND_PATTERN
Y1,VSS,-4.4,5.525,COMPONENT_SIDE_TOP,origin=package_center;+x=right;+y=down,https://www.szyuda88.com/home/8/a/2lhtb2/resource/2021/05/26/60ade38424a32.pdf,9 dimensions;10 top-view ballout,NOMINAL_BALL_CENTER_ONLY_NOT_PCB_LAND_PATTERN
Y2,DQ1_b,-3.6,5.525,COMPONENT_SIDE_TOP,origin=package_center;+x=right;+y=down,https://www.szyuda88.com/home/8/a/2lhtb2/resource/2021/05/26/60ade38424a32.pdf,9 dimensions;10 top-view ballout,NOMINAL_BALL_CENTER_ONLY_NOT_PCB_LAND_PATTERN
Y3,DMI0_b,-2.8,5.525,COMPONENT_SIDE_TOP,origin=package_center;+x=right;+y=down,https://www.szyuda88.com/home/8/a/2lhtb2/resource/2021/05/26/60ade38424a32.pdf,9 dimensions;10 top-view ballout,NOMINAL_BALL_CENTER_ONLY_NOT_PCB_LAND_PATTERN
Y4,DQ6_b,-2.0,5.525,COMPONENT_SIDE_TOP,origin=package_center;+x=right;+y=down,https://www.szyuda88.com/home/8/a/2lhtb2/resource/2021/05/26/60ade38424a32.pdf,9 dimensions;10 top-view ballout,NOMINAL_BALL_CENTER_ONLY_NOT_PCB_LAND_PATTERN
Y5,VSS,-1.2,5.525,COMPONENT_SIDE_TOP,origin=package_center;+x=right;+y=down,https://www.szyuda88.com/home/8/a/2lhtb2/resource/2021/05/26/60ade38424a32.pdf,9 dimensions;10 top-view ballout,NOMINAL_BALL_CENTER_ONLY_NOT_PCB_LAND_PATTERN
Y8,VSS,1.2,5.525,COMPONENT_SIDE_TOP,origin=package_center;+x=right;+y=down,https://www.szyuda88.com/home/8/a/2lhtb2/resource/2021/05/26/60ade38424a32.pdf,9 dimensions;10 top-view ballout,NOMINAL_BALL_CENTER_ONLY_NOT_PCB_LAND_PATTERN
Y9,DQ14_b,2.0,5.525,COMPONENT_SIDE_TOP,origin=package_center;+x=right;+y=down,https://www.szyuda88.com/home/8/a/2lhtb2/resource/2021/05/26/60ade38424a32.pdf,9 dimensions;10 top-view ballout,NOMINAL_BALL_CENTER_ONLY_NOT_PCB_LAND_PATTERN
Y10,DMI1_b,2.8,5.525,COMPONENT_SIDE_TOP,origin=package_center;+x=right;+y=down,https://www.szyuda88.com/home/8/a/2lhtb2/resource/2021/05/26/60ade38424a32.pdf,9 dimensions;10 top-view ballout,NOMINAL_BALL_CENTER_ONLY_NOT_PCB_LAND_PATTERN
Y11,DQ9_b,3.6,5.525,COMPONENT_SIDE_TOP,origin=package_center;+x=right;+y=down,https://www.szyuda88.com/home/8/a/2lhtb2/resource/2021/05/26/60ade38424a32.pdf,9 dimensions;10 top-view ballout,NOMINAL_BALL_CENTER_ONLY_NOT_PCB_LAND_PATTERN
Y12,VSS,4.4,5.525,COMPONENT_SIDE_TOP,origin=package_center;+x=right;+y=down,https://www.szyuda88.com/home/8/a/2lhtb2/resource/2021/05/26/60ade38424a32.pdf,9 dimensions;10 top-view ballout,NOMINAL_BALL_CENTER_ONLY_NOT_PCB_LAND_PATTERN
AA1,DNU,-4.4,6.175,COMPONENT_SIDE_TOP,origin=package_center;+x=right;+y=down,https://www.szyuda88.com/home/8/a/2lhtb2/resource/2021/05/26/60ade38424a32.pdf,9 dimensions;10 top-view ballout,NOMINAL_BALL_CENTER_ONLY_NOT_PCB_LAND_PATTERN
AA2,DQ0_b,-3.6,6.175,COMPONENT_SIDE_TOP,origin=package_center;+x=right;+y=down,https://www.szyuda88.com/home/8/a/2lhtb2/resource/2021/05/26/60ade38424a32.pdf,9 dimensions;10 top-view ballout,NOMINAL_BALL_CENTER_ONLY_NOT_PCB_LAND_PATTERN
AA3,VDDQ,-2.8,6.175,COMPONENT_SIDE_TOP,origin=package_center;+x=right;+y=down,https://www.szyuda88.com/home/8/a/2lhtb2/resource/2021/05/26/60ade38424a32.pdf,9 dimensions;10 top-view ballout,NOMINAL_BALL_CENTER_ONLY_NOT_PCB_LAND_PATTERN
AA4,DQ7_b,-2.0,6.175,COMPONENT_SIDE_TOP,origin=package_center;+x=right;+y=down,https://www.szyuda88.com/home/8/a/2lhtb2/resource/2021/05/26/60ade38424a32.pdf,9 dimensions;10 top-view ballout,NOMINAL_BALL_CENTER_ONLY_NOT_PCB_LAND_PATTERN
AA5,VDDQ,-1.2,6.175,COMPONENT_SIDE_TOP,origin=package_center;+x=right;+y=down,https://www.szyuda88.com/home/8/a/2lhtb2/resource/2021/05/26/60ade38424a32.pdf,9 dimensions;10 top-view ballout,NOMINAL_BALL_CENTER_ONLY_NOT_PCB_LAND_PATTERN
AA8,VDDQ,1.2,6.175,COMPONENT_SIDE_TOP,origin=package_center;+x=right;+y=down,https://www.szyuda88.com/home/8/a/2lhtb2/resource/2021/05/26/60ade38424a32.pdf,9 dimensions;10 top-view ballout,NOMINAL_BALL_CENTER_ONLY_NOT_PCB_LAND_PATTERN
AA9,DQ15_b,2.0,6.175,COMPONENT_SIDE_TOP,origin=package_center;+x=right;+y=down,https://www.szyuda88.com/home/8/a/2lhtb2/resource/2021/05/26/60ade38424a32.pdf,9 dimensions;10 top-view ballout,NOMINAL_BALL_CENTER_ONLY_NOT_PCB_LAND_PATTERN
AA10,VDDQ,2.8,6.175,COMPONENT_SIDE_TOP,origin=package_center;+x=right;+y=down,https://www.szyuda88.com/home/8/a/2lhtb2/resource/2021/05/26/60ade38424a32.pdf,9 dimensions;10 top-view ballout,NOMINAL_BALL_CENTER_ONLY_NOT_PCB_LAND_PATTERN
AA11,DQ8_b,3.6,6.175,COMPONENT_SIDE_TOP,origin=package_center;+x=right;+y=down,https://www.szyuda88.com/home/8/a/2lhtb2/resource/2021/05/26/60ade38424a32.pdf,9 dimensions;10 top-view ballout,NOMINAL_BALL_CENTER_ONLY_NOT_PCB_LAND_PATTERN
AA12,DNU,4.4,6.175,COMPONENT_SIDE_TOP,origin=package_center;+x=right;+y=down,https://www.szyuda88.com/home/8/a/2lhtb2/resource/2021/05/26/60ade38424a32.pdf,9 dimensions;10 top-view ballout,NOMINAL_BALL_CENTER_ONLY_NOT_PCB_LAND_PATTERN
AB1,DNU,-4.4,6.825,COMPONENT_SIDE_TOP,origin=package_center;+x=right;+y=down,https://www.szyuda88.com/home/8/a/2lhtb2/resource/2021/05/26/60ade38424a32.pdf,9 dimensions;10 top-view ballout,NOMINAL_BALL_CENTER_ONLY_NOT_PCB_LAND_PATTERN
AB2,DNU,-3.6,6.825,COMPONENT_SIDE_TOP,origin=package_center;+x=right;+y=down,https://www.szyuda88.com/home/8/a/2lhtb2/resource/2021/05/26/60ade38424a32.pdf,9 dimensions;10 top-view ballout,NOMINAL_BALL_CENTER_ONLY_NOT_PCB_LAND_PATTERN
AB3,VSS,-2.8,6.825,COMPONENT_SIDE_TOP,origin=package_center;+x=right;+y=down,https://www.szyuda88.com/home/8/a/2lhtb2/resource/2021/05/26/60ade38424a32.pdf,9 dimensions;10 top-view ballout,NOMINAL_BALL_CENTER_ONLY_NOT_PCB_LAND_PATTERN
AB4,VDD2,-2.0,6.825,COMPONENT_SIDE_TOP,origin=package_center;+x=right;+y=down,https://www.szyuda88.com/home/8/a/2lhtb2/resource/2021/05/26/60ade38424a32.pdf,9 dimensions;10 top-view ballout,NOMINAL_BALL_CENTER_ONLY_NOT_PCB_LAND_PATTERN
AB5,VSS,-1.2,6.825,COMPONENT_SIDE_TOP,origin=package_center;+x=right;+y=down,https://www.szyuda88.com/home/8/a/2lhtb2/resource/2021/05/26/60ade38424a32.pdf,9 dimensions;10 top-view ballout,NOMINAL_BALL_CENTER_ONLY_NOT_PCB_LAND_PATTERN
AB8,VSS,1.2,6.825,COMPONENT_SIDE_TOP,origin=package_center;+x=right;+y=down,https://www.szyuda88.com/home/8/a/2lhtb2/resource/2021/05/26/60ade38424a32.pdf,9 dimensions;10 top-view ballout,NOMINAL_BALL_CENTER_ONLY_NOT_PCB_LAND_PATTERN
AB9,VDD2,2.0,6.825,COMPONENT_SIDE_TOP,origin=package_center;+x=right;+y=down,https://www.szyuda88.com/home/8/a/2lhtb2/resource/2021/05/26/60ade38424a32.pdf,9 dimensions;10 top-view ballout,NOMINAL_BALL_CENTER_ONLY_NOT_PCB_LAND_PATTERN
AB10,VSS,2.8,6.825,COMPONENT_SIDE_TOP,origin=package_center;+x=right;+y=down,https://www.szyuda88.com/home/8/a/2lhtb2/resource/2021/05/26/60ade38424a32.pdf,9 dimensions;10 top-view ballout,NOMINAL_BALL_CENTER_ONLY_NOT_PCB_LAND_PATTERN
AB11,DNU,3.6,6.825,COMPONENT_SIDE_TOP,origin=package_center;+x=right;+y=down,https://www.szyuda88.com/home/8/a/2lhtb2/resource/2021/05/26/60ade38424a32.pdf,9 dimensions;10 top-view ballout,NOMINAL_BALL_CENTER_ONLY_NOT_PCB_LAND_PATTERN
AB12,DNU,4.4,6.825,COMPONENT_SIDE_TOP,origin=package_center;+x=right;+y=down,https://www.szyuda88.com/home/8/a/2lhtb2/resource/2021/05/26/60ade38424a32.pdf,9 dimensions;10 top-view ballout,NOMINAL_BALL_CENTER_ONLY_NOT_PCB_LAND_PATTERN
