pin,side,module_x_mm,module_y_mm,carrier_x_mm,carrier_y_mm,hole_mm,copper_x_mm,copper_y_mm
1,south,-17,19.0,-17.000002,18.746,0.5,0.8,1.8
2,south,-16,19.0,-15.999998,18.746,0.5,0.8,1.8
3,south,-15,19.0,-14.999998,18.746,0.5,0.8,1.8
4,south,-14,19.0,-14.0,18.746,0.5,0.8,1.8
5,south,-13,19.0,-12.999999,18.746,0.5,0.8,1.8
6,south,-12,19.0,-11.999999,18.746,0.5,0.8,1.8
7,south,-11,19.0,-10.999998,18.746,0.5,0.8,1.8
8,south,-10,19.0,-10.0,18.746,0.5,0.8,1.8
9,south,-9,19.0,-9.0,18.746,0.5,0.8,1.8
10,south,-8,19.0,-7.999999,18.746,0.5,0.8,1.8
11,south,-7,19.0,-6.999999,18.746,0.5,0.8,1.8
12,south,-6,19.0,-6.000001,18.746,0.5,0.8,1.8
13,south,-5,19.0,-5.0,18.746,0.5,0.8,1.8
14,south,-4,19.0,-4.0,18.746,0.5,0.8,1.8
15,south,-3,19.0,-2.999999,18.746,0.5,0.8,1.8
16,south,-2,19.0,-2.000001,18.746,0.5,0.8,1.8
17,south,-1,19.0,-1.000001,18.746,0.5,0.8,1.8
18,south,0,19.0,0.0,18.746,0.5,0.8,1.8
19,south,1,19.0,0.999998,18.746,0.5,0.8,1.8
20,south,2,19.0,1.999999,18.746,0.5,0.8,1.8
21,south,3,19.0,2.999997,18.746,0.5,0.8,1.8
22,south,4,19.0,3.999997,18.746,0.5,0.8,1.8
23,south,5,19.0,5.0,18.746,0.5,0.8,1.8
24,south,6,19.0,6.000001,18.746,0.5,0.8,1.8
25,south,7,19.0,6.999999,18.746,0.5,0.8,1.8
26,south,8,19.0,7.999999,18.746,0.5,0.8,1.8
27,south,9,19.0,9.0,18.746,0.5,0.8,1.8
28,south,10,19.0,10.0,18.746,0.5,0.8,1.8
29,south,11,19.0,10.999998,18.746,0.5,0.8,1.8
30,south,12,19.0,11.999999,18.746,0.5,0.8,1.8
31,south,13,19.0,12.999999,18.746,0.5,0.8,1.8
32,south,14,19.0,14.0,18.746,0.5,0.8,1.8
33,south,15,19.0,14.999998,18.746,0.5,0.8,1.8
34,south,16,19.0,15.999998,18.746,0.5,0.8,1.8
35,south,17,19.0,16.999996,18.746,0.5,0.8,1.8
36,east,19.0,17,18.745998,16.999999,0.5,1.8,0.8
37,east,19.0,16,18.745998,15.999998,0.5,1.8,0.8
38,east,19.0,15,18.745998,14.999998,0.5,1.8,0.8
39,east,19.0,14,18.745998,14.0,0.5,1.8,0.8
40,east,19.0,13,18.745998,12.999999,0.5,1.8,0.8
41,east,19.0,12,18.745998,11.999999,0.5,1.8,0.8
42,east,19.0,11,18.745998,10.999998,0.5,1.8,0.8
43,east,19.0,10,18.745998,10.0,0.5,1.8,0.8
44,east,19.0,9,18.745998,9.0,0.5,1.8,0.8
45,east,19.0,8,18.745998,7.999999,0.5,1.8,0.8
46,east,19.0,7,18.745998,6.999999,0.5,1.8,0.8
47,east,19.0,6,18.745998,6.000001,0.5,1.8,0.8
48,east,19.0,5,18.745998,5.0,0.5,1.8,0.8
49,east,19.0,4,18.745998,4.0,0.5,1.8,0.8
50,east,19.0,3,18.745998,2.999999,0.5,1.8,0.8
51,east,19.0,2,18.745998,2.000001,0.5,1.8,0.8
52,east,19.0,1,18.745998,1.000001,0.5,1.8,0.8
53,east,19.0,0,18.745998,0.0,0.5,1.8,0.8
54,east,19.0,-1,18.745998,-1.000001,0.5,1.8,0.8
55,east,19.0,-2,18.745998,-2.000001,0.5,1.8,0.8
56,east,19.0,-3,18.745998,-2.999999,0.5,1.8,0.8
57,east,19.0,-4,18.745998,-4.0,0.5,1.8,0.8
58,east,19.0,-5,18.745998,-5.0,0.5,1.8,0.8
59,east,19.0,-6,18.745998,-6.000001,0.5,1.8,0.8
60,east,19.0,-7,18.745998,-6.999999,0.5,1.8,0.8
61,east,19.0,-8,18.745998,-7.999999,0.5,1.8,0.8
62,east,19.0,-9,18.745998,-9.0,0.5,1.8,0.8
63,east,19.0,-10,18.745998,-10.0,0.5,1.8,0.8
64,east,19.0,-11,18.745998,-10.999998,0.5,1.8,0.8
65,east,19.0,-12,18.745998,-11.999999,0.5,1.8,0.8
66,east,19.0,-13,18.745998,-12.999999,0.5,1.8,0.8
67,east,19.0,-14,18.745998,-14.0,0.5,1.8,0.8
68,east,19.0,-15,18.745998,-14.999998,0.5,1.8,0.8
69,east,19.0,-16,18.745998,-15.999998,0.5,1.8,0.8
70,east,19.0,-17,18.745998,-16.999999,0.5,1.8,0.8
71,north,17,-19.0,16.999996,-18.746,0.5,0.8,1.8
72,north,16,-19.0,15.999998,-18.746,0.5,0.8,1.8
73,north,15,-19.0,14.999998,-18.746,0.5,0.8,1.8
74,north,14,-19.0,14.0,-18.746,0.5,0.8,1.8
75,north,13,-19.0,12.999999,-18.746,0.5,0.8,1.8
76,north,12,-19.0,11.999999,-18.746,0.5,0.8,1.8
77,north,11,-19.0,10.999998,-18.746,0.5,0.8,1.8
78,north,10,-19.0,10.0,-18.746,0.5,0.8,1.8
79,north,9,-19.0,9.0,-18.746,0.5,0.8,1.8
80,north,8,-19.0,7.999999,-18.746,0.5,0.8,1.8
81,north,7,-19.0,6.999999,-18.746,0.5,0.8,1.8
82,north,6,-19.0,6.000001,-18.746,0.5,0.8,1.8
83,north,5,-19.0,5.0,-18.746,0.5,0.8,1.8
84,north,4,-19.0,3.999997,-18.746,0.5,0.8,1.8
85,north,3,-19.0,2.999997,-18.746,0.5,0.8,1.8
86,north,2,-19.0,1.999999,-18.746,0.5,0.8,1.8
87,north,1,-19.0,0.999998,-18.746,0.5,0.8,1.8
88,north,0,-19.0,0.0,-18.746,0.5,0.8,1.8
89,north,-1,-19.0,-1.000001,-18.746,0.5,0.8,1.8
90,north,-2,-19.0,-2.000001,-18.746,0.5,0.8,1.8
91,north,-3,-19.0,-2.999999,-18.746,0.5,0.8,1.8
92,north,-4,-19.0,-4.0,-18.746,0.5,0.8,1.8
93,north,-5,-19.0,-5.0,-18.746,0.5,0.8,1.8
94,north,-6,-19.0,-6.000001,-18.746,0.5,0.8,1.8
95,north,-7,-19.0,-6.999999,-18.746,0.5,0.8,1.8
96,north,-8,-19.0,-7.999999,-18.746,0.5,0.8,1.8
97,north,-9,-19.0,-9.0,-18.746,0.5,0.8,1.8
98,north,-10,-19.0,-10.0,-18.746,0.5,0.8,1.8
99,north,-11,-19.0,-10.999998,-18.746,0.5,0.8,1.8
100,north,-12,-19.0,-11.999999,-18.746,0.5,0.8,1.8
101,north,-13,-19.0,-12.999999,-18.746,0.5,0.8,1.8
102,north,-14,-19.0,-14.0,-18.746,0.5,0.8,1.8
103,north,-15,-19.0,-14.999998,-18.746,0.5,0.8,1.8
104,north,-16,-19.0,-15.999998,-18.746,0.5,0.8,1.8
105,north,-17,-19.0,-17.000002,-18.746,0.5,0.8,1.8
106,west,-19.0,-17,-18.746,-16.999999,0.5,1.8,0.8
107,west,-19.0,-16,-18.746,-15.999998,0.5,1.8,0.8
108,west,-19.0,-15,-18.746,-14.999998,0.5,1.8,0.8
109,west,-19.0,-14,-18.746,-14.0,0.5,1.8,0.8
110,west,-19.0,-13,-18.746,-12.999999,0.5,1.8,0.8
111,west,-19.0,-12,-18.746,-11.999999,0.5,1.8,0.8
112,west,-19.0,-11,-18.746,-10.999998,0.5,1.8,0.8
113,west,-19.0,-10,-18.746,-10.0,0.5,1.8,0.8
114,west,-19.0,-9,-18.746,-9.0,0.5,1.8,0.8
115,west,-19.0,-8,-18.746,-7.999999,0.5,1.8,0.8
116,west,-19.0,-7,-18.746,-6.999999,0.5,1.8,0.8
117,west,-19.0,-6,-18.746,-6.000001,0.5,1.8,0.8
118,west,-19.0,-5,-18.746,-5.0,0.5,1.8,0.8
119,west,-19.0,-4,-18.746,-4.0,0.5,1.8,0.8
120,west,-19.0,-3,-18.746,-2.999999,0.5,1.8,0.8
121,west,-19.0,-2,-18.746,-2.000001,0.5,1.8,0.8
122,west,-19.0,-1,-18.746,-1.000001,0.5,1.8,0.8
123,west,-19.0,0,-18.746,0.0,0.5,1.8,0.8
124,west,-19.0,1,-18.746,1.000001,0.5,1.8,0.8
125,west,-19.0,2,-18.746,2.000001,0.5,1.8,0.8
126,west,-19.0,3,-18.746,2.999999,0.5,1.8,0.8
127,west,-19.0,4,-18.746,4.0,0.5,1.8,0.8
128,west,-19.0,5,-18.746,5.0,0.5,1.8,0.8
129,west,-19.0,6,-18.746,6.000001,0.5,1.8,0.8
130,west,-19.0,7,-18.746,6.999999,0.5,1.8,0.8
131,west,-19.0,8,-18.746,7.999999,0.5,1.8,0.8
132,west,-19.0,9,-18.746,9.0,0.5,1.8,0.8
133,west,-19.0,10,-18.746,10.0,0.5,1.8,0.8
134,west,-19.0,11,-18.746,10.999998,0.5,1.8,0.8
135,west,-19.0,12,-18.746,11.999999,0.5,1.8,0.8
136,west,-19.0,13,-18.746,12.999999,0.5,1.8,0.8
137,west,-19.0,14,-18.746,14.0,0.5,1.8,0.8
138,west,-19.0,15,-18.746,14.999998,0.5,1.8,0.8
139,west,-19.0,16,-18.746,15.999998,0.5,1.8,0.8
140,west,-19.0,17,-18.746,16.999999,0.5,1.8,0.8
