pad,function,x_mm,y_mm,copper_width_mm,copper_height_mm,mask_width_mm,mask_height_mm,paste_width_mm,paste_height_mm
1,DAT2A,-0.6,-0.6,0.9,0.22,1.0,0.32,0.85,0.17
2,DAT3A,-0.625,-0.2,0.85,0.22,0.95,0.32,0.8,0.17
3,DAT0A,-0.625,0.2,0.85,0.22,0.95,0.32,0.8,0.17
4,DAT1A,-0.625,0.6,0.85,0.22,0.95,0.32,0.8,0.17
5,CLKA,-0.6,1.175,0.22,0.55,0.32,0.65,0.17,0.5
6,CLK_FB,-0.2,1.175,0.22,0.55,0.32,0.65,0.17,0.5
7,GND,0.2,1.175,0.22,0.55,0.32,0.65,0.17,0.5
8,CLKB,0.6,1.175,0.22,0.55,0.32,0.65,0.17,0.5
9,DAT1B,0.625,0.6,0.85,0.22,0.95,0.32,0.8,0.17
10,DAT0B,0.625,0.2,0.85,0.22,0.95,0.32,0.8,0.17
11,DAT3B,0.625,-0.2,0.85,0.22,0.95,0.32,0.8,0.17
12,DAT2B,0.625,-0.6,0.85,0.22,0.95,0.32,0.8,0.17
13,CMDB,0.6,-1.175,0.22,0.55,0.32,0.65,0.17,0.5
14,VCCB,0.2,-1.175,0.22,0.55,0.32,0.65,0.17,0.5
15,VCCA,-0.2,-1.175,0.22,0.55,0.32,0.65,0.17,0.5
16,CMDA,-0.6,-1.175,0.22,0.55,0.32,0.65,0.17,0.5
