pin,name,pdf_name,status,symbol_line,source_symbol,source_crosscheck,symbol_electrical_code,symbol_x,symbol_y,io_voltage,soc_ball
1,GND,GND,MATCH,12,CM-K230.schdoc,schematic.pdf page 1,4,90,40,NOT_ESTABLISHED,NOT_ESTABLISHED
2,GND,GND,MATCH,13,CM-K230.schdoc,schematic.pdf page 1,4,100,40,NOT_ESTABLISHED,NOT_ESTABLISHED
3,GND,GND,MATCH,14,CM-K230.schdoc,schematic.pdf page 1,4,110,40,NOT_ESTABLISHED,NOT_ESTABLISHED
4,VIN_5V,VIN_5V,MATCH,15,CM-K230.schdoc,schematic.pdf page 1,4,120,40,NOT_ESTABLISHED,NOT_ESTABLISHED
5,VIN_5V,VIN_5V,MATCH,16,CM-K230.schdoc,schematic.pdf page 1,4,130,40,NOT_ESTABLISHED,NOT_ESTABLISHED
6,VIN_5V,VIN_5V,MATCH,17,CM-K230.schdoc,schematic.pdf page 1,4,140,40,NOT_ESTABLISHED,NOT_ESTABLISHED
7,VOUT_3V3,VOUT_3V3,MATCH,18,CM-K230.schdoc,schematic.pdf page 1,4,150,40,NOT_ESTABLISHED,NOT_ESTABLISHED
8,VOUT_1V8,VOUT_1V8,MATCH,19,CM-K230.schdoc,schematic.pdf page 1,4,160,40,NOT_ESTABLISHED,NOT_ESTABLISHED
9,BANK1_GPIO18,BANK1_GPIO18,MATCH,20,CM-K230.schdoc,schematic.pdf page 1,4,170,40,NOT_ESTABLISHED,NOT_ESTABLISHED
10,BANK1_GPIO19,BANK1_GPIO19,MATCH,21,CM-K230.schdoc,schematic.pdf page 1,4,180,40,NOT_ESTABLISHED,NOT_ESTABLISHED
11,BANK1_GPIO20,BANK1_GPIO20,MATCH,22,CM-K230.schdoc,schematic.pdf page 1,4,190,40,NOT_ESTABLISHED,NOT_ESTABLISHED
12,BANK1_GPIO21,BANK1_GPIO21,MATCH,23,CM-K230.schdoc,schematic.pdf page 1,4,200,40,NOT_ESTABLISHED,NOT_ESTABLISHED
13,BANK1_GPIO22,BANK1_GPIO22,MATCH,24,CM-K230.schdoc,schematic.pdf page 1,4,210,40,NOT_ESTABLISHED,NOT_ESTABLISHED
14,BANK1_GPIO23,BANK1_GPIO23,MATCH,25,CM-K230.schdoc,schematic.pdf page 1,4,220,40,NOT_ESTABLISHED,NOT_ESTABLISHED
15,BANK1_GPIO24,BANK1_GPIO24,MATCH,26,CM-K230.schdoc,schematic.pdf page 1,4,230,40,NOT_ESTABLISHED,NOT_ESTABLISHED
16,BANK1_GPIO25,BANK1_GPIO25,MATCH,27,CM-K230.schdoc,schematic.pdf page 1,4,240,40,NOT_ESTABLISHED,NOT_ESTABLISHED
17,TFCARD_D0,TFCARD_D0,MATCH,28,CM-K230.schdoc,schematic.pdf page 1,4,250,40,NOT_ESTABLISHED,NOT_ESTABLISHED
18,TFCARD_D1,TFCARD_D1,MATCH,29,CM-K230.schdoc,schematic.pdf page 1,4,260,40,NOT_ESTABLISHED,NOT_ESTABLISHED
19,TFCARD_D2,TFCARD_D2,MATCH,30,CM-K230.schdoc,schematic.pdf page 1,4,270,40,NOT_ESTABLISHED,NOT_ESTABLISHED
20,TFCARD_D3,TFCARD_D3,MATCH,31,CM-K230.schdoc,schematic.pdf page 1,4,280,40,NOT_ESTABLISHED,NOT_ESTABLISHED
21,TFCARD_CLK,TFCARD_CLK,MATCH,32,CM-K230.schdoc,schematic.pdf page 1,4,290,40,NOT_ESTABLISHED,NOT_ESTABLISHED
22,TFCARD_CMD,TFCARD_CMD,MATCH,33,CM-K230.schdoc,schematic.pdf page 1,4,300,40,NOT_ESTABLISHED,NOT_ESTABLISHED
23,BANK4_VDDIO,BANK4_VDDIO,MATCH,34,CM-K230.schdoc,schematic.pdf page 1,4,310,40,NOT_ESTABLISHED,NOT_ESTABLISHED
24,BANK4_GPIO50,BANK4_GPIO50,MATCH,35,CM-K230.schdoc,schematic.pdf page 1,4,320,40,NOT_ESTABLISHED,NOT_ESTABLISHED
25,BANK4_GPIO51,BANK4_GPIO51,MATCH,36,CM-K230.schdoc,schematic.pdf page 1,4,330,40,NOT_ESTABLISHED,NOT_ESTABLISHED
26,BANK4_GPIO52,BANK4_GPIO52,MATCH,37,CM-K230.schdoc,schematic.pdf page 1,4,340,40,NOT_ESTABLISHED,NOT_ESTABLISHED
27,BANK4_GPIO53,BANK4_GPIO53,MATCH,38,CM-K230.schdoc,schematic.pdf page 1,4,350,40,NOT_ESTABLISHED,NOT_ESTABLISHED
28,BANK4_GPIO54,BANK4_GPIO54,MATCH,39,CM-K230.schdoc,schematic.pdf page 1,4,360,40,NOT_ESTABLISHED,NOT_ESTABLISHED
29,BANK4_GPIO55,BANK4_GPIO55,MATCH,40,CM-K230.schdoc,schematic.pdf page 1,4,370,40,NOT_ESTABLISHED,NOT_ESTABLISHED
30,BANK4_GPIO56,BANK4_GPIO56,MATCH,41,CM-K230.schdoc,schematic.pdf page 1,4,380,40,NOT_ESTABLISHED,NOT_ESTABLISHED
31,BANK4_GPIO57,BANK4_GPIO57,MATCH,42,CM-K230.schdoc,schematic.pdf page 1,4,390,40,NOT_ESTABLISHED,NOT_ESTABLISHED
32,BANK4_GPIO58,BANK4_GPIO58,MATCH,43,CM-K230.schdoc,schematic.pdf page 1,4,400,40,NOT_ESTABLISHED,NOT_ESTABLISHED
33,BANK4_GPIO59,BANK4_GPIO59,MATCH,44,CM-K230.schdoc,schematic.pdf page 1,4,410,40,NOT_ESTABLISHED,NOT_ESTABLISHED
34,BANK4_GPIO60,BANK4_GPIO60,MATCH,45,CM-K230.schdoc,schematic.pdf page 1,4,420,40,NOT_ESTABLISHED,NOT_ESTABLISHED
35,BANK4_GPIO61,BANK4_GPIO61,MATCH,46,CM-K230.schdoc,schematic.pdf page 1,4,430,40,NOT_ESTABLISHED,NOT_ESTABLISHED
36,GND,GND,MATCH,47,CM-K230.schdoc,schematic.pdf page 1,4,480,90,NOT_ESTABLISHED,NOT_ESTABLISHED
37,USB1_N,USB1_N,MATCH,48,CM-K230.schdoc,schematic.pdf page 1,4,480,100,NOT_ESTABLISHED,NOT_ESTABLISHED
38,USB1_P,USB1_P,MATCH,49,CM-K230.schdoc,schematic.pdf page 1,4,480,110,NOT_ESTABLISHED,NOT_ESTABLISHED
39,USB1_ID,USB1_ID,MATCH,50,CM-K230.schdoc,schematic.pdf page 1,4,480,120,NOT_ESTABLISHED,NOT_ESTABLISHED
40,USB0_P,USB0_P,MATCH,51,CM-K230.schdoc,schematic.pdf page 1,4,480,130,NOT_ESTABLISHED,NOT_ESTABLISHED
41,USB0_N,USB0_N,MATCH,52,CM-K230.schdoc,schematic.pdf page 1,4,480,140,NOT_ESTABLISHED,NOT_ESTABLISHED
42,USB0_ID,USB0_ID,MATCH,53,CM-K230.schdoc,schematic.pdf page 1,4,480,150,NOT_ESTABLISHED,NOT_ESTABLISHED
43,ADC0,ADC0,MATCH,54,CM-K230.schdoc,schematic.pdf page 1,4,480,160,NOT_ESTABLISHED,NOT_ESTABLISHED
44,ADC1,ADC1,MATCH,55,CM-K230.schdoc,schematic.pdf page 1,4,480,170,NOT_ESTABLISHED,NOT_ESTABLISHED
45,ADC2,ADC2,MATCH,56,CM-K230.schdoc,schematic.pdf page 1,4,480,180,NOT_ESTABLISHED,NOT_ESTABLISHED
46,ADC3,ADC3,MATCH,57,CM-K230.schdoc,schematic.pdf page 1,4,480,190,NOT_ESTABLISHED,NOT_ESTABLISHED
47,ADC4,ADC4,MATCH,58,CM-K230.schdoc,schematic.pdf page 1,4,480,200,NOT_ESTABLISHED,NOT_ESTABLISHED
48,ADC5,ADC5,MATCH,59,CM-K230.schdoc,schematic.pdf page 1,4,480,210,NOT_ESTABLISHED,NOT_ESTABLISHED
49,GND,GND,MATCH,60,CM-K230.schdoc,schematic.pdf page 1,4,480,220,NOT_ESTABLISHED,NOT_ESTABLISHED
50,MIC_BIAS,MIC_BIAS,MATCH,61,CM-K230.schdoc,schematic.pdf page 1,4,480,230,NOT_ESTABLISHED,NOT_ESTABLISHED
51,MIC_NL,MIC_NL,MATCH,62,CM-K230.schdoc,schematic.pdf page 1,4,480,240,NOT_ESTABLISHED,NOT_ESTABLISHED
52,MIC_PL,MIC_PL,MATCH,63,CM-K230.schdoc,schematic.pdf page 1,4,480,250,NOT_ESTABLISHED,NOT_ESTABLISHED
53,MIC_NR,MIC_NR,MATCH,64,CM-K230.schdoc,schematic.pdf page 1,4,480,260,NOT_ESTABLISHED,NOT_ESTABLISHED
54,MIC_PR,MIC_PR,MATCH,65,CM-K230.schdoc,schematic.pdf page 1,4,480,270,NOT_ESTABLISHED,NOT_ESTABLISHED
55,HP_OUTR,HP_OUTR,MATCH,66,CM-K230.schdoc,schematic.pdf page 1,4,480,280,NOT_ESTABLISHED,NOT_ESTABLISHED
56,HP_OUTL,HP_OUTL,MATCH,67,CM-K230.schdoc,schematic.pdf page 1,4,480,290,NOT_ESTABLISHED,NOT_ESTABLISHED
57,GND,GND,MATCH,68,CM-K230.schdoc,schematic.pdf page 1,4,480,300,NOT_ESTABLISHED,NOT_ESTABLISHED
58,CSI2_CLK_P,CSI2_CLK_P,MATCH,69,CM-K230.schdoc,schematic.pdf page 1,4,480,310,NOT_ESTABLISHED,NOT_ESTABLISHED
59,CSI2_CLK_N,CSI2_CLK_N,MATCH,70,CM-K230.schdoc,schematic.pdf page 1,4,480,320,NOT_ESTABLISHED,NOT_ESTABLISHED
60,CSI2_D4_N,CSI2_D4_N,MATCH,71,CM-K230.schdoc,schematic.pdf page 1,4,480,330,NOT_ESTABLISHED,NOT_ESTABLISHED
61,CSI2_D4_P,CSI2_D4_P,MATCH,72,CM-K230.schdoc,schematic.pdf page 1,4,480,340,NOT_ESTABLISHED,NOT_ESTABLISHED
62,CSI2_D5_P,CSI2_D5_P,MATCH,73,CM-K230.schdoc,schematic.pdf page 1,4,480,350,NOT_ESTABLISHED,NOT_ESTABLISHED
63,CSI2_D5_N,CSI2_D5_N,MATCH,74,CM-K230.schdoc,schematic.pdf page 1,4,480,360,NOT_ESTABLISHED,NOT_ESTABLISHED
64,GND,GND,MATCH,75,CM-K230.schdoc,schematic.pdf page 1,4,480,370,NOT_ESTABLISHED,NOT_ESTABLISHED
65,CSI0_D1_N,CSI0_D1_N,MATCH,76,CM-K230.schdoc,schematic.pdf page 1,4,480,380,NOT_ESTABLISHED,NOT_ESTABLISHED
66,CSI0_D1_P,CSI0_D1_P,MATCH,77,CM-K230.schdoc,schematic.pdf page 1,4,480,390,NOT_ESTABLISHED,NOT_ESTABLISHED
67,CSI0_CLK_N,CSI0_CLK_N,MATCH,78,CM-K230.schdoc,schematic.pdf page 1,4,480,400,NOT_ESTABLISHED,NOT_ESTABLISHED
68,CSI0_CLK_P,CSI0_CLK_P,MATCH,79,CM-K230.schdoc,schematic.pdf page 1,4,480,410,NOT_ESTABLISHED,NOT_ESTABLISHED
69,CSI0_D0_P,CSI0_D0_P,MATCH,80,CM-K230.schdoc,schematic.pdf page 1,4,480,420,NOT_ESTABLISHED,NOT_ESTABLISHED
70,CSI0_D0_N,CSI0_D0_N,MATCH,81,CM-K230.schdoc,schematic.pdf page 1,4,480,430,NOT_ESTABLISHED,NOT_ESTABLISHED
71,GND,GND,MATCH,82,CM-K230.schdoc,schematic.pdf page 1,4,430,480,NOT_ESTABLISHED,NOT_ESTABLISHED
72,CSI1_D2_N,CSI1_D2_N,MATCH,83,CM-K230.schdoc,schematic.pdf page 1,4,420,480,NOT_ESTABLISHED,NOT_ESTABLISHED
73,CSI1_D2_P,CSI1_D2_P,MATCH,84,CM-K230.schdoc,schematic.pdf page 1,4,410,480,NOT_ESTABLISHED,NOT_ESTABLISHED
74,CSI1_CLK_P,CSI1_CLK_P,MATCH,85,CM-K230.schdoc,schematic.pdf page 1,4,400,480,NOT_ESTABLISHED,NOT_ESTABLISHED
75,CSI1_CLK_N,CSI1_CLK_N,MATCH,86,CM-K230.schdoc,schematic.pdf page 1,4,390,480,NOT_ESTABLISHED,NOT_ESTABLISHED
76,CSI1_D3_P,CSI1_D3_P,MATCH,87,CM-K230.schdoc,schematic.pdf page 1,4,380,480,NOT_ESTABLISHED,NOT_ESTABLISHED
77,CSI1_D3_N,CSI1_D3_N,MATCH,88,CM-K230.schdoc,schematic.pdf page 1,4,370,480,NOT_ESTABLISHED,NOT_ESTABLISHED
78,GND,GND,MATCH,89,CM-K230.schdoc,schematic.pdf page 1,4,360,480,NOT_ESTABLISHED,NOT_ESTABLISHED
79,DSI_D3_P,DSI_D3_P,MATCH,90,CM-K230.schdoc,schematic.pdf page 1,4,350,480,NOT_ESTABLISHED,NOT_ESTABLISHED
80,DSI_D3_N,DSI_D3_N,MATCH,91,CM-K230.schdoc,schematic.pdf page 1,4,340,480,NOT_ESTABLISHED,NOT_ESTABLISHED
81,DSI_D2_N,DSI_D2_N,MATCH,92,CM-K230.schdoc,schematic.pdf page 1,4,330,480,NOT_ESTABLISHED,NOT_ESTABLISHED
82,DSI_D2_P,DSI_D2_P,MATCH,93,CM-K230.schdoc,schematic.pdf page 1,4,320,480,NOT_ESTABLISHED,NOT_ESTABLISHED
83,DSI_CLK_P,DSI_CLK_P,MATCH,94,CM-K230.schdoc,schematic.pdf page 1,4,310,480,NOT_ESTABLISHED,NOT_ESTABLISHED
84,DSI_CLK_N,DSI_CLK_N,MATCH,95,CM-K230.schdoc,schematic.pdf page 1,4,300,480,NOT_ESTABLISHED,NOT_ESTABLISHED
85,DSI_D0_N,DSI_D0_N,MATCH,96,CM-K230.schdoc,schematic.pdf page 1,4,290,480,NOT_ESTABLISHED,NOT_ESTABLISHED
86,DSI_D0_P,DSI_D0_P,MATCH,97,CM-K230.schdoc,schematic.pdf page 1,4,280,480,NOT_ESTABLISHED,NOT_ESTABLISHED
87,DSI_D1_P,DSI_D1_P,MATCH,98,CM-K230.schdoc,schematic.pdf page 1,4,270,480,NOT_ESTABLISHED,NOT_ESTABLISHED
88,DSI_D1_N,DSI_D1_N,MATCH,99,CM-K230.schdoc,schematic.pdf page 1,4,260,480,NOT_ESTABLISHED,NOT_ESTABLISHED
89,GND,GND,MATCH,100,CM-K230.schdoc,schematic.pdf page 1,4,250,480,NOT_ESTABLISHED,NOT_ESTABLISHED
90,BANK2_VDDIO,BANK2_VDDIO,MATCH,101,CM-K230.schdoc,schematic.pdf page 1,4,240,480,NOT_ESTABLISHED,NOT_ESTABLISHED
91,BANK2_GPIO26,BANK2_GPIO26,MATCH,102,CM-K230.schdoc,schematic.pdf page 1,4,230,480,NOT_ESTABLISHED,NOT_ESTABLISHED
92,BANK2_GPIO27,BANK2_GPIO27,MATCH,103,CM-K230.schdoc,schematic.pdf page 1,4,220,480,NOT_ESTABLISHED,NOT_ESTABLISHED
93,BANK2_GPIO28,BANK2_GPIO28,MATCH,104,CM-K230.schdoc,schematic.pdf page 1,4,210,480,NOT_ESTABLISHED,NOT_ESTABLISHED
94,BANK2_GPIO29,BANK2_GPIO29,MATCH,105,CM-K230.schdoc,schematic.pdf page 1,4,200,480,NOT_ESTABLISHED,NOT_ESTABLISHED
95,BANK2_GPIO30,BANK2_GPIO30,MATCH,106,CM-K230.schdoc,schematic.pdf page 1,4,190,480,NOT_ESTABLISHED,NOT_ESTABLISHED
96,BANK2_GPIO31,BANK2_GPIO31,MATCH,107,CM-K230.schdoc,schematic.pdf page 1,4,180,480,NOT_ESTABLISHED,NOT_ESTABLISHED
97,BANK2_GPIO32,BANK2_GPIO32,MATCH,108,CM-K230.schdoc,schematic.pdf page 1,4,170,480,NOT_ESTABLISHED,NOT_ESTABLISHED
98,BANK2_GPIO33,BANK2_GPIO33,MATCH,109,CM-K230.schdoc,schematic.pdf page 1,4,160,480,NOT_ESTABLISHED,NOT_ESTABLISHED
99,BANK2_GPIO34,BANK2_GPIO34,MATCH,110,CM-K230.schdoc,schematic.pdf page 1,4,150,480,NOT_ESTABLISHED,NOT_ESTABLISHED
100,BANK2_GPIO35,BANK2_GPIO35,MATCH,111,CM-K230.schdoc,schematic.pdf page 1,4,140,480,NOT_ESTABLISHED,NOT_ESTABLISHED
101,BANK2_GPIO36,BANK2_GPIO36,MATCH,112,CM-K230.schdoc,schematic.pdf page 1,4,130,480,NOT_ESTABLISHED,NOT_ESTABLISHED
102,BANK2_GPIO37,BANK2_GPIO37,MATCH,113,CM-K230.schdoc,schematic.pdf page 1,4,120,480,NOT_ESTABLISHED,NOT_ESTABLISHED
103,BANK5_VDDIO,BANK5_VDDIO,MATCH,114,CM-K230.schdoc,schematic.pdf page 1,4,110,480,NOT_ESTABLISHED,NOT_ESTABLISHED
104,BANK5_IO62,BANK5_IO62,MATCH,115,CM-K230.schdoc,schematic.pdf page 1,4,100,480,NOT_ESTABLISHED,NOT_ESTABLISHED
105,BANK5_IO63,BANK5_IO63,MATCH,116,CM-K230.schdoc,schematic.pdf page 1,4,90,480,NOT_ESTABLISHED,NOT_ESTABLISHED
106,GND,GND,MATCH,117,CM-K230.schdoc,schematic.pdf page 1,4,40,430,NOT_ESTABLISHED,NOT_ESTABLISHED
107,BANK0_VDDIO,BANK0_VDDIO,MATCH,118,CM-K230.schdoc,schematic.pdf page 1,4,40,420,NOT_ESTABLISHED,NOT_ESTABLISHED
108,BANK0_GPIO2,BANK0_GPIO2,MATCH,119,CM-K230.schdoc,schematic.pdf page 1,4,40,410,NOT_ESTABLISHED,NOT_ESTABLISHED
109,BANK0_GPIO3,BANK0_GPIO3,MATCH,120,CM-K230.schdoc,schematic.pdf page 1,4,40,400,NOT_ESTABLISHED,NOT_ESTABLISHED
110,BANK0_GPIO4,BANK0_GPIO4,MATCH,121,CM-K230.schdoc,schematic.pdf page 1,4,40,390,NOT_ESTABLISHED,NOT_ESTABLISHED
111,BANK0_GPIO5,BANK0_GPIO5,MATCH,122,CM-K230.schdoc,schematic.pdf page 1,4,40,380,NOT_ESTABLISHED,NOT_ESTABLISHED
112,BANK0_GPIO6,BANK0_GPIO6,MATCH,123,CM-K230.schdoc,schematic.pdf page 1,4,40,370,NOT_ESTABLISHED,NOT_ESTABLISHED
113,BANK0_GPIO7,BANK0_GPIO7,MATCH,124,CM-K230.schdoc,schematic.pdf page 1,4,40,360,NOT_ESTABLISHED,NOT_ESTABLISHED
114,BANK0_GPIO8,BANK0_GPIO8,MATCH,125,CM-K230.schdoc,schematic.pdf page 1,4,40,350,NOT_ESTABLISHED,NOT_ESTABLISHED
115,BANK0_GPIO9,BANK0_GPIO9,MATCH,126,CM-K230.schdoc,schematic.pdf page 1,4,40,340,NOT_ESTABLISHED,NOT_ESTABLISHED
116,BANK0_GPIO10,BANK0_GPIO10,MATCH,127,CM-K230.schdoc,schematic.pdf page 1,4,40,330,NOT_ESTABLISHED,NOT_ESTABLISHED
117,BANK0_GPIO11,BANK0_GPIO11,MATCH,128,CM-K230.schdoc,schematic.pdf page 1,4,40,320,NOT_ESTABLISHED,NOT_ESTABLISHED
118,BANK0_GPIO12,BANK0_GPIO12,MATCH,129,CM-K230.schdoc,schematic.pdf page 1,4,40,310,NOT_ESTABLISHED,NOT_ESTABLISHED
119,BANK0_GPIO13,BANK0_GPIO13,MATCH,130,CM-K230.schdoc,schematic.pdf page 1,4,40,300,NOT_ESTABLISHED,NOT_ESTABLISHED
120,BOOT0,BOOT0,MATCH,131,CM-K230.schdoc,schematic.pdf page 1,4,40,290,NOT_ESTABLISHED,NOT_ESTABLISHED
121,BOOT1,BOOT1,MATCH,132,CM-K230.schdoc,schematic.pdf page 1,4,40,280,NOT_ESTABLISHED,NOT_ESTABLISHED
122,RSTN,RSTN,MATCH,133,CM-K230.schdoc,schematic.pdf page 1,4,40,270,NOT_ESTABLISHED,NOT_ESTABLISHED
123,BANK3_VDDIO,BANK3_VDDIO,MATCH,134,CM-K230.schdoc,schematic.pdf page 1,4,40,260,NOT_ESTABLISHED,NOT_ESTABLISHED
124,BANK3_GPIO38,BANK3_GPIO38,MATCH,135,CM-K230.schdoc,schematic.pdf page 1,4,40,250,NOT_ESTABLISHED,NOT_ESTABLISHED
125,BANK3_GPIO39,BANK3_GPIO39,MATCH,136,CM-K230.schdoc,schematic.pdf page 1,4,40,240,NOT_ESTABLISHED,NOT_ESTABLISHED
126,BANK3_GPIO40,BANK3_GPIO40,MATCH,137,CM-K230.schdoc,schematic.pdf page 1,4,40,230,NOT_ESTABLISHED,NOT_ESTABLISHED
127,BANK3_GPIO41,BANK3_GPIO41,MATCH,138,CM-K230.schdoc,schematic.pdf page 1,4,40,220,NOT_ESTABLISHED,NOT_ESTABLISHED
128,BANK3_GPIO42,BANK3_GPIO42,MATCH,139,CM-K230.schdoc,schematic.pdf page 1,4,40,210,NOT_ESTABLISHED,NOT_ESTABLISHED
129,BANK3_GPIO43,BANK3_GPIO43,MATCH,140,CM-K230.schdoc,schematic.pdf page 1,4,40,200,NOT_ESTABLISHED,NOT_ESTABLISHED
130,BANK3_GPIO44,BANK3_GPIO44,MATCH,141,CM-K230.schdoc,schematic.pdf page 1,4,40,190,NOT_ESTABLISHED,NOT_ESTABLISHED
131,BANK3_GPIO45,BANK3_GPIO45,MATCH,142,CM-K230.schdoc,schematic.pdf page 1,4,40,180,NOT_ESTABLISHED,NOT_ESTABLISHED
132,BANK3_GPIO46,BANK3_GPIO46,MATCH,143,CM-K230.schdoc,schematic.pdf page 1,4,40,170,NOT_ESTABLISHED,NOT_ESTABLISHED
133,BANK3_GPIO47,BANK3_GPIO47,MATCH,144,CM-K230.schdoc,schematic.pdf page 1,4,40,160,NOT_ESTABLISHED,NOT_ESTABLISHED
134,BANK3_GPIO48,BANK3_GPIO48,MATCH,145,CM-K230.schdoc,schematic.pdf page 1,4,40,150,NOT_ESTABLISHED,NOT_ESTABLISHED
135,BANK3_GPIO49,BANK3_GPIO49,MATCH,146,CM-K230.schdoc,schematic.pdf page 1,4,40,140,NOT_ESTABLISHED,NOT_ESTABLISHED
136,BANK1_VDDIO,BANK1_VDDIO,MATCH,147,CM-K230.schdoc,schematic.pdf page 1,4,40,130,NOT_ESTABLISHED,NOT_ESTABLISHED
137,BANK1_GPIO14,BANK1_GPIO14,MATCH,148,CM-K230.schdoc,schematic.pdf page 1,4,40,120,NOT_ESTABLISHED,NOT_ESTABLISHED
138,BANK1_GPIO15,BANK1_GPIO15,MATCH,149,CM-K230.schdoc,schematic.pdf page 1,4,40,110,NOT_ESTABLISHED,NOT_ESTABLISHED
139,BANK1_GPIO16,BANK1_GPIO16,MATCH,150,CM-K230.schdoc,schematic.pdf page 1,4,40,100,NOT_ESTABLISHED,NOT_ESTABLISHED
140,BANK1_GPIO17,BANK1_GPIO17,MATCH,151,CM-K230.schdoc,schematic.pdf page 1,4,40,90,NOT_ESTABLISHED,NOT_ESTABLISHED
