reference,MPN,pin,function,net
U14,SN74LVC1G97DSFR,1,In1,GLOBAL_DISABLE
U14,SN74LVC1G97DSFR,2,GND,GND
U14,SN74LVC1G97DSFR,3,In0,VDD_3V3
U14,SN74LVC1G97DSFR,4,Y,DISABLE_OR_TF
U14,SN74LVC1G97DSFR,5,VCC,VDD_3V3
U14,SN74LVC1G97DSFR,6,In2,MODE_TF
U92,74AUP2G97GUX,1,1B,GND
U92,74AUP2G97GUX,2,1C,BOOT_VOLTAGE_QUALIFIED_1V8
U92,74AUP2G97GUX,3,2Y,RESET_RELEASE_REQUEST_1V8
U92,74AUP2G97GUX,4,GND,GND
U92,74AUP2G97GUX,5,2A,FIXED_RAILS_PGOOD_3V3
U92,74AUP2G97GUX,6,2B,GND
U92,74AUP2G97GUX,7,2C,RSTN
U92,74AUP2G97GUX,8,1Y,STORAGE_ENABLE_1V8
U92,74AUP2G97GUX,9,VCC,VDD1P8
U92,74AUP2G97GUX,10,1A,FIXED_RAILS_PGOOD_3V3
