id,net,category,status
U1:A2,USB0_P,signal,retained_K230_signal_exit
U1:A3,USB1_VBUS,signal,retained_K230_signal_exit
U1:A4,USB1_N,signal,retained_K230_signal_exit
U1:A5,MMC0_CLK,signal,retained_K230_signal_exit
U1:A6,MMC0_RST_N,signal,retained_K230_signal_exit
U1:A7,MMC0_D5,signal,retained_K230_signal_exit
U1:A8,CLK24_XOUT,signal,retained_K230_signal_exit
U1:A9,GND,ground,actual_ball_to_plane_port_via_no_PDN_claim
U1:A10,PWR_CPU_SDA,signal,retained_K230_signal_exit
U1:A11,PWR_KPU_SCL,signal,retained_K230_signal_exit
U1:A12,RTC_XOUT,signal,retained_K230_signal_exit
U1:A13,GND,ground,actual_ball_to_plane_port_via_no_PDN_claim
U1:A14,DDR_DQB0,signal,complete_DDR_ball_to_ball
U1:A15,DDR_DQSB0_N,signal,complete_DDR_ball_to_ball
U1:A16,GND,ground,actual_ball_to_plane_port_via_no_PDN_claim
U1:A17,DDR_DQB1,signal,local_fanout_present_DDR_link_unsolved
U1:A18,DDR_DQSB1_N,signal,complete_DDR_ball_to_ball
U1:A19,GND,ground,actual_ball_to_plane_port_via_no_PDN_claim
U1:A20,,unused,isolated_physical_land
U1:B1,ADC2,signal,retained_K230_signal_exit
U1:B2,USB0_N,signal,retained_K230_signal_exit
U1:B3,USB1_ID,signal,retained_K230_signal_exit
U1:B4,USB1_P,signal,retained_K230_signal_exit
U1:B5,MMC0_D2,signal,retained_K230_signal_exit
U1:B6,MMC0_STROBE,signal,retained_K230_signal_exit
U1:B7,MMC0_D6,signal,retained_K230_signal_exit
U1:B8,CLK24_XIN,signal,retained_K230_signal_exit
U1:B9,SOC_RSTN,signal,retained_K230_signal_exit
U1:B10,PWR_CPU_SCL,signal,retained_K230_signal_exit
U1:B11,PMU_OUT0_STATUS,signal,retained_K230_signal_exit
U1:B12,RTC_XIN,signal,retained_K230_signal_exit
U1:B13,GND,ground,actual_ball_to_plane_port_via_no_PDN_claim
U1:B14,DDR_DQB3,signal,complete_DDR_ball_to_ball
U1:B15,DDR_DQSB0_P,signal,complete_DDR_ball_to_ball
U1:B16,DDR_DQB5,signal,local_fanout_present_DDR_link_unsolved
U1:B17,DDR_DQB7,signal,local_fanout_present_DDR_link_unsolved
U1:B18,DDR_DQSB1_P,signal,complete_DDR_ball_to_ball
U1:B19,DDR_DQB15,signal,local_fanout_present_DDR_link_unsolved
U1:B20,GND,ground,actual_ball_to_plane_port_via_no_PDN_claim
U1:C1,ADC4,signal,retained_K230_signal_exit
U1:C2,ADC0,signal,retained_K230_signal_exit
U1:C3,USB0_VBUS,signal,retained_K230_signal_exit
U1:C4,USB1_TXRTUNE,signal,retained_K230_signal_exit
U1:C5,MMC0_D1,signal,retained_K230_signal_exit
U1:C6,MMC0_D3,signal,retained_K230_signal_exit
U1:C7,MMC0_D7,signal,retained_K230_signal_exit
U1:C8,BOOT0,signal,retained_K230_signal_exit
U1:C9,BOOT1,signal,retained_K230_signal_exit
U1:C10,PMU_INT0,signal,retained_K230_signal_exit
U1:C11,PMU_OUT1_STATUS,signal,retained_K230_signal_exit
U1:C12,PMU_INT4_AUTO_START,signal,retained_K230_signal_exit
U1:C13,GND,ground,actual_ball_to_plane_port_via_no_PDN_claim
U1:C14,DDR_DQB2,signal,local_fanout_present_DDR_link_unsolved
U1:C15,DDR_DMIB0,signal,local_fanout_present_DDR_link_unsolved
U1:C16,DDR_DQB6,signal,complete_DDR_ball_to_ball
U1:C17,DDR_DQB9,signal,local_fanout_present_DDR_link_unsolved
U1:C18,DDR_DQB8,signal,complete_DDR_ball_to_ball
U1:C19,DDR_DQB14,signal,local_fanout_present_DDR_link_unsolved
U1:C20,,unused,isolated_physical_land
U1:D1,ADC5,signal,retained_K230_signal_exit
U1:D2,ADC1,signal,retained_K230_signal_exit
U1:D3,USB0_ID,signal,retained_K230_signal_exit
U1:D4,USB0_TXRTUNE,signal,retained_K230_signal_exit
U1:D5,MMC0_D0,signal,retained_K230_signal_exit
U1:D6,MMC0_CMD,signal,retained_K230_signal_exit
U1:D7,MMC0_D4,signal,retained_K230_signal_exit
U1:D8,,unused,isolated_physical_land
U1:D9,GND,ground,actual_ball_to_plane_port_via_no_PDN_claim
U1:D10,GND,ground,actual_ball_to_plane_port_via_no_PDN_claim
U1:D11,GND,ground,actual_ball_to_plane_port_via_no_PDN_claim
U1:D12,PWR_KPU_SDA,signal,retained_K230_signal_exit
U1:D13,GND,ground,actual_ball_to_plane_port_via_no_PDN_claim
U1:D14,DDR_DQB4,signal,complete_DDR_ball_to_ball
U1:D15,GND,ground,actual_ball_to_plane_port_via_no_PDN_claim
U1:D16,DDR_DQB13,signal,complete_DDR_ball_to_ball
U1:D17,DDR_DQB10,signal,complete_DDR_ball_to_ball
U1:D18,DDR_DMIB1,signal,local_fanout_present_DDR_link_unsolved
U1:D19,,unused,isolated_physical_land
U1:D20,,unused,isolated_physical_land
U1:E1,MIC_PL,signal,retained_K230_signal_exit
U1:E2,MIC_NL,signal,retained_K230_signal_exit
U1:E3,MIC_BIAS,signal,retained_K230_signal_exit
U1:E4,GND,ground,actual_ball_to_plane_port_via_no_PDN_claim
U1:E6,GND,ground,actual_ball_to_plane_port_via_no_PDN_claim
U1:E7,GND,ground,actual_ball_to_plane_port_via_no_PDN_claim
U1:E8,GND,ground,actual_ball_to_plane_port_via_no_PDN_claim
U1:E9,AVDD3P3_USB,power,actual_ball_to_plane_port_via_no_PDN_claim
U1:E10,VDD3P3_SD,power,actual_ball_to_plane_port_via_no_PDN_claim
U1:E11,VDD1P8,power,actual_ball_to_plane_port_via_no_PDN_claim
U1:E12,GND,ground,actual_ball_to_plane_port_via_no_PDN_claim
U1:E13,GND,ground,actual_ball_to_plane_port_via_no_PDN_claim
U1:E14,GND,ground,actual_ball_to_plane_port_via_no_PDN_claim
U1:E15,GND,ground,actual_ball_to_plane_port_via_no_PDN_claim
U1:E16,GND,ground,actual_ball_to_plane_port_via_no_PDN_claim
U1:E17,DDR_DQB11,signal,complete_DDR_ball_to_ball
U1:E18,DDR_DQB12,signal,complete_DDR_ball_to_ball
U1:E19,GND,ground,actual_ball_to_plane_port_via_no_PDN_claim
U1:E20,DDR_CAB0,signal,local_fanout_present_DDR_link_unsolved
U1:F1,MIC_PR,signal,retained_K230_signal_exit
U1:F2,MIC_NR,signal,retained_K230_signal_exit
U1:F3,CODEC_VCM,signal,retained_K230_signal_exit
U1:F4,GND,ground,actual_ball_to_plane_port_via_no_PDN_claim
U1:F6,GND,ground,actual_ball_to_plane_port_via_no_PDN_claim
U1:F7,AVDD1P8_CODEC,power,actual_ball_to_plane_port_via_no_PDN_claim
U1:F8,AVDD1P8_ADC,power,actual_ball_to_plane_port_via_no_PDN_claim
U1:F9,AVDD1P8_USB,power,actual_ball_to_plane_port_via_no_PDN_claim
U1:F10,GND,ground,actual_ball_to_plane_port_via_no_PDN_claim
U1:F11,GND,ground,actual_ball_to_plane_port_via_no_PDN_claim
U1:F12,VDD0P8_CORE,power,actual_ball_to_plane_port_via_no_PDN_claim
U1:F13,VDD1P8,power,actual_ball_to_plane_port_via_no_PDN_claim
U1:F14,AVDD1P8_PMU,power,actual_ball_to_plane_port_via_no_PDN_claim
U1:F15,AVDD1P8_PMU,power,actual_ball_to_plane_port_via_no_PDN_claim
U1:F16,GND,ground,actual_ball_to_plane_port_via_no_PDN_claim
U1:F17,DDR_CAB4,signal,complete_DDR_ball_to_ball
U1:F18,,unused,isolated_physical_land
U1:F19,DDR_CAB5,signal,complete_DDR_ball_to_ball
U1:F20,DDR_CLKB_N,signal,complete_DDR_ball_to_ball
U1:G1,HP_OUTL,signal,retained_K230_signal_exit
U1:G2,HP_OUTR,signal,retained_K230_signal_exit
U1:G3,ADC3,signal,retained_K230_signal_exit
U1:G4,BANK3_GPIO48,signal,retained_K230_signal_exit
U1:G5,BANK3_GPIO49,signal,retained_K230_signal_exit
U1:G6,GND,ground,actual_ball_to_plane_port_via_no_PDN_claim
U1:G7,GND,ground,actual_ball_to_plane_port_via_no_PDN_claim
U1:G8,GND,ground,actual_ball_to_plane_port_via_no_PDN_claim
U1:G9,VDD0P8_CORE,power,actual_ball_to_plane_port_via_no_PDN_claim
U1:G10,VDD0P8_CORE,power,actual_ball_to_plane_port_via_no_PDN_claim
U1:G11,AVDD0P8_PLL,power,actual_ball_to_plane_port_via_no_PDN_claim
U1:G12,VDD0P8_CPU,power,actual_ball_to_plane_port_via_no_PDN_claim
U1:G13,GND,ground,actual_ball_to_plane_port_via_no_PDN_claim
U1:G14,GND,ground,actual_ball_to_plane_port_via_no_PDN_claim
U1:G15,GND,ground,actual_ball_to_plane_port_via_no_PDN_claim
U1:G16,GND,ground,actual_ball_to_plane_port_via_no_PDN_claim
U1:G17,,unused,isolated_physical_land
U1:G18,DDR_CAB2,signal,local_fanout_present_DDR_link_unsolved
U1:G19,DDR_CAB1,signal,local_fanout_present_DDR_link_unsolved
U1:G20,DDR_CLKB_P,signal,complete_DDR_ball_to_ball
U1:H1,BANK3_GPIO42,signal,retained_K230_signal_exit
U1:H2,BANK3_GPIO44,signal,retained_K230_signal_exit
U1:H3,BANK3_GPIO45,signal,retained_K230_signal_exit
U1:H4,BANK3_GPIO46,signal,retained_K230_signal_exit
U1:H5,BANK3_GPIO47,signal,retained_K230_signal_exit
U1:H6,BANK3_VDDIO,power,actual_ball_to_plane_port_via_no_PDN_claim
U1:H7,GND,ground,actual_ball_to_plane_port_via_no_PDN_claim
U1:H8,VDD0P8_KPU,power,actual_ball_to_plane_port_via_no_PDN_claim
U1:H9,VDD0P8_KPU,power,actual_ball_to_plane_port_via_no_PDN_claim
U1:H10,VDD0P8_KPU,power,actual_ball_to_plane_port_via_no_PDN_claim
U1:H11,GND,ground,actual_ball_to_plane_port_via_no_PDN_claim
U1:H12,VDD0P8_CPU,power,actual_ball_to_plane_port_via_no_PDN_claim
U1:H13,GND,ground,actual_ball_to_plane_port_via_no_PDN_claim
U1:H14,VDD1P1_DDR_IO,power,actual_ball_to_plane_port_via_no_PDN_claim
U1:H15,GND,ground,actual_ball_to_plane_port_via_no_PDN_claim
U1:H16,GND,ground,actual_ball_to_plane_port_via_no_PDN_claim
U1:H17,DDR_CAB3,signal,local_fanout_present_DDR_link_unsolved
U1:H18,,unused,isolated_physical_land
U1:H19,,unused,isolated_physical_land
U1:H20,GND,ground,actual_ball_to_plane_port_via_no_PDN_claim
U1:J1,BANK3_GPIO41,signal,retained_K230_signal_exit
U1:J2,BANK3_GPIO40,signal,retained_K230_signal_exit
U1:J3,BANK3_GPIO39,signal,retained_K230_signal_exit
U1:J4,BANK3_GPIO38,signal,retained_K230_signal_exit
U1:J5,BANK1_GPIO14,signal,retained_K230_signal_exit
U1:J6,BANK3_GPIO43,signal,retained_K230_signal_exit
U1:J7,GND,ground,actual_ball_to_plane_port_via_no_PDN_claim
U1:J8,VDD0P8_KPU,power,actual_ball_to_plane_port_via_no_PDN_claim
U1:J9,VDD0P8_KPU,power,actual_ball_to_plane_port_via_no_PDN_claim
U1:J10,VDD0P8_KPU,power,actual_ball_to_plane_port_via_no_PDN_claim
U1:J11,GND,ground,actual_ball_to_plane_port_via_no_PDN_claim
U1:J12,VDD0P8_CPU,power,actual_ball_to_plane_port_via_no_PDN_claim
U1:J13,GND,ground,actual_ball_to_plane_port_via_no_PDN_claim
U1:J14,VDD1P1_DDR_IO,power,actual_ball_to_plane_port_via_no_PDN_claim
U1:J15,GND,ground,actual_ball_to_plane_port_via_no_PDN_claim
U1:J16,DDR_RESET,signal,local_fanout_present_DDR_link_unsolved
U1:J17,,unused,isolated_physical_land
U1:J18,DDR_CKEB0,signal,local_fanout_present_DDR_link_unsolved
U1:J19,,unused,isolated_physical_land
U1:J20,DDR_CSB0,signal,local_fanout_present_DDR_link_unsolved
U1:K1,BANK1_GPIO15,signal,retained_K230_signal_exit
U1:K2,BANK1_GPIO16,signal,retained_K230_signal_exit
U1:K3,GND,ground,actual_ball_to_plane_port_via_no_PDN_claim
U1:K4,BANK1_GPIO17,signal,retained_K230_signal_exit
U1:K5,BANK1_GPIO18,signal,retained_K230_signal_exit
U1:K6,GND,ground,actual_ball_to_plane_port_via_no_PDN_claim
U1:K7,BANK1_VDDIO,power,actual_ball_to_plane_port_via_no_PDN_claim
U1:K8,GND,ground,actual_ball_to_plane_port_via_no_PDN_claim
U1:K9,VDD0P8_CORE,power,actual_ball_to_plane_port_via_no_PDN_claim
U1:K10,GND,ground,actual_ball_to_plane_port_via_no_PDN_claim
U1:K11,VDD0P8_CORE,power,actual_ball_to_plane_port_via_no_PDN_claim
U1:K12,GND,ground,actual_ball_to_plane_port_via_no_PDN_claim
U1:K13,VDD0P8_DDR_CORE,power,actual_ball_to_plane_port_via_no_PDN_claim
U1:K14,GND,ground,actual_ball_to_plane_port_via_no_PDN_claim
U1:K15,VAA_DDR,power,actual_ball_to_plane_port_via_no_PDN_claim
U1:K16,GND,ground,actual_ball_to_plane_port_via_no_PDN_claim
U1:K17,DDR_VREF,signal,retained_K230_signal_exit
U1:K18,GND,ground,actual_ball_to_plane_port_via_no_PDN_claim
U1:K19,DDR_ZN,signal,retained_K230_signal_exit
U1:K20,,unused,isolated_physical_land
U1:L1,BANK1_GPIO19,signal,retained_K230_signal_exit
U1:L2,BANK1_GPIO20,signal,retained_K230_signal_exit
U1:L3,BANK1_GPIO21,signal,retained_K230_signal_exit
U1:L4,BANK1_GPIO22,signal,retained_K230_signal_exit
U1:L5,BANK1_GPIO23,signal,retained_K230_signal_exit
U1:L6,BANK1_GPIO24,signal,retained_K230_signal_exit
U1:L7,GND,ground,actual_ball_to_plane_port_via_no_PDN_claim
U1:L8,GND,ground,actual_ball_to_plane_port_via_no_PDN_claim
U1:L9,VDD0P8_CORE,power,actual_ball_to_plane_port_via_no_PDN_claim
U1:L10,GND,ground,actual_ball_to_plane_port_via_no_PDN_claim
U1:L11,VDD0P8_CORE,power,actual_ball_to_plane_port_via_no_PDN_claim
U1:L12,GND,ground,actual_ball_to_plane_port_via_no_PDN_claim
U1:L13,VDD0P8_DDR_CORE,power,actual_ball_to_plane_port_via_no_PDN_claim
U1:L14,VDD1P1_DDR_IO,power,actual_ball_to_plane_port_via_no_PDN_claim
U1:L15,GND,ground,actual_ball_to_plane_port_via_no_PDN_claim
U1:L16,DDR_CAA1,signal,local_fanout_present_DDR_link_unsolved
U1:L17,,unused,isolated_physical_land
U1:L18,,unused,isolated_physical_land
U1:L19,GND,ground,actual_ball_to_plane_port_via_no_PDN_claim
U1:L20,,unused,isolated_physical_land
U1:M1,BANK1_GPIO25,signal,retained_K230_signal_exit
U1:M2,BANK4_GPIO54,signal,retained_K230_signal_exit
U1:M3,BANK4_GPIO52,signal,retained_K230_signal_exit
U1:M4,BANK4_GPIO51,signal,retained_K230_signal_exit
U1:M5,BANK4_GPIO50,signal,retained_K230_signal_exit
U1:M6,GND,ground,actual_ball_to_plane_port_via_no_PDN_claim
U1:M7,BANK4_VDDIO,power,actual_ball_to_plane_port_via_no_PDN_claim
U1:M8,GND,ground,actual_ball_to_plane_port_via_no_PDN_claim
U1:M9,VDD0P8_CORE,power,actual_ball_to_plane_port_via_no_PDN_claim
U1:M10,GND,ground,actual_ball_to_plane_port_via_no_PDN_claim
U1:M11,VDD0P8_CORE,power,actual_ball_to_plane_port_via_no_PDN_claim
U1:M12,GND,ground,actual_ball_to_plane_port_via_no_PDN_claim
U1:M13,VDD0P8_DDR_CORE,power,actual_ball_to_plane_port_via_no_PDN_claim
U1:M14,VDD1P1_DDR_IO,power,actual_ball_to_plane_port_via_no_PDN_claim
U1:M15,GND,ground,actual_ball_to_plane_port_via_no_PDN_claim
U1:M16,GND,ground,actual_ball_to_plane_port_via_no_PDN_claim
U1:M17,,unused,isolated_physical_land
U1:M18,DDR_CAA4,signal,local_fanout_present_DDR_link_unsolved
U1:M19,DDR_CAA0,signal,complete_DDR_ball_to_ball
U1:M20,,unused,isolated_physical_land
U1:N1,BANK4_GPIO57,signal,retained_K230_signal_exit
U1:N2,BANK4_GPIO55,signal,retained_K230_signal_exit
U1:N3,GND,ground,actual_ball_to_plane_port_via_no_PDN_claim
U1:N4,BANK4_GPIO53,signal,retained_K230_signal_exit
U1:N5,GND,ground,actual_ball_to_plane_port_via_no_PDN_claim
U1:N6,AVDD0P8_MIPI,power,actual_ball_to_plane_port_via_no_PDN_claim
U1:N7,AVDD1P8_MIPI,power,actual_ball_to_plane_port_via_no_PDN_claim
U1:N8,GND,ground,actual_ball_to_plane_port_via_no_PDN_claim
U1:N9,VDD0P8_CORE,power,actual_ball_to_plane_port_via_no_PDN_claim
U1:N10,GND,ground,actual_ball_to_plane_port_via_no_PDN_claim
U1:N11,VDD0P8_CORE,power,actual_ball_to_plane_port_via_no_PDN_claim
U1:N12,GND,ground,actual_ball_to_plane_port_via_no_PDN_claim
U1:N13,VDD0P8_DDR_CORE,power,actual_ball_to_plane_port_via_no_PDN_claim
U1:N14,VDD1P1_DDR_IO,power,actual_ball_to_plane_port_via_no_PDN_claim
U1:N15,GND,ground,actual_ball_to_plane_port_via_no_PDN_claim
U1:N16,GND,ground,actual_ball_to_plane_port_via_no_PDN_claim
U1:N17,DDR_CKEA0,signal,complete_DDR_ball_to_ball
U1:N18,,unused,isolated_physical_land
U1:N19,DDR_CAA2,signal,local_fanout_present_DDR_link_unsolved
U1:N20,DDR_CAA3,signal,local_fanout_present_DDR_link_unsolved
U1:P1,BANK4_GPIO58,signal,retained_K230_signal_exit
U1:P2,BANK4_GPIO59,signal,retained_K230_signal_exit
U1:P3,BANK4_GPIO56,signal,retained_K230_signal_exit
U1:P4,BANK4_GPIO61,signal,retained_K230_signal_exit
U1:P5,BANK4_GPIO60,signal,retained_K230_signal_exit
U1:P6,GND,ground,actual_ball_to_plane_port_via_no_PDN_claim
U1:P7,GND,ground,actual_ball_to_plane_port_via_no_PDN_claim
U1:P8,GND,ground,actual_ball_to_plane_port_via_no_PDN_claim
U1:P9,VDD0P8_CORE,power,actual_ball_to_plane_port_via_no_PDN_claim
U1:P10,GND,ground,actual_ball_to_plane_port_via_no_PDN_claim
U1:P11,VDD0P8_CORE,power,actual_ball_to_plane_port_via_no_PDN_claim
U1:P12,GND,ground,actual_ball_to_plane_port_via_no_PDN_claim
U1:P13,VDD0P8_CORE,power,actual_ball_to_plane_port_via_no_PDN_claim
U1:P14,GND,ground,actual_ball_to_plane_port_via_no_PDN_claim
U1:P15,GND,ground,actual_ball_to_plane_port_via_no_PDN_claim
U1:P16,DDR_DQA10,signal,local_fanout_present_DDR_link_unsolved
U1:P17,DDR_DMIA1,signal,local_fanout_present_DDR_link_unsolved
U1:P18,,unused,isolated_physical_land
U1:P19,DDR_CAA5,signal,complete_DDR_ball_to_ball
U1:P20,GND,ground,actual_ball_to_plane_port_via_no_PDN_claim
U1:R1,CSI2_CLK_P,signal,retained_K230_signal_exit
U1:R2,CSI2_CLK_N,signal,retained_K230_signal_exit
U1:R3,GND,ground,actual_ball_to_plane_port_via_no_PDN_claim
U1:R6,GND,ground,actual_ball_to_plane_port_via_no_PDN_claim
U1:R7,GND,ground,actual_ball_to_plane_port_via_no_PDN_claim
U1:R8,AVDD0P8_MIPI,power,actual_ball_to_plane_port_via_no_PDN_claim
U1:R9,AVDD1P8_MIPI,power,actual_ball_to_plane_port_via_no_PDN_claim
U1:R10,GND,ground,actual_ball_to_plane_port_via_no_PDN_claim
U1:R11,BANK2_VDDIO,power,actual_ball_to_plane_port_via_no_PDN_claim
U1:R12,GND,ground,actual_ball_to_plane_port_via_no_PDN_claim
U1:R13,BANK0_VDDIO,power,actual_ball_to_plane_port_via_no_PDN_claim
U1:R14,GND,ground,actual_ball_to_plane_port_via_no_PDN_claim
U1:R15,BANK5_VDDIO,power,actual_ball_to_plane_port_via_no_PDN_claim
U1:R16,GND,ground,actual_ball_to_plane_port_via_no_PDN_claim
U1:R17,DDR_DQA11,signal,local_fanout_present_DDR_link_unsolved
U1:R18,DDR_DQA12,signal,complete_DDR_ball_to_ball
U1:R19,DDR_CLKA_P,signal,complete_DDR_ball_to_ball
U1:R20,DDR_CLKA_N,signal,complete_DDR_ball_to_ball
U1:T1,CSI2_D4_N,signal,retained_K230_signal_exit
U1:T2,CSI2_D4_P,signal,retained_K230_signal_exit
U1:T3,GND,ground,actual_ball_to_plane_port_via_no_PDN_claim
U1:T7,GND,ground,actual_ball_to_plane_port_via_no_PDN_claim
U1:T8,GND,ground,actual_ball_to_plane_port_via_no_PDN_claim
U1:T9,GND,ground,actual_ball_to_plane_port_via_no_PDN_claim
U1:T10,BANK2_GPIO36,signal,retained_K230_signal_exit
U1:T11,BANK2_GPIO33,signal,retained_K230_signal_exit
U1:T12,BANK0_GPIO13,signal,retained_K230_signal_exit
U1:T13,BANK0_GPIO9,signal,retained_K230_signal_exit
U1:T14,BANK5_IO62,signal,retained_K230_signal_exit
U1:T15,GND,ground,actual_ball_to_plane_port_via_no_PDN_claim
U1:T16,DDR_DQA3,signal,complete_DDR_ball_to_ball
U1:T17,DDR_DQA9,signal,complete_DDR_ball_to_ball
U1:T18,DDR_DQA13,signal,complete_DDR_ball_to_ball
U1:T19,,unused,isolated_physical_land
U1:T20,DDR_CSA0,signal,local_fanout_present_DDR_link_unsolved
U1:U1,CSI2_D5_P,signal,retained_K230_signal_exit
U1:U2,CSI2_D5_N,signal,retained_K230_signal_exit
U1:U3,GND,ground,actual_ball_to_plane_port_via_no_PDN_claim
U1:U6,,unused,isolated_physical_land
U1:U7,MIPI_REXT,signal,retained_K230_signal_exit
U1:U8,GND,ground,actual_ball_to_plane_port_via_no_PDN_claim
U1:U9,BANK2_GPIO34,signal,retained_K230_signal_exit
U1:U10,BANK2_GPIO32,signal,retained_K230_signal_exit
U1:U11,BANK2_GPIO26,signal,retained_K230_signal_exit
U1:U12,BANK0_GPIO8,signal,retained_K230_signal_exit
U1:U13,BANK0_GPIO10,signal,retained_K230_signal_exit
U1:U14,BANK0_GPIO5,signal,retained_K230_signal_exit
U1:U15,BANK5_IO63,signal,retained_K230_signal_exit
U1:U16,DDR_DQA4,signal,complete_DDR_ball_to_ball
U1:U17,DDR_DQA2,signal,complete_DDR_ball_to_ball
U1:U18,DDR_DQA14,signal,complete_DDR_ball_to_ball
U1:U19,GND,ground,actual_ball_to_plane_port_via_no_PDN_claim
U1:U20,DDR_DQA15,signal,local_fanout_present_DDR_link_unsolved
U1:V1,CSI0_D1_N,signal,retained_K230_signal_exit
U1:V2,CSI0_D1_P,signal,retained_K230_signal_exit
U1:V3,GND,ground,actual_ball_to_plane_port_via_no_PDN_claim
U1:V4,GND,ground,actual_ball_to_plane_port_via_no_PDN_claim
U1:V5,GND,ground,actual_ball_to_plane_port_via_no_PDN_claim
U1:V6,GND,ground,actual_ball_to_plane_port_via_no_PDN_claim
U1:V7,GND,ground,actual_ball_to_plane_port_via_no_PDN_claim
U1:V8,GND,ground,actual_ball_to_plane_port_via_no_PDN_claim
U1:V9,BANK2_GPIO31,signal,retained_K230_signal_exit
U1:V10,BANK2_GPIO30,signal,retained_K230_signal_exit
U1:V11,BANK2_GPIO29,signal,retained_K230_signal_exit
U1:V12,BANK2_GPIO28,signal,retained_K230_signal_exit
U1:V13,BANK0_GPIO12,signal,retained_K230_signal_exit
U1:V14,BANK0_GPIO6,signal,retained_K230_signal_exit
U1:V15,BANK0_GPIO3,signal,retained_K230_signal_exit
U1:V16,DDR_DQA1,signal,complete_DDR_ball_to_ball
U1:V17,DDR_DMIA0,signal,complete_DDR_ball_to_ball
U1:V18,DDR_DQA5,signal,complete_DDR_ball_to_ball
U1:V19,DDR_DQSA1_N,signal,complete_DDR_ball_to_ball
U1:V20,DDR_DQSA1_P,signal,complete_DDR_ball_to_ball
U1:W1,GND,ground,actual_ball_to_plane_port_via_no_PDN_claim
U1:W2,CSI0_CLK_P,signal,retained_K230_signal_exit
U1:W3,CSI0_D0_N,signal,retained_K230_signal_exit
U1:W4,CSI1_D2_P,signal,retained_K230_signal_exit
U1:W5,CSI1_CLK_N,signal,retained_K230_signal_exit
U1:W6,CSI1_D3_N,signal,retained_K230_signal_exit
U1:W7,DSI_D3_N,signal,retained_K230_signal_exit
U1:W8,DSI_D2_P,signal,retained_K230_signal_exit
U1:W9,DSI_CLK_N,signal,retained_K230_signal_exit
U1:W10,DSI_D0_P,signal,retained_K230_signal_exit
U1:W11,DSI_D1_N,signal,retained_K230_signal_exit
U1:W12,BANK2_GPIO35,signal,retained_K230_signal_exit
U1:W13,BANK2_GPIO27,signal,retained_K230_signal_exit
U1:W14,BANK0_GPIO7,signal,retained_K230_signal_exit
U1:W15,BANK0_GPIO2,signal,retained_K230_signal_exit
U1:W16,GND,ground,actual_ball_to_plane_port_via_no_PDN_claim
U1:W17,DDR_DQSA0_P,signal,complete_DDR_ball_to_ball
U1:W18,DDR_DQA6,signal,local_fanout_present_DDR_link_unsolved
U1:W19,DDR_DQA8,signal,complete_DDR_ball_to_ball
U1:W20,GND,ground,actual_ball_to_plane_port_via_no_PDN_claim
U1:Y1,,unused,isolated_physical_land
U1:Y2,CSI0_CLK_N,signal,retained_K230_signal_exit
U1:Y3,CSI0_D0_P,signal,retained_K230_signal_exit
U1:Y4,CSI1_D2_N,signal,retained_K230_signal_exit
U1:Y5,CSI1_CLK_P,signal,retained_K230_signal_exit
U1:Y6,CSI1_D3_P,signal,retained_K230_signal_exit
U1:Y7,DSI_D3_P,signal,retained_K230_signal_exit
U1:Y8,DSI_D2_N,signal,retained_K230_signal_exit
U1:Y9,DSI_CLK_P,signal,retained_K230_signal_exit
U1:Y10,DSI_D0_N,signal,retained_K230_signal_exit
U1:Y11,DSI_D1_P,signal,retained_K230_signal_exit
U1:Y12,BANK2_GPIO37,signal,retained_K230_signal_exit
U1:Y13,GND,ground,actual_ball_to_plane_port_via_no_PDN_claim
U1:Y14,BANK0_GPIO11,signal,retained_K230_signal_exit
U1:Y15,BANK0_GPIO4,signal,retained_K230_signal_exit
U1:Y16,DDR_DQA0,signal,complete_DDR_ball_to_ball
U1:Y17,DDR_DQSA0_N,signal,complete_DDR_ball_to_ball
U1:Y18,DDR_DQA7,signal,local_fanout_present_DDR_link_unsolved
U1:Y19,GND,ground,actual_ball_to_plane_port_via_no_PDN_claim
U1:Y20,,unused,isolated_physical_land
U2:A1,,unused,isolated_physical_land
U2:A2,,unused,isolated_physical_land
U2:A3,GND,ground,actual_ball_to_plane_port_via_no_PDN_claim
U2:A4,VDD1P1_DDR_IO,power,actual_ball_to_plane_port_via_no_PDN_claim
U2:A5,LPDDR4_ZQ,local_bias,local_bias_resistor_route_unsolved
U2:A8,,unused,isolated_physical_land
U2:A9,VDD1P1_DDR_IO,power,actual_ball_to_plane_port_via_no_PDN_claim
U2:A10,GND,ground,actual_ball_to_plane_port_via_no_PDN_claim
U2:A11,,unused,isolated_physical_land
U2:A12,,unused,isolated_physical_land
U2:B1,,unused,isolated_physical_land
U2:B2,DDR_DQA0,signal,complete_DDR_ball_to_ball
U2:B3,VDD1P1_DDR_IO,power,actual_ball_to_plane_port_via_no_PDN_claim
U2:B4,DDR_DQA7,signal,local_fanout_present_DDR_link_unsolved
U2:B5,VDD1P1_DDR_IO,power,actual_ball_to_plane_port_via_no_PDN_claim
U2:B8,VDD1P1_DDR_IO,power,actual_ball_to_plane_port_via_no_PDN_claim
U2:B9,DDR_DQA15,signal,local_fanout_present_DDR_link_unsolved
U2:B10,VDD1P1_DDR_IO,power,actual_ball_to_plane_port_via_no_PDN_claim
U2:B11,DDR_DQA8,signal,complete_DDR_ball_to_ball
U2:B12,,unused,isolated_physical_land
U2:C1,GND,ground,actual_ball_to_plane_port_via_no_PDN_claim
U2:C2,DDR_DQA1,signal,complete_DDR_ball_to_ball
U2:C3,DDR_DMIA0,signal,complete_DDR_ball_to_ball
U2:C4,DDR_DQA6,signal,local_fanout_present_DDR_link_unsolved
U2:C5,GND,ground,actual_ball_to_plane_port_via_no_PDN_claim
U2:C8,GND,ground,actual_ball_to_plane_port_via_no_PDN_claim
U2:C9,DDR_DQA14,signal,complete_DDR_ball_to_ball
U2:C10,DDR_DMIA1,signal,local_fanout_present_DDR_link_unsolved
U2:C11,DDR_DQA9,signal,complete_DDR_ball_to_ball
U2:C12,GND,ground,actual_ball_to_plane_port_via_no_PDN_claim
U2:D1,VDD1P1_DDR_IO,power,actual_ball_to_plane_port_via_no_PDN_claim
U2:D2,GND,ground,actual_ball_to_plane_port_via_no_PDN_claim
U2:D3,DDR_DQSA0_P,signal,complete_DDR_ball_to_ball
U2:D4,GND,ground,actual_ball_to_plane_port_via_no_PDN_claim
U2:D5,VDD1P1_DDR_IO,power,actual_ball_to_plane_port_via_no_PDN_claim
U2:D8,VDD1P1_DDR_IO,power,actual_ball_to_plane_port_via_no_PDN_claim
U2:D9,GND,ground,actual_ball_to_plane_port_via_no_PDN_claim
U2:D10,DDR_DQSA1_P,signal,complete_DDR_ball_to_ball
U2:D11,GND,ground,actual_ball_to_plane_port_via_no_PDN_claim
U2:D12,VDD1P1_DDR_IO,power,actual_ball_to_plane_port_via_no_PDN_claim
U2:E1,GND,ground,actual_ball_to_plane_port_via_no_PDN_claim
U2:E2,DDR_DQA2,signal,complete_DDR_ball_to_ball
U2:E3,DDR_DQSA0_N,signal,complete_DDR_ball_to_ball
U2:E4,DDR_DQA5,signal,complete_DDR_ball_to_ball
U2:E5,GND,ground,actual_ball_to_plane_port_via_no_PDN_claim
U2:E8,GND,ground,actual_ball_to_plane_port_via_no_PDN_claim
U2:E9,DDR_DQA13,signal,complete_DDR_ball_to_ball
U2:E10,DDR_DQSA1_N,signal,complete_DDR_ball_to_ball
U2:E11,DDR_DQA10,signal,local_fanout_present_DDR_link_unsolved
U2:E12,GND,ground,actual_ball_to_plane_port_via_no_PDN_claim
U2:F1,VDD1P8,power,actual_ball_to_plane_port_via_no_PDN_claim
U2:F2,DDR_DQA3,signal,complete_DDR_ball_to_ball
U2:F3,VDD1P1_DDR_IO,power,actual_ball_to_plane_port_via_no_PDN_claim
U2:F4,DDR_DQA4,signal,complete_DDR_ball_to_ball
U2:F5,VDD1P1_DDR_IO,power,actual_ball_to_plane_port_via_no_PDN_claim
U2:F8,VDD1P1_DDR_IO,power,actual_ball_to_plane_port_via_no_PDN_claim
U2:F9,DDR_DQA12,signal,complete_DDR_ball_to_ball
U2:F10,VDD1P1_DDR_IO,power,actual_ball_to_plane_port_via_no_PDN_claim
U2:F11,DDR_DQA11,signal,local_fanout_present_DDR_link_unsolved
U2:F12,VDD1P8,power,actual_ball_to_plane_port_via_no_PDN_claim
U2:G1,GND,ground,actual_ball_to_plane_port_via_no_PDN_claim
U2:G2,LPDDR4_ODT_A,local_bias,local_bias_resistor_route_unsolved
U2:G3,GND,ground,actual_ball_to_plane_port_via_no_PDN_claim
U2:G4,VDD1P8,power,actual_ball_to_plane_port_via_no_PDN_claim
U2:G5,GND,ground,actual_ball_to_plane_port_via_no_PDN_claim
U2:G8,GND,ground,actual_ball_to_plane_port_via_no_PDN_claim
U2:G9,VDD1P8,power,actual_ball_to_plane_port_via_no_PDN_claim
U2:G10,GND,ground,actual_ball_to_plane_port_via_no_PDN_claim
U2:G11,,unused,isolated_physical_land
U2:G12,GND,ground,actual_ball_to_plane_port_via_no_PDN_claim
U2:H1,VDD1P1_DDR_IO,power,actual_ball_to_plane_port_via_no_PDN_claim
U2:H2,DDR_CAA0,signal,complete_DDR_ball_to_ball
U2:H3,,unused,isolated_physical_land
U2:H4,DDR_CSA0,signal,local_fanout_present_DDR_link_unsolved
U2:H5,VDD1P1_DDR_IO,power,actual_ball_to_plane_port_via_no_PDN_claim
U2:H8,VDD1P1_DDR_IO,power,actual_ball_to_plane_port_via_no_PDN_claim
U2:H9,DDR_CAA2,signal,local_fanout_present_DDR_link_unsolved
U2:H10,DDR_CAA3,signal,local_fanout_present_DDR_link_unsolved
U2:H11,DDR_CAA4,signal,local_fanout_present_DDR_link_unsolved
U2:H12,VDD1P1_DDR_IO,power,actual_ball_to_plane_port_via_no_PDN_claim
U2:J1,GND,ground,actual_ball_to_plane_port_via_no_PDN_claim
U2:J2,DDR_CAA1,signal,local_fanout_present_DDR_link_unsolved
U2:J3,GND,ground,actual_ball_to_plane_port_via_no_PDN_claim
U2:J4,DDR_CKEA0,signal,complete_DDR_ball_to_ball
U2:J5,,unused,isolated_physical_land
U2:J8,DDR_CLKA_P,signal,complete_DDR_ball_to_ball
U2:J9,DDR_CLKA_N,signal,complete_DDR_ball_to_ball
U2:J10,GND,ground,actual_ball_to_plane_port_via_no_PDN_claim
U2:J11,DDR_CAA5,signal,complete_DDR_ball_to_ball
U2:J12,GND,ground,actual_ball_to_plane_port_via_no_PDN_claim
U2:K1,VDD1P1_DDR_IO,power,actual_ball_to_plane_port_via_no_PDN_claim
U2:K2,GND,ground,actual_ball_to_plane_port_via_no_PDN_claim
U2:K3,VDD1P1_DDR_IO,power,actual_ball_to_plane_port_via_no_PDN_claim
U2:K4,GND,ground,actual_ball_to_plane_port_via_no_PDN_claim
U2:K5,,unused,isolated_physical_land
U2:K8,,unused,isolated_physical_land
U2:K9,GND,ground,actual_ball_to_plane_port_via_no_PDN_claim
U2:K10,VDD1P1_DDR_IO,power,actual_ball_to_plane_port_via_no_PDN_claim
U2:K11,GND,ground,actual_ball_to_plane_port_via_no_PDN_claim
U2:K12,VDD1P1_DDR_IO,power,actual_ball_to_plane_port_via_no_PDN_claim
U2:N1,VDD1P1_DDR_IO,power,actual_ball_to_plane_port_via_no_PDN_claim
U2:N2,GND,ground,actual_ball_to_plane_port_via_no_PDN_claim
U2:N3,VDD1P1_DDR_IO,power,actual_ball_to_plane_port_via_no_PDN_claim
U2:N4,GND,ground,actual_ball_to_plane_port_via_no_PDN_claim
U2:N5,,unused,isolated_physical_land
U2:N8,,unused,isolated_physical_land
U2:N9,GND,ground,actual_ball_to_plane_port_via_no_PDN_claim
U2:N10,VDD1P1_DDR_IO,power,actual_ball_to_plane_port_via_no_PDN_claim
U2:N11,GND,ground,actual_ball_to_plane_port_via_no_PDN_claim
U2:N12,VDD1P1_DDR_IO,power,actual_ball_to_plane_port_via_no_PDN_claim
U2:P1,GND,ground,actual_ball_to_plane_port_via_no_PDN_claim
U2:P2,DDR_CAB1,signal,local_fanout_present_DDR_link_unsolved
U2:P3,GND,ground,actual_ball_to_plane_port_via_no_PDN_claim
U2:P4,DDR_CKEB0,signal,local_fanout_present_DDR_link_unsolved
U2:P5,,unused,isolated_physical_land
U2:P8,DDR_CLKB_P,signal,complete_DDR_ball_to_ball
U2:P9,DDR_CLKB_N,signal,complete_DDR_ball_to_ball
U2:P10,GND,ground,actual_ball_to_plane_port_via_no_PDN_claim
U2:P11,DDR_CAB5,signal,complete_DDR_ball_to_ball
U2:P12,GND,ground,actual_ball_to_plane_port_via_no_PDN_claim
U2:R1,VDD1P1_DDR_IO,power,actual_ball_to_plane_port_via_no_PDN_claim
U2:R2,DDR_CAB0,signal,local_fanout_present_DDR_link_unsolved
U2:R3,,unused,isolated_physical_land
U2:R4,DDR_CSB0,signal,local_fanout_present_DDR_link_unsolved
U2:R5,VDD1P1_DDR_IO,power,actual_ball_to_plane_port_via_no_PDN_claim
U2:R8,VDD1P1_DDR_IO,power,actual_ball_to_plane_port_via_no_PDN_claim
U2:R9,DDR_CAB2,signal,local_fanout_present_DDR_link_unsolved
U2:R10,DDR_CAB3,signal,local_fanout_present_DDR_link_unsolved
U2:R11,DDR_CAB4,signal,complete_DDR_ball_to_ball
U2:R12,VDD1P1_DDR_IO,power,actual_ball_to_plane_port_via_no_PDN_claim
U2:T1,GND,ground,actual_ball_to_plane_port_via_no_PDN_claim
U2:T2,LPDDR4_ODT_B,local_bias,local_bias_resistor_route_unsolved
U2:T3,GND,ground,actual_ball_to_plane_port_via_no_PDN_claim
U2:T4,VDD1P8,power,actual_ball_to_plane_port_via_no_PDN_claim
U2:T5,GND,ground,actual_ball_to_plane_port_via_no_PDN_claim
U2:T8,GND,ground,actual_ball_to_plane_port_via_no_PDN_claim
U2:T9,VDD1P8,power,actual_ball_to_plane_port_via_no_PDN_claim
U2:T10,GND,ground,actual_ball_to_plane_port_via_no_PDN_claim
U2:T11,DDR_RESET,signal,local_fanout_present_DDR_link_unsolved
U2:T12,GND,ground,actual_ball_to_plane_port_via_no_PDN_claim
U2:U1,VDD1P8,power,actual_ball_to_plane_port_via_no_PDN_claim
U2:U2,DDR_DQB3,signal,complete_DDR_ball_to_ball
U2:U3,VDD1P1_DDR_IO,power,actual_ball_to_plane_port_via_no_PDN_claim
U2:U4,DDR_DQB4,signal,complete_DDR_ball_to_ball
U2:U5,VDD1P1_DDR_IO,power,actual_ball_to_plane_port_via_no_PDN_claim
U2:U8,VDD1P1_DDR_IO,power,actual_ball_to_plane_port_via_no_PDN_claim
U2:U9,DDR_DQB12,signal,complete_DDR_ball_to_ball
U2:U10,VDD1P1_DDR_IO,power,actual_ball_to_plane_port_via_no_PDN_claim
U2:U11,DDR_DQB11,signal,complete_DDR_ball_to_ball
U2:U12,VDD1P8,power,actual_ball_to_plane_port_via_no_PDN_claim
U2:V1,GND,ground,actual_ball_to_plane_port_via_no_PDN_claim
U2:V2,DDR_DQB2,signal,local_fanout_present_DDR_link_unsolved
U2:V3,DDR_DQSB0_N,signal,complete_DDR_ball_to_ball
U2:V4,DDR_DQB5,signal,local_fanout_present_DDR_link_unsolved
U2:V5,GND,ground,actual_ball_to_plane_port_via_no_PDN_claim
U2:V8,GND,ground,actual_ball_to_plane_port_via_no_PDN_claim
U2:V9,DDR_DQB13,signal,complete_DDR_ball_to_ball
U2:V10,DDR_DQSB1_N,signal,complete_DDR_ball_to_ball
U2:V11,DDR_DQB10,signal,complete_DDR_ball_to_ball
U2:V12,GND,ground,actual_ball_to_plane_port_via_no_PDN_claim
U2:W1,VDD1P1_DDR_IO,power,actual_ball_to_plane_port_via_no_PDN_claim
U2:W2,GND,ground,actual_ball_to_plane_port_via_no_PDN_claim
U2:W3,DDR_DQSB0_P,signal,complete_DDR_ball_to_ball
U2:W4,GND,ground,actual_ball_to_plane_port_via_no_PDN_claim
U2:W5,VDD1P1_DDR_IO,power,actual_ball_to_plane_port_via_no_PDN_claim
U2:W8,VDD1P1_DDR_IO,power,actual_ball_to_plane_port_via_no_PDN_claim
U2:W9,GND,ground,actual_ball_to_plane_port_via_no_PDN_claim
U2:W10,DDR_DQSB1_P,signal,complete_DDR_ball_to_ball
U2:W11,GND,ground,actual_ball_to_plane_port_via_no_PDN_claim
U2:W12,VDD1P1_DDR_IO,power,actual_ball_to_plane_port_via_no_PDN_claim
U2:Y1,GND,ground,actual_ball_to_plane_port_via_no_PDN_claim
U2:Y2,DDR_DQB1,signal,local_fanout_present_DDR_link_unsolved
U2:Y3,DDR_DMIB0,signal,local_fanout_present_DDR_link_unsolved
U2:Y4,DDR_DQB6,signal,complete_DDR_ball_to_ball
U2:Y5,GND,ground,actual_ball_to_plane_port_via_no_PDN_claim
U2:Y8,GND,ground,actual_ball_to_plane_port_via_no_PDN_claim
U2:Y9,DDR_DQB14,signal,local_fanout_present_DDR_link_unsolved
U2:Y10,DDR_DMIB1,signal,local_fanout_present_DDR_link_unsolved
U2:Y11,DDR_DQB9,signal,local_fanout_present_DDR_link_unsolved
U2:Y12,GND,ground,actual_ball_to_plane_port_via_no_PDN_claim
U2:AA1,,unused,isolated_physical_land
U2:AA2,DDR_DQB0,signal,complete_DDR_ball_to_ball
U2:AA3,VDD1P1_DDR_IO,power,actual_ball_to_plane_port_via_no_PDN_claim
U2:AA4,DDR_DQB7,signal,local_fanout_present_DDR_link_unsolved
U2:AA5,VDD1P1_DDR_IO,power,actual_ball_to_plane_port_via_no_PDN_claim
U2:AA8,VDD1P1_DDR_IO,power,actual_ball_to_plane_port_via_no_PDN_claim
U2:AA9,DDR_DQB15,signal,local_fanout_present_DDR_link_unsolved
U2:AA10,VDD1P1_DDR_IO,power,actual_ball_to_plane_port_via_no_PDN_claim
U2:AA11,DDR_DQB8,signal,complete_DDR_ball_to_ball
U2:AA12,,unused,isolated_physical_land
U2:AB1,,unused,isolated_physical_land
U2:AB2,,unused,isolated_physical_land
U2:AB3,GND,ground,actual_ball_to_plane_port_via_no_PDN_claim
U2:AB4,VDD1P1_DDR_IO,power,actual_ball_to_plane_port_via_no_PDN_claim
U2:AB5,GND,ground,actual_ball_to_plane_port_via_no_PDN_claim
U2:AB8,GND,ground,actual_ball_to_plane_port_via_no_PDN_claim
U2:AB9,VDD1P1_DDR_IO,power,actual_ball_to_plane_port_via_no_PDN_claim
U2:AB10,GND,ground,actual_ball_to_plane_port_via_no_PDN_claim
U2:AB11,,unused,isolated_physical_land
U2:AB12,,unused,isolated_physical_land
