ball,net,category,xy,pad,hole,added_outer_ddr_transition,retained_annuli,functional_layers,ref,id
A9,GND,ground,"[25.65, 17.5]",0.325,0.15,False,"[""L1"", ""L2"", ""L3"", ""L4"", ""L5"", ""L6"", ""L7"", ""L8""]","[""L1"", ""L2"", ""L4"", ""L7""]",U1,U1:A9
A13,GND,ground,"[23.05, 17.5]",0.325,0.15,False,"[""L1"", ""L2"", ""L3"", ""L4"", ""L5"", ""L6"", ""L7"", ""L8""]","[""L1"", ""L2"", ""L4"", ""L7""]",U1,U1:A13
A14,DDR_DQB0,signal,"[22.4, 17.5]",0.325,0.15,True,"[""L1"", ""L2"", ""L3"", ""L4"", ""L5"", ""L6"", ""L7"", ""L8""]","[""L1"", ""L8""]",U1,U1:A14
A15,DDR_DQSB0_N,signal,"[21.75, 17.5]",0.325,0.15,True,"[""L1"", ""L2"", ""L3"", ""L4"", ""L5"", ""L6"", ""L7"", ""L8""]","[""L1"", ""L8""]",U1,U1:A15
A16,GND,ground,"[21.1, 17.5]",0.325,0.15,False,"[""L1"", ""L2"", ""L3"", ""L4"", ""L5"", ""L6"", ""L7"", ""L8""]","[""L1"", ""L2"", ""L4"", ""L7""]",U1,U1:A16
A17,DDR_DQB1,signal,"[20.45, 17.5]",0.325,0.15,True,"[""L1"", ""L2"", ""L3"", ""L4"", ""L5"", ""L6"", ""L7"", ""L8""]","[""L1"", ""L8""]",U1,U1:A17
A18,DDR_DQSB1_N,signal,"[19.8, 17.5]",0.325,0.15,True,"[""L1"", ""L2"", ""L3"", ""L4"", ""L5"", ""L6"", ""L7"", ""L8""]","[""L1"", ""L3""]",U1,U1:A18
A19,GND,ground,"[19.15, 17.5]",0.325,0.15,False,"[""L1"", ""L2"", ""L3"", ""L4"", ""L5"", ""L6"", ""L7"", ""L8""]","[""L1"", ""L2"", ""L4"", ""L7""]",U1,U1:A19
B2,USB0_N,signal,"[30.2, 16.85]",0.325,0.15,False,"[""L1"", ""L2"", ""L3"", ""L4"", ""L5"", ""L6"", ""L7"", ""L8""]","[""L1"", ""L6""]",U1,U1:B2
B3,USB1_ID,signal,"[29.55, 16.85]",0.325,0.15,False,"[""L1"", ""L2"", ""L3"", ""L4"", ""L5"", ""L6"", ""L7"", ""L8""]","[""L1"", ""L6""]",U1,U1:B3
B4,USB1_P,signal,"[28.9, 16.85]",0.325,0.15,False,"[""L1"", ""L2"", ""L3"", ""L4"", ""L5"", ""L6"", ""L7"", ""L8""]","[""L1"", ""L6""]",U1,U1:B4
B5,MMC0_D2,signal,"[28.25, 16.85]",0.325,0.15,False,"[""L1"", ""L2"", ""L3"", ""L4"", ""L5"", ""L6"", ""L7"", ""L8""]","[""L1"", ""L6""]",U1,U1:B5
B6,MMC0_STROBE,signal,"[27.6, 16.85]",0.325,0.15,False,"[""L1"", ""L2"", ""L3"", ""L4"", ""L5"", ""L6"", ""L7"", ""L8""]","[""L1"", ""L6""]",U1,U1:B6
B7,MMC0_D6,signal,"[26.95, 16.85]",0.325,0.15,False,"[""L1"", ""L2"", ""L3"", ""L4"", ""L5"", ""L6"", ""L7"", ""L8""]","[""L1"", ""L6""]",U1,U1:B7
B8,CLK24_XIN,signal,"[26.3, 16.85]",0.325,0.15,False,"[""L1"", ""L2"", ""L3"", ""L4"", ""L5"", ""L6"", ""L7"", ""L8""]","[""L1"", ""L6""]",U1,U1:B8
B9,SOC_RSTN,signal,"[25.65, 16.85]",0.325,0.15,False,"[""L1"", ""L2"", ""L3"", ""L4"", ""L5"", ""L6"", ""L7"", ""L8""]","[""L1"", ""L6""]",U1,U1:B9
B10,PWR_CPU_SCL,signal,"[25.0, 16.85]",0.325,0.15,False,"[""L1"", ""L2"", ""L3"", ""L4"", ""L5"", ""L6"", ""L7"", ""L8""]","[""L1"", ""L6""]",U1,U1:B10
B11,PMU_OUT0_STATUS,signal,"[24.35, 16.85]",0.325,0.15,False,"[""L1"", ""L2"", ""L3"", ""L4"", ""L5"", ""L6"", ""L7"", ""L8""]","[""L1"", ""L6""]",U1,U1:B11
B12,RTC_XIN,signal,"[23.7, 16.85]",0.325,0.15,False,"[""L1"", ""L2"", ""L3"", ""L4"", ""L5"", ""L6"", ""L7"", ""L8""]","[""L1"", ""L6""]",U1,U1:B12
B13,GND,ground,"[23.05, 16.85]",0.325,0.15,False,"[""L1"", ""L2"", ""L3"", ""L4"", ""L5"", ""L6"", ""L7"", ""L8""]","[""L1"", ""L2"", ""L4"", ""L7""]",U1,U1:B13
B14,DDR_DQB3,signal,"[22.4, 16.85]",0.325,0.15,False,"[""L1"", ""L2"", ""L3"", ""L4"", ""L5"", ""L6"", ""L7"", ""L8""]","[""L1"", ""L8""]",U1,U1:B14
B15,DDR_DQSB0_P,signal,"[21.75, 16.85]",0.325,0.15,False,"[""L1"", ""L2"", ""L3"", ""L4"", ""L5"", ""L6"", ""L7"", ""L8""]","[""L1"", ""L8""]",U1,U1:B15
B16,DDR_DQB5,signal,"[21.1, 16.85]",0.325,0.15,False,"[""L1"", ""L2"", ""L3"", ""L4"", ""L5"", ""L6"", ""L7"", ""L8""]","[""L1"", ""L8""]",U1,U1:B16
B17,DDR_DQB7,signal,"[20.45, 16.85]",0.325,0.15,False,"[""L1"", ""L2"", ""L3"", ""L4"", ""L5"", ""L6"", ""L7"", ""L8""]","[""L1"", ""L8""]",U1,U1:B17
B18,DDR_DQSB1_P,signal,"[19.8, 16.85]",0.325,0.15,False,"[""L1"", ""L2"", ""L3"", ""L4"", ""L5"", ""L6"", ""L7"", ""L8""]","[""L1"", ""L3""]",U1,U1:B18
B19,DDR_DQB15,signal,"[19.15, 16.85]",0.325,0.15,False,"[""L1"", ""L2"", ""L3"", ""L4"", ""L5"", ""L6"", ""L7"", ""L8""]","[""L1"", ""L3""]",U1,U1:B19
B20,GND,ground,"[18.5, 16.85]",0.325,0.15,False,"[""L1"", ""L2"", ""L3"", ""L4"", ""L5"", ""L6"", ""L7"", ""L8""]","[""L1"", ""L2"", ""L4"", ""L7""]",U1,U1:B20
C2,ADC0,signal,"[30.2, 16.2]",0.325,0.15,False,"[""L1"", ""L2"", ""L3"", ""L4"", ""L5"", ""L6"", ""L7"", ""L8""]","[""L1"", ""L6""]",U1,U1:C2
C3,USB0_VBUS,signal,"[29.55, 16.2]",0.325,0.15,False,"[""L1"", ""L2"", ""L3"", ""L4"", ""L5"", ""L6"", ""L7"", ""L8""]","[""L1"", ""L8""]",U1,U1:C3
C4,USB1_TXRTUNE,signal,"[28.9, 16.2]",0.325,0.15,False,"[""L1"", ""L2"", ""L3"", ""L4"", ""L5"", ""L6"", ""L7"", ""L8""]","[""L1"", ""L3""]",U1,U1:C4
C5,MMC0_D1,signal,"[28.25, 16.2]",0.325,0.15,False,"[""L1"", ""L2"", ""L3"", ""L4"", ""L5"", ""L6"", ""L7"", ""L8""]","[""L1"", ""L6""]",U1,U1:C5
C6,MMC0_D3,signal,"[27.6, 16.2]",0.325,0.15,False,"[""L1"", ""L2"", ""L3"", ""L4"", ""L5"", ""L6"", ""L7"", ""L8""]","[""L1"", ""L8""]",U1,U1:C6
C7,MMC0_D7,signal,"[26.95, 16.2]",0.325,0.15,False,"[""L1"", ""L2"", ""L3"", ""L4"", ""L5"", ""L6"", ""L7"", ""L8""]","[""L1"", ""L3""]",U1,U1:C7
C8,BOOT0,signal,"[26.3, 16.2]",0.325,0.15,False,"[""L1"", ""L2"", ""L3"", ""L4"", ""L5"", ""L6"", ""L7"", ""L8""]","[""L1"", ""L6""]",U1,U1:C8
C9,BOOT1,signal,"[25.65, 16.2]",0.325,0.15,False,"[""L1"", ""L2"", ""L3"", ""L4"", ""L5"", ""L6"", ""L7"", ""L8""]","[""L1"", ""L8""]",U1,U1:C9
C10,PMU_INT0,signal,"[25.0, 16.2]",0.325,0.15,False,"[""L1"", ""L2"", ""L3"", ""L4"", ""L5"", ""L6"", ""L7"", ""L8""]","[""L1"", ""L8""]",U1,U1:C10
C11,PMU_OUT1_STATUS,signal,"[24.35, 16.2]",0.325,0.15,False,"[""L1"", ""L2"", ""L3"", ""L4"", ""L5"", ""L6"", ""L7"", ""L8""]","[""L1"", ""L3""]",U1,U1:C11
C12,PMU_INT4_AUTO_START,signal,"[23.7, 16.2]",0.325,0.15,False,"[""L1"", ""L2"", ""L3"", ""L4"", ""L5"", ""L6"", ""L7"", ""L8""]","[""L1"", ""L6""]",U1,U1:C12
C13,GND,ground,"[23.05, 16.2]",0.325,0.15,False,"[""L1"", ""L2"", ""L3"", ""L4"", ""L5"", ""L6"", ""L7"", ""L8""]","[""L1"", ""L2"", ""L4"", ""L7""]",U1,U1:C13
C14,DDR_DQB2,signal,"[22.4, 16.2]",0.325,0.15,False,"[""L1"", ""L2"", ""L3"", ""L4"", ""L5"", ""L6"", ""L7"", ""L8""]","[""L1"", ""L8""]",U1,U1:C14
C15,DDR_DMIB0,signal,"[21.75, 16.2]",0.325,0.15,False,"[""L1"", ""L2"", ""L3"", ""L4"", ""L5"", ""L6"", ""L7"", ""L8""]","[""L1"", ""L8""]",U1,U1:C15
C16,DDR_DQB6,signal,"[21.1, 16.2]",0.325,0.15,False,"[""L1"", ""L2"", ""L3"", ""L4"", ""L5"", ""L6"", ""L7"", ""L8""]","[""L1"", ""L8""]",U1,U1:C16
C17,DDR_DQB9,signal,"[20.45, 16.2]",0.325,0.15,False,"[""L1"", ""L2"", ""L3"", ""L4"", ""L5"", ""L6"", ""L7"", ""L8""]","[""L1"", ""L3""]",U1,U1:C17
C18,DDR_DQB8,signal,"[19.8, 16.2]",0.325,0.15,False,"[""L1"", ""L2"", ""L3"", ""L4"", ""L5"", ""L6"", ""L7"", ""L8""]","[""L1"", ""L3""]",U1,U1:C18
C19,DDR_DQB14,signal,"[19.15, 16.2]",0.325,0.15,False,"[""L1"", ""L2"", ""L3"", ""L4"", ""L5"", ""L6"", ""L7"", ""L8""]","[""L1"", ""L3""]",U1,U1:C19
D2,ADC1,signal,"[30.2, 15.55]",0.325,0.15,False,"[""L1"", ""L2"", ""L3"", ""L4"", ""L5"", ""L6"", ""L7"", ""L8""]","[""L1"", ""L6""]",U1,U1:D2
D3,USB0_ID,signal,"[29.55, 15.55]",0.325,0.15,False,"[""L1"", ""L2"", ""L3"", ""L4"", ""L5"", ""L6"", ""L7"", ""L8""]","[""L1"", ""L3""]",U1,U1:D3
D4,USB0_TXRTUNE,signal,"[28.9, 15.55]",0.325,0.15,False,"[""L1"", ""L2"", ""L3"", ""L4"", ""L5"", ""L6"", ""L7"", ""L8""]","[""L1"", ""L8""]",U1,U1:D4
D5,MMC0_D0,signal,"[28.25, 15.55]",0.325,0.15,False,"[""L1"", ""L2"", ""L3"", ""L4"", ""L5"", ""L6"", ""L7"", ""L8""]","[""L1"", ""L3""]",U1,U1:D5
D6,MMC0_CMD,signal,"[27.6, 15.55]",0.325,0.15,False,"[""L1"", ""L2"", ""L3"", ""L4"", ""L5"", ""L6"", ""L7"", ""L8""]","[""L1"", ""L6""]",U1,U1:D6
D7,MMC0_D4,signal,"[26.95, 15.55]",0.325,0.15,False,"[""L1"", ""L2"", ""L3"", ""L4"", ""L5"", ""L6"", ""L7"", ""L8""]","[""L1"", ""L8""]",U1,U1:D7
D9,GND,ground,"[25.65, 15.55]",0.325,0.15,False,"[""L1"", ""L2"", ""L3"", ""L4"", ""L5"", ""L6"", ""L7"", ""L8""]","[""L1"", ""L2"", ""L4"", ""L7""]",U1,U1:D9
D10,GND,ground,"[25.0, 15.55]",0.325,0.15,False,"[""L1"", ""L2"", ""L3"", ""L4"", ""L5"", ""L6"", ""L7"", ""L8""]","[""L1"", ""L2"", ""L4"", ""L7""]",U1,U1:D10
D11,GND,ground,"[24.35, 15.55]",0.325,0.15,False,"[""L1"", ""L2"", ""L3"", ""L4"", ""L5"", ""L6"", ""L7"", ""L8""]","[""L1"", ""L2"", ""L4"", ""L7""]",U1,U1:D11
D12,PWR_KPU_SDA,signal,"[23.7, 15.55]",0.325,0.15,False,"[""L1"", ""L2"", ""L3"", ""L4"", ""L5"", ""L6"", ""L7"", ""L8""]","[""L1"", ""L6""]",U1,U1:D12
D13,GND,ground,"[23.05, 15.55]",0.325,0.15,False,"[""L1"", ""L2"", ""L3"", ""L4"", ""L5"", ""L6"", ""L7"", ""L8""]","[""L1"", ""L2"", ""L4"", ""L7""]",U1,U1:D13
D14,DDR_DQB4,signal,"[22.4, 15.55]",0.325,0.15,False,"[""L1"", ""L2"", ""L3"", ""L4"", ""L5"", ""L6"", ""L7"", ""L8""]","[""L1"", ""L8""]",U1,U1:D14
D15,GND,ground,"[21.75, 15.55]",0.325,0.15,False,"[""L1"", ""L2"", ""L3"", ""L4"", ""L5"", ""L6"", ""L7"", ""L8""]","[""L1"", ""L2"", ""L4"", ""L7""]",U1,U1:D15
D16,DDR_DQB13,signal,"[21.1, 15.55]",0.325,0.15,False,"[""L1"", ""L2"", ""L3"", ""L4"", ""L5"", ""L6"", ""L7"", ""L8""]","[""L1"", ""L3""]",U1,U1:D16
D17,DDR_DQB10,signal,"[20.45, 15.55]",0.325,0.15,False,"[""L1"", ""L2"", ""L3"", ""L4"", ""L5"", ""L6"", ""L7"", ""L8""]","[""L1"", ""L3""]",U1,U1:D17
D18,DDR_DMIB1,signal,"[19.8, 15.55]",0.325,0.15,False,"[""L1"", ""L2"", ""L3"", ""L4"", ""L5"", ""L6"", ""L7"", ""L8""]","[""L1"", ""L3""]",U1,U1:D18
E2,MIC_NL,signal,"[30.2, 14.9]",0.325,0.15,False,"[""L1"", ""L2"", ""L3"", ""L4"", ""L5"", ""L6"", ""L7"", ""L8""]","[""L1"", ""L6""]",U1,U1:E2
E3,MIC_BIAS,signal,"[29.55, 14.9]",0.325,0.15,False,"[""L1"", ""L2"", ""L3"", ""L4"", ""L5"", ""L6"", ""L7"", ""L8""]","[""L1"", ""L6""]",U1,U1:E3
E4,GND,ground,"[28.9, 14.9]",0.325,0.15,False,"[""L1"", ""L2"", ""L3"", ""L4"", ""L5"", ""L6"", ""L7"", ""L8""]","[""L1"", ""L2"", ""L4"", ""L7""]",U1,U1:E4
E6,GND,ground,"[27.6, 14.9]",0.325,0.15,False,"[""L1"", ""L2"", ""L3"", ""L4"", ""L5"", ""L6"", ""L7"", ""L8""]","[""L1"", ""L2"", ""L4"", ""L7""]",U1,U1:E6
E7,GND,ground,"[26.95, 14.9]",0.325,0.15,False,"[""L1"", ""L2"", ""L3"", ""L4"", ""L5"", ""L6"", ""L7"", ""L8""]","[""L1"", ""L2"", ""L4"", ""L7""]",U1,U1:E7
E8,GND,ground,"[26.3, 14.9]",0.325,0.15,False,"[""L1"", ""L2"", ""L3"", ""L4"", ""L5"", ""L6"", ""L7"", ""L8""]","[""L1"", ""L2"", ""L4"", ""L7""]",U1,U1:E8
E9,AVDD3P3_USB,power,"[25.65, 14.9]",0.325,0.15,False,"[""L1"", ""L2"", ""L3"", ""L4"", ""L5"", ""L6"", ""L7"", ""L8""]","[""L1"", ""L5""]",U1,U1:E9
E10,VDD3P3_SD,power,"[25.0, 14.9]",0.325,0.15,False,"[""L1"", ""L2"", ""L3"", ""L4"", ""L5"", ""L6"", ""L7"", ""L8""]","[""L1"", ""L5""]",U1,U1:E10
E11,VDD1P8,power,"[24.35, 14.9]",0.325,0.15,False,"[""L1"", ""L2"", ""L3"", ""L4"", ""L5"", ""L6"", ""L7"", ""L8""]","[""L1"", ""L5""]",U1,U1:E11
E12,GND,ground,"[23.7, 14.9]",0.325,0.15,False,"[""L1"", ""L2"", ""L3"", ""L4"", ""L5"", ""L6"", ""L7"", ""L8""]","[""L1"", ""L2"", ""L4"", ""L7""]",U1,U1:E12
E13,GND,ground,"[23.05, 14.9]",0.325,0.15,False,"[""L1"", ""L2"", ""L3"", ""L4"", ""L5"", ""L6"", ""L7"", ""L8""]","[""L1"", ""L2"", ""L4"", ""L7""]",U1,U1:E13
E14,GND,ground,"[22.4, 14.9]",0.325,0.15,False,"[""L1"", ""L2"", ""L3"", ""L4"", ""L5"", ""L6"", ""L7"", ""L8""]","[""L1"", ""L2"", ""L4"", ""L7""]",U1,U1:E14
E15,GND,ground,"[21.75, 14.9]",0.325,0.15,False,"[""L1"", ""L2"", ""L3"", ""L4"", ""L5"", ""L6"", ""L7"", ""L8""]","[""L1"", ""L2"", ""L4"", ""L7""]",U1,U1:E15
E16,GND,ground,"[21.1, 14.9]",0.325,0.15,False,"[""L1"", ""L2"", ""L3"", ""L4"", ""L5"", ""L6"", ""L7"", ""L8""]","[""L1"", ""L2"", ""L4"", ""L7""]",U1,U1:E16
E17,DDR_DQB11,signal,"[20.45, 14.9]",0.325,0.15,False,"[""L1"", ""L2"", ""L3"", ""L4"", ""L5"", ""L6"", ""L7"", ""L8""]","[""L1"", ""L3""]",U1,U1:E17
E18,DDR_DQB12,signal,"[19.8, 14.9]",0.325,0.15,False,"[""L1"", ""L2"", ""L3"", ""L4"", ""L5"", ""L6"", ""L7"", ""L8""]","[""L1"", ""L3""]",U1,U1:E18
E19,GND,ground,"[19.15, 14.9]",0.325,0.15,False,"[""L1"", ""L2"", ""L3"", ""L4"", ""L5"", ""L6"", ""L7"", ""L8""]","[""L1"", ""L2"", ""L4"", ""L7""]",U1,U1:E19
E20,DDR_CAB0,signal,"[18.5, 14.9]",0.325,0.15,True,"[""L1"", ""L2"", ""L3"", ""L4"", ""L5"", ""L6"", ""L7"", ""L8""]","[""L1"", ""L8""]",U1,U1:E20
F2,MIC_NR,signal,"[30.2, 14.25]",0.325,0.15,False,"[""L1"", ""L2"", ""L3"", ""L4"", ""L5"", ""L6"", ""L7"", ""L8""]","[""L1"", ""L6""]",U1,U1:F2
F3,CODEC_VCM,signal,"[29.55, 14.25]",0.325,0.15,False,"[""L1"", ""L2"", ""L3"", ""L4"", ""L5"", ""L6"", ""L7"", ""L8""]","[""L1"", ""L8""]",U1,U1:F3
F4,GND,ground,"[28.9, 14.25]",0.325,0.15,False,"[""L1"", ""L2"", ""L3"", ""L4"", ""L5"", ""L6"", ""L7"", ""L8""]","[""L1"", ""L2"", ""L4"", ""L7""]",U1,U1:F4
F6,GND,ground,"[27.6, 14.25]",0.325,0.15,False,"[""L1"", ""L2"", ""L3"", ""L4"", ""L5"", ""L6"", ""L7"", ""L8""]","[""L1"", ""L2"", ""L4"", ""L7""]",U1,U1:F6
F7,AVDD1P8_CODEC,power,"[26.95, 14.25]",0.325,0.15,False,"[""L1"", ""L2"", ""L3"", ""L4"", ""L5"", ""L6"", ""L7"", ""L8""]","[""L1"", ""L5""]",U1,U1:F7
F8,AVDD1P8_ADC,power,"[26.3, 14.25]",0.325,0.15,False,"[""L1"", ""L2"", ""L3"", ""L4"", ""L5"", ""L6"", ""L7"", ""L8""]","[""L1"", ""L5""]",U1,U1:F8
F9,AVDD1P8_USB,power,"[25.65, 14.25]",0.325,0.15,False,"[""L1"", ""L2"", ""L3"", ""L4"", ""L5"", ""L6"", ""L7"", ""L8""]","[""L1"", ""L5""]",U1,U1:F9
F10,GND,ground,"[25.0, 14.25]",0.325,0.15,False,"[""L1"", ""L2"", ""L3"", ""L4"", ""L5"", ""L6"", ""L7"", ""L8""]","[""L1"", ""L2"", ""L4"", ""L7""]",U1,U1:F10
F11,GND,ground,"[24.35, 14.25]",0.325,0.15,False,"[""L1"", ""L2"", ""L3"", ""L4"", ""L5"", ""L6"", ""L7"", ""L8""]","[""L1"", ""L2"", ""L4"", ""L7""]",U1,U1:F11
F12,VDD0P8_CORE,power,"[23.7, 14.25]",0.325,0.15,False,"[""L1"", ""L2"", ""L3"", ""L4"", ""L5"", ""L6"", ""L7"", ""L8""]","[""L1"", ""L5""]",U1,U1:F12
F13,VDD1P8,power,"[23.05, 14.25]",0.325,0.15,False,"[""L1"", ""L2"", ""L3"", ""L4"", ""L5"", ""L6"", ""L7"", ""L8""]","[""L1"", ""L5""]",U1,U1:F13
F14,AVDD1P8_PMU,power,"[22.4, 14.25]",0.325,0.15,False,"[""L1"", ""L2"", ""L3"", ""L4"", ""L5"", ""L6"", ""L7"", ""L8""]","[""L1"", ""L5""]",U1,U1:F14
F15,AVDD1P8_PMU,power,"[21.75, 14.25]",0.325,0.15,False,"[""L1"", ""L2"", ""L3"", ""L4"", ""L5"", ""L6"", ""L7"", ""L8""]","[""L1"", ""L5""]",U1,U1:F15
F16,GND,ground,"[21.1, 14.25]",0.325,0.15,False,"[""L1"", ""L2"", ""L3"", ""L4"", ""L5"", ""L6"", ""L7"", ""L8""]","[""L1"", ""L2"", ""L4"", ""L7""]",U1,U1:F16
F17,DDR_CAB4,signal,"[20.45, 14.25]",0.325,0.15,False,"[""L1"", ""L2"", ""L3"", ""L4"", ""L5"", ""L6"", ""L7"", ""L8""]","[""L1"", ""L8""]",U1,U1:F17
F19,DDR_CAB5,signal,"[19.15, 14.25]",0.325,0.15,False,"[""L1"", ""L2"", ""L3"", ""L4"", ""L5"", ""L6"", ""L7"", ""L8""]","[""L1"", ""L8""]",U1,U1:F19
F20,DDR_CLKB_N,signal,"[18.5, 14.25]",0.325,0.15,True,"[""L1"", ""L2"", ""L3"", ""L4"", ""L5"", ""L6"", ""L7"", ""L8""]","[""L1"", ""L8""]",U1,U1:F20
G2,HP_OUTR,signal,"[30.2, 13.6]",0.325,0.15,False,"[""L1"", ""L2"", ""L3"", ""L4"", ""L5"", ""L6"", ""L7"", ""L8""]","[""L1"", ""L6""]",U1,U1:G2
G3,ADC3,signal,"[29.55, 13.6]",0.325,0.15,False,"[""L1"", ""L2"", ""L3"", ""L4"", ""L5"", ""L6"", ""L7"", ""L8""]","[""L1"", ""L3""]",U1,U1:G3
G4,BANK3_GPIO48,signal,"[28.9, 13.6]",0.325,0.15,False,"[""L1"", ""L2"", ""L3"", ""L4"", ""L5"", ""L6"", ""L7"", ""L8""]","[""L1"", ""L3""]",U1,U1:G4
G5,BANK3_GPIO49,signal,"[28.25, 13.6]",0.325,0.15,False,"[""L1"", ""L2"", ""L3"", ""L4"", ""L5"", ""L6"", ""L7"", ""L8""]","[""L1"", ""L8""]",U1,U1:G5
G6,GND,ground,"[27.6, 13.6]",0.325,0.15,False,"[""L1"", ""L2"", ""L3"", ""L4"", ""L5"", ""L6"", ""L7"", ""L8""]","[""L1"", ""L2"", ""L4"", ""L7""]",U1,U1:G6
G7,GND,ground,"[26.95, 13.6]",0.325,0.15,False,"[""L1"", ""L2"", ""L3"", ""L4"", ""L5"", ""L6"", ""L7"", ""L8""]","[""L1"", ""L2"", ""L4"", ""L7""]",U1,U1:G7
G8,GND,ground,"[26.3, 13.6]",0.325,0.15,False,"[""L1"", ""L2"", ""L3"", ""L4"", ""L5"", ""L6"", ""L7"", ""L8""]","[""L1"", ""L2"", ""L4"", ""L7""]",U1,U1:G8
G9,VDD0P8_CORE,power,"[25.65, 13.6]",0.325,0.15,False,"[""L1"", ""L2"", ""L3"", ""L4"", ""L5"", ""L6"", ""L7"", ""L8""]","[""L1"", ""L5""]",U1,U1:G9
G10,VDD0P8_CORE,power,"[25.0, 13.6]",0.325,0.15,False,"[""L1"", ""L2"", ""L3"", ""L4"", ""L5"", ""L6"", ""L7"", ""L8""]","[""L1"", ""L5""]",U1,U1:G10
G11,AVDD0P8_PLL,power,"[24.35, 13.6]",0.325,0.15,False,"[""L1"", ""L2"", ""L3"", ""L4"", ""L5"", ""L6"", ""L7"", ""L8""]","[""L1"", ""L5""]",U1,U1:G11
G12,VDD0P8_CPU,power,"[23.7, 13.6]",0.325,0.15,False,"[""L1"", ""L2"", ""L3"", ""L4"", ""L5"", ""L6"", ""L7"", ""L8""]","[""L1"", ""L5""]",U1,U1:G12
G13,GND,ground,"[23.05, 13.6]",0.325,0.15,False,"[""L1"", ""L2"", ""L3"", ""L4"", ""L5"", ""L6"", ""L7"", ""L8""]","[""L1"", ""L2"", ""L4"", ""L7""]",U1,U1:G13
G14,GND,ground,"[22.4, 13.6]",0.325,0.15,False,"[""L1"", ""L2"", ""L3"", ""L4"", ""L5"", ""L6"", ""L7"", ""L8""]","[""L1"", ""L2"", ""L4"", ""L7""]",U1,U1:G14
G15,GND,ground,"[21.75, 13.6]",0.325,0.15,False,"[""L1"", ""L2"", ""L3"", ""L4"", ""L5"", ""L6"", ""L7"", ""L8""]","[""L1"", ""L2"", ""L4"", ""L7""]",U1,U1:G15
G16,GND,ground,"[21.1, 13.6]",0.325,0.15,False,"[""L1"", ""L2"", ""L3"", ""L4"", ""L5"", ""L6"", ""L7"", ""L8""]","[""L1"", ""L2"", ""L4"", ""L7""]",U1,U1:G16
G18,DDR_CAB2,signal,"[19.8, 13.6]",0.325,0.15,False,"[""L1"", ""L2"", ""L3"", ""L4"", ""L5"", ""L6"", ""L7"", ""L8""]","[""L1"", ""L8""]",U1,U1:G18
G19,DDR_CAB1,signal,"[19.15, 13.6]",0.325,0.15,False,"[""L1"", ""L2"", ""L3"", ""L4"", ""L5"", ""L6"", ""L7"", ""L8""]","[""L1"", ""L8""]",U1,U1:G19
G20,DDR_CLKB_P,signal,"[18.5, 13.6]",0.325,0.15,True,"[""L1"", ""L2"", ""L3"", ""L4"", ""L5"", ""L6"", ""L7"", ""L8""]","[""L1"", ""L8""]",U1,U1:G20
H2,BANK3_GPIO44,signal,"[30.2, 12.95]",0.325,0.15,False,"[""L1"", ""L2"", ""L3"", ""L4"", ""L5"", ""L6"", ""L7"", ""L8""]","[""L1"", ""L6""]",U1,U1:H2
H3,BANK3_GPIO45,signal,"[29.55, 12.95]",0.325,0.15,False,"[""L1"", ""L2"", ""L3"", ""L4"", ""L5"", ""L6"", ""L7"", ""L8""]","[""L1"", ""L6""]",U1,U1:H3
H4,BANK3_GPIO46,signal,"[28.9, 12.95]",0.325,0.15,False,"[""L1"", ""L2"", ""L3"", ""L4"", ""L5"", ""L6"", ""L7"", ""L8""]","[""L1"", ""L6""]",U1,U1:H4
H5,BANK3_GPIO47,signal,"[28.25, 12.95]",0.325,0.15,False,"[""L1"", ""L2"", ""L3"", ""L4"", ""L5"", ""L6"", ""L7"", ""L8""]","[""L1"", ""L3""]",U1,U1:H5
H6,BANK3_VDDIO,power,"[27.6, 12.95]",0.325,0.15,False,"[""L1"", ""L2"", ""L3"", ""L4"", ""L5"", ""L6"", ""L7"", ""L8""]","[""L1"", ""L5""]",U1,U1:H6
H7,GND,ground,"[26.95, 12.95]",0.325,0.15,False,"[""L1"", ""L2"", ""L3"", ""L4"", ""L5"", ""L6"", ""L7"", ""L8""]","[""L1"", ""L2"", ""L4"", ""L7""]",U1,U1:H7
H8,VDD0P8_KPU,power,"[26.3, 12.95]",0.325,0.15,False,"[""L1"", ""L2"", ""L3"", ""L4"", ""L5"", ""L6"", ""L7"", ""L8""]","[""L1"", ""L5""]",U1,U1:H8
H9,VDD0P8_KPU,power,"[25.65, 12.95]",0.325,0.15,False,"[""L1"", ""L2"", ""L3"", ""L4"", ""L5"", ""L6"", ""L7"", ""L8""]","[""L1"", ""L5""]",U1,U1:H9
H10,VDD0P8_KPU,power,"[25.0, 12.95]",0.325,0.15,False,"[""L1"", ""L2"", ""L3"", ""L4"", ""L5"", ""L6"", ""L7"", ""L8""]","[""L1"", ""L5""]",U1,U1:H10
H11,GND,ground,"[24.35, 12.95]",0.325,0.15,False,"[""L1"", ""L2"", ""L3"", ""L4"", ""L5"", ""L6"", ""L7"", ""L8""]","[""L1"", ""L2"", ""L4"", ""L7""]",U1,U1:H11
H12,VDD0P8_CPU,power,"[23.7, 12.95]",0.325,0.15,False,"[""L1"", ""L2"", ""L3"", ""L4"", ""L5"", ""L6"", ""L7"", ""L8""]","[""L1"", ""L5""]",U1,U1:H12
H13,GND,ground,"[23.05, 12.95]",0.325,0.15,False,"[""L1"", ""L2"", ""L3"", ""L4"", ""L5"", ""L6"", ""L7"", ""L8""]","[""L1"", ""L2"", ""L4"", ""L7""]",U1,U1:H13
H14,VDD1P1_DDR_IO,power,"[22.4, 12.95]",0.325,0.15,False,"[""L1"", ""L2"", ""L3"", ""L4"", ""L5"", ""L6"", ""L7"", ""L8""]","[""L1"", ""L5""]",U1,U1:H14
H15,GND,ground,"[21.75, 12.95]",0.325,0.15,False,"[""L1"", ""L2"", ""L3"", ""L4"", ""L5"", ""L6"", ""L7"", ""L8""]","[""L1"", ""L2"", ""L4"", ""L7""]",U1,U1:H15
H16,GND,ground,"[21.1, 12.95]",0.325,0.15,False,"[""L1"", ""L2"", ""L3"", ""L4"", ""L5"", ""L6"", ""L7"", ""L8""]","[""L1"", ""L2"", ""L4"", ""L7""]",U1,U1:H16
H17,DDR_CAB3,signal,"[20.45, 12.95]",0.325,0.15,False,"[""L1"", ""L2"", ""L3"", ""L4"", ""L5"", ""L6"", ""L7"", ""L8""]","[""L1"", ""L8""]",U1,U1:H17
H20,GND,ground,"[18.5, 12.95]",0.325,0.15,False,"[""L1"", ""L2"", ""L3"", ""L4"", ""L5"", ""L6"", ""L7"", ""L8""]","[""L1"", ""L2"", ""L4"", ""L7""]",U1,U1:H20
J2,BANK3_GPIO40,signal,"[30.2, 12.3]",0.325,0.15,False,"[""L1"", ""L2"", ""L3"", ""L4"", ""L5"", ""L6"", ""L7"", ""L8""]","[""L1"", ""L6""]",U1,U1:J2
J3,BANK3_GPIO39,signal,"[29.55, 12.3]",0.325,0.15,False,"[""L1"", ""L2"", ""L3"", ""L4"", ""L5"", ""L6"", ""L7"", ""L8""]","[""L1"", ""L8""]",U1,U1:J3
J4,BANK3_GPIO38,signal,"[28.9, 12.3]",0.325,0.15,False,"[""L1"", ""L2"", ""L3"", ""L4"", ""L5"", ""L6"", ""L7"", ""L8""]","[""L1"", ""L8""]",U1,U1:J4
J5,BANK1_GPIO14,signal,"[28.25, 12.3]",0.325,0.15,False,"[""L1"", ""L2"", ""L3"", ""L4"", ""L5"", ""L6"", ""L7"", ""L8""]","[""L1"", ""L6""]",U1,U1:J5
J6,BANK3_GPIO43,signal,"[27.6, 12.3]",0.325,0.15,False,"[""L1"", ""L2"", ""L3"", ""L4"", ""L5"", ""L6"", ""L7"", ""L8""]","[""L1"", ""L8""]",U1,U1:J6
J7,GND,ground,"[26.95, 12.3]",0.325,0.15,False,"[""L1"", ""L2"", ""L3"", ""L4"", ""L5"", ""L6"", ""L7"", ""L8""]","[""L1"", ""L2"", ""L4"", ""L7""]",U1,U1:J7
J8,VDD0P8_KPU,power,"[26.3, 12.3]",0.325,0.15,False,"[""L1"", ""L2"", ""L3"", ""L4"", ""L5"", ""L6"", ""L7"", ""L8""]","[""L1"", ""L5""]",U1,U1:J8
J9,VDD0P8_KPU,power,"[25.65, 12.3]",0.325,0.15,False,"[""L1"", ""L2"", ""L3"", ""L4"", ""L5"", ""L6"", ""L7"", ""L8""]","[""L1"", ""L5""]",U1,U1:J9
J10,VDD0P8_KPU,power,"[25.0, 12.3]",0.325,0.15,False,"[""L1"", ""L2"", ""L3"", ""L4"", ""L5"", ""L6"", ""L7"", ""L8""]","[""L1"", ""L5""]",U1,U1:J10
J11,GND,ground,"[24.35, 12.3]",0.325,0.15,False,"[""L1"", ""L2"", ""L3"", ""L4"", ""L5"", ""L6"", ""L7"", ""L8""]","[""L1"", ""L2"", ""L4"", ""L7""]",U1,U1:J11
J12,VDD0P8_CPU,power,"[23.7, 12.3]",0.325,0.15,False,"[""L1"", ""L2"", ""L3"", ""L4"", ""L5"", ""L6"", ""L7"", ""L8""]","[""L1"", ""L5""]",U1,U1:J12
J13,GND,ground,"[23.05, 12.3]",0.325,0.15,False,"[""L1"", ""L2"", ""L3"", ""L4"", ""L5"", ""L6"", ""L7"", ""L8""]","[""L1"", ""L2"", ""L4"", ""L7""]",U1,U1:J13
J14,VDD1P1_DDR_IO,power,"[22.4, 12.3]",0.325,0.15,False,"[""L1"", ""L2"", ""L3"", ""L4"", ""L5"", ""L6"", ""L7"", ""L8""]","[""L1"", ""L5""]",U1,U1:J14
J15,GND,ground,"[21.75, 12.3]",0.325,0.15,False,"[""L1"", ""L2"", ""L3"", ""L4"", ""L5"", ""L6"", ""L7"", ""L8""]","[""L1"", ""L2"", ""L4"", ""L7""]",U1,U1:J15
J16,DDR_RESET,signal,"[21.1, 12.3]",0.325,0.15,False,"[""L1"", ""L2"", ""L3"", ""L4"", ""L5"", ""L6"", ""L7"", ""L8""]","[""L1"", ""L3""]",U1,U1:J16
J18,DDR_CKEB0,signal,"[19.8, 12.3]",0.325,0.15,False,"[""L1"", ""L2"", ""L3"", ""L4"", ""L5"", ""L6"", ""L7"", ""L8""]","[""L1"", ""L8""]",U1,U1:J18
J20,DDR_CSB0,signal,"[18.5, 12.3]",0.325,0.15,True,"[""L1"", ""L2"", ""L3"", ""L4"", ""L5"", ""L6"", ""L7"", ""L8""]","[""L1"", ""L8""]",U1,U1:J20
K2,BANK1_GPIO16,signal,"[30.2, 11.65]",0.325,0.15,False,"[""L1"", ""L2"", ""L3"", ""L4"", ""L5"", ""L6"", ""L7"", ""L8""]","[""L1"", ""L6""]",U1,U1:K2
K3,GND,ground,"[29.55, 11.65]",0.325,0.15,False,"[""L1"", ""L2"", ""L3"", ""L4"", ""L5"", ""L6"", ""L7"", ""L8""]","[""L1"", ""L2"", ""L4"", ""L7""]",U1,U1:K3
K4,BANK1_GPIO17,signal,"[28.9, 11.65]",0.325,0.15,False,"[""L1"", ""L2"", ""L3"", ""L4"", ""L5"", ""L6"", ""L7"", ""L8""]","[""L1"", ""L3""]",U1,U1:K4
K5,BANK1_GPIO18,signal,"[28.25, 11.65]",0.325,0.15,False,"[""L1"", ""L2"", ""L3"", ""L4"", ""L5"", ""L6"", ""L7"", ""L8""]","[""L1"", ""L6""]",U1,U1:K5
K6,GND,ground,"[27.6, 11.65]",0.325,0.15,False,"[""L1"", ""L2"", ""L3"", ""L4"", ""L5"", ""L6"", ""L7"", ""L8""]","[""L1"", ""L2"", ""L4"", ""L7""]",U1,U1:K6
K7,BANK1_VDDIO,power,"[26.95, 11.65]",0.325,0.15,False,"[""L1"", ""L2"", ""L3"", ""L4"", ""L5"", ""L6"", ""L7"", ""L8""]","[""L1"", ""L5""]",U1,U1:K7
K8,GND,ground,"[26.3, 11.65]",0.325,0.15,False,"[""L1"", ""L2"", ""L3"", ""L4"", ""L5"", ""L6"", ""L7"", ""L8""]","[""L1"", ""L2"", ""L4"", ""L7""]",U1,U1:K8
K9,VDD0P8_CORE,power,"[25.65, 11.65]",0.325,0.15,False,"[""L1"", ""L2"", ""L3"", ""L4"", ""L5"", ""L6"", ""L7"", ""L8""]","[""L1"", ""L5""]",U1,U1:K9
K10,GND,ground,"[25.0, 11.65]",0.325,0.15,False,"[""L1"", ""L2"", ""L3"", ""L4"", ""L5"", ""L6"", ""L7"", ""L8""]","[""L1"", ""L2"", ""L4"", ""L7""]",U1,U1:K10
K11,VDD0P8_CORE,power,"[24.35, 11.65]",0.325,0.15,False,"[""L1"", ""L2"", ""L3"", ""L4"", ""L5"", ""L6"", ""L7"", ""L8""]","[""L1"", ""L5""]",U1,U1:K11
K12,GND,ground,"[23.7, 11.65]",0.325,0.15,False,"[""L1"", ""L2"", ""L3"", ""L4"", ""L5"", ""L6"", ""L7"", ""L8""]","[""L1"", ""L2"", ""L4"", ""L7""]",U1,U1:K12
K13,VDD0P8_DDR_CORE,power,"[23.05, 11.65]",0.325,0.15,False,"[""L1"", ""L2"", ""L3"", ""L4"", ""L5"", ""L6"", ""L7"", ""L8""]","[""L1"", ""L5""]",U1,U1:K13
K14,GND,ground,"[22.4, 11.65]",0.325,0.15,False,"[""L1"", ""L2"", ""L3"", ""L4"", ""L5"", ""L6"", ""L7"", ""L8""]","[""L1"", ""L2"", ""L4"", ""L7""]",U1,U1:K14
K15,VAA_DDR,power,"[21.75, 11.65]",0.325,0.15,False,"[""L1"", ""L2"", ""L3"", ""L4"", ""L5"", ""L6"", ""L7"", ""L8""]","[""L1"", ""L5""]",U1,U1:K15
K16,GND,ground,"[21.1, 11.65]",0.325,0.15,False,"[""L1"", ""L2"", ""L3"", ""L4"", ""L5"", ""L6"", ""L7"", ""L8""]","[""L1"", ""L2"", ""L4"", ""L7""]",U1,U1:K16
K17,DDR_VREF,signal,"[20.45, 11.65]",0.325,0.15,False,"[""L1"", ""L2"", ""L3"", ""L4"", ""L5"", ""L6"", ""L7"", ""L8""]","[""L1"", ""L6""]",U1,U1:K17
K18,GND,ground,"[19.8, 11.65]",0.325,0.15,False,"[""L1"", ""L2"", ""L3"", ""L4"", ""L5"", ""L6"", ""L7"", ""L8""]","[""L1"", ""L2"", ""L4"", ""L7""]",U1,U1:K18
K19,DDR_ZN,signal,"[19.15, 11.65]",0.325,0.15,False,"[""L1"", ""L2"", ""L3"", ""L4"", ""L5"", ""L6"", ""L7"", ""L8""]","[""L1"", ""L6""]",U1,U1:K19
L2,BANK1_GPIO20,signal,"[30.2, 11.0]",0.325,0.15,False,"[""L1"", ""L2"", ""L3"", ""L4"", ""L5"", ""L6"", ""L7"", ""L8""]","[""L1"", ""L6""]",U1,U1:L2
L3,BANK1_GPIO21,signal,"[29.55, 11.0]",0.325,0.15,False,"[""L1"", ""L2"", ""L3"", ""L4"", ""L5"", ""L6"", ""L7"", ""L8""]","[""L1"", ""L3""]",U1,U1:L3
L4,BANK1_GPIO22,signal,"[28.9, 11.0]",0.325,0.15,False,"[""L1"", ""L2"", ""L3"", ""L4"", ""L5"", ""L6"", ""L7"", ""L8""]","[""L1"", ""L8""]",U1,U1:L4
L5,BANK1_GPIO23,signal,"[28.25, 11.0]",0.325,0.15,False,"[""L1"", ""L2"", ""L3"", ""L4"", ""L5"", ""L6"", ""L7"", ""L8""]","[""L1"", ""L8""]",U1,U1:L5
L6,BANK1_GPIO24,signal,"[27.6, 11.0]",0.325,0.15,False,"[""L1"", ""L2"", ""L3"", ""L4"", ""L5"", ""L6"", ""L7"", ""L8""]","[""L1"", ""L8""]",U1,U1:L6
L7,GND,ground,"[26.95, 11.0]",0.325,0.15,False,"[""L1"", ""L2"", ""L3"", ""L4"", ""L5"", ""L6"", ""L7"", ""L8""]","[""L1"", ""L2"", ""L4"", ""L7""]",U1,U1:L7
L8,GND,ground,"[26.3, 11.0]",0.325,0.15,False,"[""L1"", ""L2"", ""L3"", ""L4"", ""L5"", ""L6"", ""L7"", ""L8""]","[""L1"", ""L2"", ""L4"", ""L7""]",U1,U1:L8
L9,VDD0P8_CORE,power,"[25.65, 11.0]",0.325,0.15,False,"[""L1"", ""L2"", ""L3"", ""L4"", ""L5"", ""L6"", ""L7"", ""L8""]","[""L1"", ""L5""]",U1,U1:L9
L10,GND,ground,"[25.0, 11.0]",0.325,0.15,False,"[""L1"", ""L2"", ""L3"", ""L4"", ""L5"", ""L6"", ""L7"", ""L8""]","[""L1"", ""L2"", ""L4"", ""L7""]",U1,U1:L10
L11,VDD0P8_CORE,power,"[24.35, 11.0]",0.325,0.15,False,"[""L1"", ""L2"", ""L3"", ""L4"", ""L5"", ""L6"", ""L7"", ""L8""]","[""L1"", ""L5""]",U1,U1:L11
L12,GND,ground,"[23.7, 11.0]",0.325,0.15,False,"[""L1"", ""L2"", ""L3"", ""L4"", ""L5"", ""L6"", ""L7"", ""L8""]","[""L1"", ""L2"", ""L4"", ""L7""]",U1,U1:L12
L13,VDD0P8_DDR_CORE,power,"[23.05, 11.0]",0.325,0.15,False,"[""L1"", ""L2"", ""L3"", ""L4"", ""L5"", ""L6"", ""L7"", ""L8""]","[""L1"", ""L5""]",U1,U1:L13
L14,VDD1P1_DDR_IO,power,"[22.4, 11.0]",0.325,0.15,False,"[""L1"", ""L2"", ""L3"", ""L4"", ""L5"", ""L6"", ""L7"", ""L8""]","[""L1"", ""L5""]",U1,U1:L14
L15,GND,ground,"[21.75, 11.0]",0.325,0.15,False,"[""L1"", ""L2"", ""L3"", ""L4"", ""L5"", ""L6"", ""L7"", ""L8""]","[""L1"", ""L2"", ""L4"", ""L7""]",U1,U1:L15
L16,DDR_CAA1,signal,"[21.1, 11.0]",0.325,0.15,False,"[""L1"", ""L2"", ""L3"", ""L4"", ""L5"", ""L6"", ""L7"", ""L8""]","[""L1"", ""L3""]",U1,U1:L16
L19,GND,ground,"[19.15, 11.0]",0.325,0.15,False,"[""L1"", ""L2"", ""L3"", ""L4"", ""L5"", ""L6"", ""L7"", ""L8""]","[""L1"", ""L2"", ""L4"", ""L7""]",U1,U1:L19
M2,BANK4_GPIO54,signal,"[30.2, 10.35]",0.325,0.15,False,"[""L1"", ""L2"", ""L3"", ""L4"", ""L5"", ""L6"", ""L7"", ""L8""]","[""L1"", ""L6""]",U1,U1:M2
M3,BANK4_GPIO52,signal,"[29.55, 10.35]",0.325,0.15,False,"[""L1"", ""L2"", ""L3"", ""L4"", ""L5"", ""L6"", ""L7"", ""L8""]","[""L1"", ""L6""]",U1,U1:M3
M4,BANK4_GPIO51,signal,"[28.9, 10.35]",0.325,0.15,False,"[""L1"", ""L2"", ""L3"", ""L4"", ""L5"", ""L6"", ""L7"", ""L8""]","[""L1"", ""L3""]",U1,U1:M4
M5,BANK4_GPIO50,signal,"[28.25, 10.35]",0.325,0.15,False,"[""L1"", ""L2"", ""L3"", ""L4"", ""L5"", ""L6"", ""L7"", ""L8""]","[""L1"", ""L3""]",U1,U1:M5
M6,GND,ground,"[27.6, 10.35]",0.325,0.15,False,"[""L1"", ""L2"", ""L3"", ""L4"", ""L5"", ""L6"", ""L7"", ""L8""]","[""L1"", ""L2"", ""L4"", ""L7""]",U1,U1:M6
M7,BANK4_VDDIO,power,"[26.95, 10.35]",0.325,0.15,False,"[""L1"", ""L2"", ""L3"", ""L4"", ""L5"", ""L6"", ""L7"", ""L8""]","[""L1"", ""L5""]",U1,U1:M7
M8,GND,ground,"[26.3, 10.35]",0.325,0.15,False,"[""L1"", ""L2"", ""L3"", ""L4"", ""L5"", ""L6"", ""L7"", ""L8""]","[""L1"", ""L2"", ""L4"", ""L7""]",U1,U1:M8
M9,VDD0P8_CORE,power,"[25.65, 10.35]",0.325,0.15,False,"[""L1"", ""L2"", ""L3"", ""L4"", ""L5"", ""L6"", ""L7"", ""L8""]","[""L1"", ""L5""]",U1,U1:M9
M10,GND,ground,"[25.0, 10.35]",0.325,0.15,False,"[""L1"", ""L2"", ""L3"", ""L4"", ""L5"", ""L6"", ""L7"", ""L8""]","[""L1"", ""L2"", ""L4"", ""L7""]",U1,U1:M10
M11,VDD0P8_CORE,power,"[24.35, 10.35]",0.325,0.15,False,"[""L1"", ""L2"", ""L3"", ""L4"", ""L5"", ""L6"", ""L7"", ""L8""]","[""L1"", ""L5""]",U1,U1:M11
M12,GND,ground,"[23.7, 10.35]",0.325,0.15,False,"[""L1"", ""L2"", ""L3"", ""L4"", ""L5"", ""L6"", ""L7"", ""L8""]","[""L1"", ""L2"", ""L4"", ""L7""]",U1,U1:M12
M13,VDD0P8_DDR_CORE,power,"[23.05, 10.35]",0.325,0.15,False,"[""L1"", ""L2"", ""L3"", ""L4"", ""L5"", ""L6"", ""L7"", ""L8""]","[""L1"", ""L5""]",U1,U1:M13
M14,VDD1P1_DDR_IO,power,"[22.4, 10.35]",0.325,0.15,False,"[""L1"", ""L2"", ""L3"", ""L4"", ""L5"", ""L6"", ""L7"", ""L8""]","[""L1"", ""L5""]",U1,U1:M14
M15,GND,ground,"[21.75, 10.35]",0.325,0.15,False,"[""L1"", ""L2"", ""L3"", ""L4"", ""L5"", ""L6"", ""L7"", ""L8""]","[""L1"", ""L2"", ""L4"", ""L7""]",U1,U1:M15
M16,GND,ground,"[21.1, 10.35]",0.325,0.15,False,"[""L1"", ""L2"", ""L3"", ""L4"", ""L5"", ""L6"", ""L7"", ""L8""]","[""L1"", ""L2"", ""L4"", ""L7""]",U1,U1:M16
M18,DDR_CAA4,signal,"[19.8, 10.35]",0.325,0.15,False,"[""L1"", ""L2"", ""L3"", ""L4"", ""L5"", ""L6"", ""L7"", ""L8""]","[""L1"", ""L3""]",U1,U1:M18
M19,DDR_CAA0,signal,"[19.15, 10.35]",0.325,0.15,False,"[""L1"", ""L2"", ""L3"", ""L4"", ""L5"", ""L6"", ""L7"", ""L8""]","[""L1"", ""L3""]",U1,U1:M19
N2,BANK4_GPIO55,signal,"[30.2, 9.7]",0.325,0.15,False,"[""L1"", ""L2"", ""L3"", ""L4"", ""L5"", ""L6"", ""L7"", ""L8""]","[""L1"", ""L6""]",U1,U1:N2
N3,GND,ground,"[29.55, 9.7]",0.325,0.15,False,"[""L1"", ""L2"", ""L3"", ""L4"", ""L5"", ""L6"", ""L7"", ""L8""]","[""L1"", ""L2"", ""L4"", ""L7""]",U1,U1:N3
N4,BANK4_GPIO53,signal,"[28.9, 9.7]",0.325,0.15,False,"[""L1"", ""L2"", ""L3"", ""L4"", ""L5"", ""L6"", ""L7"", ""L8""]","[""L1"", ""L6""]",U1,U1:N4
N5,GND,ground,"[28.25, 9.7]",0.325,0.15,False,"[""L1"", ""L2"", ""L3"", ""L4"", ""L5"", ""L6"", ""L7"", ""L8""]","[""L1"", ""L2"", ""L4"", ""L7""]",U1,U1:N5
N6,AVDD0P8_MIPI,power,"[27.6, 9.7]",0.325,0.15,False,"[""L1"", ""L2"", ""L3"", ""L4"", ""L5"", ""L6"", ""L7"", ""L8""]","[""L1"", ""L5""]",U1,U1:N6
N7,AVDD1P8_MIPI,power,"[26.95, 9.7]",0.325,0.15,False,"[""L1"", ""L2"", ""L3"", ""L4"", ""L5"", ""L6"", ""L7"", ""L8""]","[""L1"", ""L5""]",U1,U1:N7
N8,GND,ground,"[26.3, 9.7]",0.325,0.15,False,"[""L1"", ""L2"", ""L3"", ""L4"", ""L5"", ""L6"", ""L7"", ""L8""]","[""L1"", ""L2"", ""L4"", ""L7""]",U1,U1:N8
N9,VDD0P8_CORE,power,"[25.65, 9.7]",0.325,0.15,False,"[""L1"", ""L2"", ""L3"", ""L4"", ""L5"", ""L6"", ""L7"", ""L8""]","[""L1"", ""L5""]",U1,U1:N9
N10,GND,ground,"[25.0, 9.7]",0.325,0.15,False,"[""L1"", ""L2"", ""L3"", ""L4"", ""L5"", ""L6"", ""L7"", ""L8""]","[""L1"", ""L2"", ""L4"", ""L7""]",U1,U1:N10
N11,VDD0P8_CORE,power,"[24.35, 9.7]",0.325,0.15,False,"[""L1"", ""L2"", ""L3"", ""L4"", ""L5"", ""L6"", ""L7"", ""L8""]","[""L1"", ""L5""]",U1,U1:N11
N12,GND,ground,"[23.7, 9.7]",0.325,0.15,False,"[""L1"", ""L2"", ""L3"", ""L4"", ""L5"", ""L6"", ""L7"", ""L8""]","[""L1"", ""L2"", ""L4"", ""L7""]",U1,U1:N12
N13,VDD0P8_DDR_CORE,power,"[23.05, 9.7]",0.325,0.15,False,"[""L1"", ""L2"", ""L3"", ""L4"", ""L5"", ""L6"", ""L7"", ""L8""]","[""L1"", ""L5""]",U1,U1:N13
N14,VDD1P1_DDR_IO,power,"[22.4, 9.7]",0.325,0.15,False,"[""L1"", ""L2"", ""L3"", ""L4"", ""L5"", ""L6"", ""L7"", ""L8""]","[""L1"", ""L5""]",U1,U1:N14
N15,GND,ground,"[21.75, 9.7]",0.325,0.15,False,"[""L1"", ""L2"", ""L3"", ""L4"", ""L5"", ""L6"", ""L7"", ""L8""]","[""L1"", ""L2"", ""L4"", ""L7""]",U1,U1:N15
N16,GND,ground,"[21.1, 9.7]",0.325,0.15,False,"[""L1"", ""L2"", ""L3"", ""L4"", ""L5"", ""L6"", ""L7"", ""L8""]","[""L1"", ""L2"", ""L4"", ""L7""]",U1,U1:N16
N17,DDR_CKEA0,signal,"[20.45, 9.7]",0.325,0.15,False,"[""L1"", ""L2"", ""L3"", ""L4"", ""L5"", ""L6"", ""L7"", ""L8""]","[""L1"", ""L3""]",U1,U1:N17
N19,DDR_CAA2,signal,"[19.15, 9.7]",0.325,0.15,False,"[""L1"", ""L2"", ""L3"", ""L4"", ""L5"", ""L6"", ""L7"", ""L8""]","[""L1"", ""L3""]",U1,U1:N19
N20,DDR_CAA3,signal,"[18.5, 9.7]",0.325,0.15,True,"[""L1"", ""L2"", ""L3"", ""L4"", ""L5"", ""L6"", ""L7"", ""L8""]","[""L1"", ""L3""]",U1,U1:N20
P2,BANK4_GPIO59,signal,"[30.2, 9.05]",0.325,0.15,False,"[""L1"", ""L2"", ""L3"", ""L4"", ""L5"", ""L6"", ""L7"", ""L8""]","[""L1"", ""L6""]",U1,U1:P2
P3,BANK4_GPIO56,signal,"[29.55, 9.05]",0.325,0.15,False,"[""L1"", ""L2"", ""L3"", ""L4"", ""L5"", ""L6"", ""L7"", ""L8""]","[""L1"", ""L8""]",U1,U1:P3
P4,BANK4_GPIO61,signal,"[28.9, 9.05]",0.325,0.15,False,"[""L1"", ""L2"", ""L3"", ""L4"", ""L5"", ""L6"", ""L7"", ""L8""]","[""L1"", ""L8""]",U1,U1:P4
P5,BANK4_GPIO60,signal,"[28.25, 9.05]",0.325,0.15,False,"[""L1"", ""L2"", ""L3"", ""L4"", ""L5"", ""L6"", ""L7"", ""L8""]","[""L1"", ""L3""]",U1,U1:P5
P6,GND,ground,"[27.6, 9.05]",0.325,0.15,False,"[""L1"", ""L2"", ""L3"", ""L4"", ""L5"", ""L6"", ""L7"", ""L8""]","[""L1"", ""L2"", ""L4"", ""L7""]",U1,U1:P6
P7,GND,ground,"[26.95, 9.05]",0.325,0.15,False,"[""L1"", ""L2"", ""L3"", ""L4"", ""L5"", ""L6"", ""L7"", ""L8""]","[""L1"", ""L2"", ""L4"", ""L7""]",U1,U1:P7
P8,GND,ground,"[26.3, 9.05]",0.325,0.15,False,"[""L1"", ""L2"", ""L3"", ""L4"", ""L5"", ""L6"", ""L7"", ""L8""]","[""L1"", ""L2"", ""L4"", ""L7""]",U1,U1:P8
P9,VDD0P8_CORE,power,"[25.65, 9.05]",0.325,0.15,False,"[""L1"", ""L2"", ""L3"", ""L4"", ""L5"", ""L6"", ""L7"", ""L8""]","[""L1"", ""L5""]",U1,U1:P9
P10,GND,ground,"[25.0, 9.05]",0.325,0.15,False,"[""L1"", ""L2"", ""L3"", ""L4"", ""L5"", ""L6"", ""L7"", ""L8""]","[""L1"", ""L2"", ""L4"", ""L7""]",U1,U1:P10
P11,VDD0P8_CORE,power,"[24.35, 9.05]",0.325,0.15,False,"[""L1"", ""L2"", ""L3"", ""L4"", ""L5"", ""L6"", ""L7"", ""L8""]","[""L1"", ""L5""]",U1,U1:P11
P12,GND,ground,"[23.7, 9.05]",0.325,0.15,False,"[""L1"", ""L2"", ""L3"", ""L4"", ""L5"", ""L6"", ""L7"", ""L8""]","[""L1"", ""L2"", ""L4"", ""L7""]",U1,U1:P12
P13,VDD0P8_CORE,power,"[23.05, 9.05]",0.325,0.15,False,"[""L1"", ""L2"", ""L3"", ""L4"", ""L5"", ""L6"", ""L7"", ""L8""]","[""L1"", ""L5""]",U1,U1:P13
P14,GND,ground,"[22.4, 9.05]",0.325,0.15,False,"[""L1"", ""L2"", ""L3"", ""L4"", ""L5"", ""L6"", ""L7"", ""L8""]","[""L1"", ""L2"", ""L4"", ""L7""]",U1,U1:P14
P15,GND,ground,"[21.75, 9.05]",0.325,0.15,False,"[""L1"", ""L2"", ""L3"", ""L4"", ""L5"", ""L6"", ""L7"", ""L8""]","[""L1"", ""L2"", ""L4"", ""L7""]",U1,U1:P15
P16,DDR_DQA10,signal,"[21.1, 9.05]",0.325,0.15,False,"[""L1"", ""L2"", ""L3"", ""L4"", ""L5"", ""L6"", ""L7"", ""L8""]","[""L1"", ""L8""]",U1,U1:P16
P17,DDR_DMIA1,signal,"[20.45, 9.05]",0.325,0.15,False,"[""L1"", ""L2"", ""L3"", ""L4"", ""L5"", ""L6"", ""L7"", ""L8""]","[""L1"", ""L8""]",U1,U1:P17
P19,DDR_CAA5,signal,"[19.15, 9.05]",0.325,0.15,False,"[""L1"", ""L2"", ""L3"", ""L4"", ""L5"", ""L6"", ""L7"", ""L8""]","[""L1"", ""L3""]",U1,U1:P19
P20,GND,ground,"[18.5, 9.05]",0.325,0.15,False,"[""L1"", ""L2"", ""L3"", ""L4"", ""L5"", ""L6"", ""L7"", ""L8""]","[""L1"", ""L2"", ""L4"", ""L7""]",U1,U1:P20
R2,CSI2_CLK_N,signal,"[30.2, 8.4]",0.325,0.15,False,"[""L1"", ""L2"", ""L3"", ""L4"", ""L5"", ""L6"", ""L7"", ""L8""]","[""L1"", ""L6""]",U1,U1:R2
R3,GND,ground,"[29.55, 8.4]",0.325,0.15,False,"[""L1"", ""L2"", ""L3"", ""L4"", ""L5"", ""L6"", ""L7"", ""L8""]","[""L1"", ""L2"", ""L4"", ""L7""]",U1,U1:R3
R6,GND,ground,"[27.6, 8.4]",0.325,0.15,False,"[""L1"", ""L2"", ""L3"", ""L4"", ""L5"", ""L6"", ""L7"", ""L8""]","[""L1"", ""L2"", ""L4"", ""L7""]",U1,U1:R6
R7,GND,ground,"[26.95, 8.4]",0.325,0.15,False,"[""L1"", ""L2"", ""L3"", ""L4"", ""L5"", ""L6"", ""L7"", ""L8""]","[""L1"", ""L2"", ""L4"", ""L7""]",U1,U1:R7
R8,AVDD0P8_MIPI,power,"[26.3, 8.4]",0.325,0.15,False,"[""L1"", ""L2"", ""L3"", ""L4"", ""L5"", ""L6"", ""L7"", ""L8""]","[""L1"", ""L5""]",U1,U1:R8
R9,AVDD1P8_MIPI,power,"[25.65, 8.4]",0.325,0.15,False,"[""L1"", ""L2"", ""L3"", ""L4"", ""L5"", ""L6"", ""L7"", ""L8""]","[""L1"", ""L5""]",U1,U1:R9
R10,GND,ground,"[25.0, 8.4]",0.325,0.15,False,"[""L1"", ""L2"", ""L3"", ""L4"", ""L5"", ""L6"", ""L7"", ""L8""]","[""L1"", ""L2"", ""L4"", ""L7""]",U1,U1:R10
R11,BANK2_VDDIO,power,"[24.35, 8.4]",0.325,0.15,False,"[""L1"", ""L2"", ""L3"", ""L4"", ""L5"", ""L6"", ""L7"", ""L8""]","[""L1"", ""L5""]",U1,U1:R11
R12,GND,ground,"[23.7, 8.4]",0.325,0.15,False,"[""L1"", ""L2"", ""L3"", ""L4"", ""L5"", ""L6"", ""L7"", ""L8""]","[""L1"", ""L2"", ""L4"", ""L7""]",U1,U1:R12
R13,BANK0_VDDIO,power,"[23.05, 8.4]",0.325,0.15,False,"[""L1"", ""L2"", ""L3"", ""L4"", ""L5"", ""L6"", ""L7"", ""L8""]","[""L1"", ""L5""]",U1,U1:R13
R14,GND,ground,"[22.4, 8.4]",0.325,0.15,False,"[""L1"", ""L2"", ""L3"", ""L4"", ""L5"", ""L6"", ""L7"", ""L8""]","[""L1"", ""L2"", ""L4"", ""L7""]",U1,U1:R14
R15,BANK5_VDDIO,power,"[21.75, 8.4]",0.325,0.15,False,"[""L1"", ""L2"", ""L3"", ""L4"", ""L5"", ""L6"", ""L7"", ""L8""]","[""L1"", ""L5""]",U1,U1:R15
R16,GND,ground,"[21.1, 8.4]",0.325,0.15,False,"[""L1"", ""L2"", ""L3"", ""L4"", ""L5"", ""L6"", ""L7"", ""L8""]","[""L1"", ""L2"", ""L4"", ""L7""]",U1,U1:R16
R17,DDR_DQA11,signal,"[20.45, 8.4]",0.325,0.15,False,"[""L1"", ""L2"", ""L3"", ""L4"", ""L5"", ""L6"", ""L7"", ""L8""]","[""L1"", ""L8""]",U1,U1:R17
R18,DDR_DQA12,signal,"[19.8, 8.4]",0.325,0.15,False,"[""L1"", ""L2"", ""L3"", ""L4"", ""L5"", ""L6"", ""L7"", ""L8""]","[""L1"", ""L8""]",U1,U1:R18
R19,DDR_CLKA_P,signal,"[19.15, 8.4]",0.325,0.15,False,"[""L1"", ""L2"", ""L3"", ""L4"", ""L5"", ""L6"", ""L7"", ""L8""]","[""L1"", ""L3""]",U1,U1:R19
R20,DDR_CLKA_N,signal,"[18.5, 8.4]",0.325,0.15,True,"[""L1"", ""L2"", ""L3"", ""L4"", ""L5"", ""L6"", ""L7"", ""L8""]","[""L1"", ""L3""]",U1,U1:R20
T2,CSI2_D4_P,signal,"[30.2, 7.75]",0.325,0.15,False,"[""L1"", ""L2"", ""L3"", ""L4"", ""L5"", ""L6"", ""L7"", ""L8""]","[""L1"", ""L6""]",U1,U1:T2
T3,GND,ground,"[29.55, 7.75]",0.325,0.15,False,"[""L1"", ""L2"", ""L3"", ""L4"", ""L5"", ""L6"", ""L7"", ""L8""]","[""L1"", ""L2"", ""L4"", ""L7""]",U1,U1:T3
T7,GND,ground,"[26.95, 7.75]",0.325,0.15,False,"[""L1"", ""L2"", ""L3"", ""L4"", ""L5"", ""L6"", ""L7"", ""L8""]","[""L1"", ""L2"", ""L4"", ""L7""]",U1,U1:T7
T8,GND,ground,"[26.3, 7.75]",0.325,0.15,False,"[""L1"", ""L2"", ""L3"", ""L4"", ""L5"", ""L6"", ""L7"", ""L8""]","[""L1"", ""L2"", ""L4"", ""L7""]",U1,U1:T8
T9,GND,ground,"[25.65, 7.75]",0.325,0.15,False,"[""L1"", ""L2"", ""L3"", ""L4"", ""L5"", ""L6"", ""L7"", ""L8""]","[""L1"", ""L2"", ""L4"", ""L7""]",U1,U1:T9
T10,BANK2_GPIO36,signal,"[25.0, 7.75]",0.325,0.15,False,"[""L1"", ""L2"", ""L3"", ""L4"", ""L5"", ""L6"", ""L7"", ""L8""]","[""L1"", ""L8""]",U1,U1:T10
T11,BANK2_GPIO33,signal,"[24.35, 7.75]",0.325,0.15,False,"[""L1"", ""L2"", ""L3"", ""L4"", ""L5"", ""L6"", ""L7"", ""L8""]","[""L1"", ""L8""]",U1,U1:T11
T12,BANK0_GPIO13,signal,"[23.7, 7.75]",0.325,0.15,False,"[""L1"", ""L2"", ""L3"", ""L4"", ""L5"", ""L6"", ""L7"", ""L8""]","[""L1"", ""L3""]",U1,U1:T12
T13,BANK0_GPIO9,signal,"[23.05, 7.75]",0.325,0.15,False,"[""L1"", ""L2"", ""L3"", ""L4"", ""L5"", ""L6"", ""L7"", ""L8""]","[""L1"", ""L8""]",U1,U1:T13
T14,BANK5_IO62,signal,"[22.4, 7.75]",0.325,0.15,False,"[""L1"", ""L2"", ""L3"", ""L4"", ""L5"", ""L6"", ""L7"", ""L8""]","[""L1"", ""L6""]",U1,U1:T14
T15,GND,ground,"[21.75, 7.75]",0.325,0.15,False,"[""L1"", ""L2"", ""L3"", ""L4"", ""L5"", ""L6"", ""L7"", ""L8""]","[""L1"", ""L2"", ""L4"", ""L7""]",U1,U1:T15
T16,DDR_DQA3,signal,"[21.1, 7.75]",0.325,0.15,False,"[""L1"", ""L2"", ""L3"", ""L4"", ""L5"", ""L6"", ""L7"", ""L8""]","[""L1"", ""L3""]",U1,U1:T16
T17,DDR_DQA9,signal,"[20.45, 7.75]",0.325,0.15,False,"[""L1"", ""L2"", ""L3"", ""L4"", ""L5"", ""L6"", ""L7"", ""L8""]","[""L1"", ""L8""]",U1,U1:T17
T18,DDR_DQA13,signal,"[19.8, 7.75]",0.325,0.15,False,"[""L1"", ""L2"", ""L3"", ""L4"", ""L5"", ""L6"", ""L7"", ""L8""]","[""L1"", ""L8""]",U1,U1:T18
T20,DDR_CSA0,signal,"[18.5, 7.75]",0.325,0.15,True,"[""L1"", ""L2"", ""L3"", ""L4"", ""L5"", ""L6"", ""L7"", ""L8""]","[""L1"", ""L3""]",U1,U1:T20
U2,CSI2_D5_N,signal,"[30.2, 7.1]",0.325,0.15,False,"[""L1"", ""L2"", ""L3"", ""L4"", ""L5"", ""L6"", ""L7"", ""L8""]","[""L1"", ""L6""]",U1,U1:U2
U3,GND,ground,"[29.55, 7.1]",0.325,0.15,False,"[""L1"", ""L2"", ""L3"", ""L4"", ""L5"", ""L6"", ""L7"", ""L8""]","[""L1"", ""L2"", ""L4"", ""L7""]",U1,U1:U3
U7,MIPI_REXT,signal,"[26.95, 7.1]",0.325,0.15,False,"[""L1"", ""L2"", ""L3"", ""L4"", ""L5"", ""L6"", ""L7"", ""L8""]","[""L1"", ""L3""]",U1,U1:U7
U8,GND,ground,"[26.3, 7.1]",0.325,0.15,False,"[""L1"", ""L2"", ""L3"", ""L4"", ""L5"", ""L6"", ""L7"", ""L8""]","[""L1"", ""L2"", ""L4"", ""L7""]",U1,U1:U8
U9,BANK2_GPIO34,signal,"[25.65, 7.1]",0.325,0.15,False,"[""L1"", ""L2"", ""L3"", ""L4"", ""L5"", ""L6"", ""L7"", ""L8""]","[""L1"", ""L6""]",U1,U1:U9
U10,BANK2_GPIO32,signal,"[25.0, 7.1]",0.325,0.15,False,"[""L1"", ""L2"", ""L3"", ""L4"", ""L5"", ""L6"", ""L7"", ""L8""]","[""L1"", ""L3""]",U1,U1:U10
U11,BANK2_GPIO26,signal,"[24.35, 7.1]",0.325,0.15,False,"[""L1"", ""L2"", ""L3"", ""L4"", ""L5"", ""L6"", ""L7"", ""L8""]","[""L1"", ""L6""]",U1,U1:U11
U12,BANK0_GPIO8,signal,"[23.7, 7.1]",0.325,0.15,False,"[""L1"", ""L2"", ""L3"", ""L4"", ""L5"", ""L6"", ""L7"", ""L8""]","[""L1"", ""L8""]",U1,U1:U12
U13,BANK0_GPIO10,signal,"[23.05, 7.1]",0.325,0.15,False,"[""L1"", ""L2"", ""L3"", ""L4"", ""L5"", ""L6"", ""L7"", ""L8""]","[""L1"", ""L3""]",U1,U1:U13
U14,BANK0_GPIO5,signal,"[22.4, 7.1]",0.325,0.15,False,"[""L1"", ""L2"", ""L3"", ""L4"", ""L5"", ""L6"", ""L7"", ""L8""]","[""L1"", ""L6""]",U1,U1:U14
U15,BANK5_IO63,signal,"[21.75, 7.1]",0.325,0.15,False,"[""L1"", ""L2"", ""L3"", ""L4"", ""L5"", ""L6"", ""L7"", ""L8""]","[""L1"", ""L8""]",U1,U1:U15
U16,DDR_DQA4,signal,"[21.1, 7.1]",0.325,0.15,False,"[""L1"", ""L2"", ""L3"", ""L4"", ""L5"", ""L6"", ""L7"", ""L8""]","[""L1"", ""L3""]",U1,U1:U16
U17,DDR_DQA2,signal,"[20.45, 7.1]",0.325,0.15,False,"[""L1"", ""L2"", ""L3"", ""L4"", ""L5"", ""L6"", ""L7"", ""L8""]","[""L1"", ""L3""]",U1,U1:U17
U18,DDR_DQA14,signal,"[19.8, 7.1]",0.325,0.15,False,"[""L1"", ""L2"", ""L3"", ""L4"", ""L5"", ""L6"", ""L7"", ""L8""]","[""L1"", ""L8""]",U1,U1:U18
U19,GND,ground,"[19.15, 7.1]",0.325,0.15,False,"[""L1"", ""L2"", ""L3"", ""L4"", ""L5"", ""L6"", ""L7"", ""L8""]","[""L1"", ""L2"", ""L4"", ""L7""]",U1,U1:U19
U20,DDR_DQA15,signal,"[18.5, 7.1]",0.325,0.15,True,"[""L1"", ""L2"", ""L3"", ""L4"", ""L5"", ""L6"", ""L7"", ""L8""]","[""L1"", ""L8""]",U1,U1:U20
V2,CSI0_D1_P,signal,"[30.2, 6.45]",0.325,0.15,False,"[""L1"", ""L2"", ""L3"", ""L4"", ""L5"", ""L6"", ""L7"", ""L8""]","[""L1"", ""L6""]",U1,U1:V2
V3,GND,ground,"[29.55, 6.45]",0.325,0.15,False,"[""L1"", ""L2"", ""L3"", ""L4"", ""L5"", ""L6"", ""L7"", ""L8""]","[""L1"", ""L2"", ""L4"", ""L7""]",U1,U1:V3
V4,GND,ground,"[28.9, 6.45]",0.325,0.15,False,"[""L1"", ""L2"", ""L3"", ""L4"", ""L5"", ""L6"", ""L7"", ""L8""]","[""L1"", ""L2"", ""L4"", ""L7""]",U1,U1:V4
V5,GND,ground,"[28.25, 6.45]",0.325,0.15,False,"[""L1"", ""L2"", ""L3"", ""L4"", ""L5"", ""L6"", ""L7"", ""L8""]","[""L1"", ""L2"", ""L4"", ""L7""]",U1,U1:V5
V6,GND,ground,"[27.6, 6.45]",0.325,0.15,False,"[""L1"", ""L2"", ""L3"", ""L4"", ""L5"", ""L6"", ""L7"", ""L8""]","[""L1"", ""L2"", ""L4"", ""L7""]",U1,U1:V6
V7,GND,ground,"[26.95, 6.45]",0.325,0.15,False,"[""L1"", ""L2"", ""L3"", ""L4"", ""L5"", ""L6"", ""L7"", ""L8""]","[""L1"", ""L2"", ""L4"", ""L7""]",U1,U1:V7
V8,GND,ground,"[26.3, 6.45]",0.325,0.15,False,"[""L1"", ""L2"", ""L3"", ""L4"", ""L5"", ""L6"", ""L7"", ""L8""]","[""L1"", ""L2"", ""L4"", ""L7""]",U1,U1:V8
V9,BANK2_GPIO31,signal,"[25.65, 6.45]",0.325,0.15,False,"[""L1"", ""L2"", ""L3"", ""L4"", ""L5"", ""L6"", ""L7"", ""L8""]","[""L1"", ""L3""]",U1,U1:V9
V10,BANK2_GPIO30,signal,"[25.0, 6.45]",0.325,0.15,False,"[""L1"", ""L2"", ""L3"", ""L4"", ""L5"", ""L6"", ""L7"", ""L8""]","[""L1"", ""L3""]",U1,U1:V10
V11,BANK2_GPIO29,signal,"[24.35, 6.45]",0.325,0.15,False,"[""L1"", ""L2"", ""L3"", ""L4"", ""L5"", ""L6"", ""L7"", ""L8""]","[""L1"", ""L6""]",U1,U1:V11
V12,BANK2_GPIO28,signal,"[23.7, 6.45]",0.325,0.15,False,"[""L1"", ""L2"", ""L3"", ""L4"", ""L5"", ""L6"", ""L7"", ""L8""]","[""L1"", ""L8""]",U1,U1:V12
V13,BANK0_GPIO12,signal,"[23.05, 6.45]",0.325,0.15,False,"[""L1"", ""L2"", ""L3"", ""L4"", ""L5"", ""L6"", ""L7"", ""L8""]","[""L1"", ""L3""]",U1,U1:V13
V14,BANK0_GPIO6,signal,"[22.4, 6.45]",0.325,0.15,False,"[""L1"", ""L2"", ""L3"", ""L4"", ""L5"", ""L6"", ""L7"", ""L8""]","[""L1"", ""L6""]",U1,U1:V14
V15,BANK0_GPIO3,signal,"[21.75, 6.45]",0.325,0.15,False,"[""L1"", ""L2"", ""L3"", ""L4"", ""L5"", ""L6"", ""L7"", ""L8""]","[""L1"", ""L8""]",U1,U1:V15
V16,DDR_DQA1,signal,"[21.1, 6.45]",0.325,0.15,False,"[""L1"", ""L2"", ""L3"", ""L4"", ""L5"", ""L6"", ""L7"", ""L8""]","[""L1"", ""L3""]",U1,U1:V16
V17,DDR_DMIA0,signal,"[20.45, 6.45]",0.325,0.15,False,"[""L1"", ""L2"", ""L3"", ""L4"", ""L5"", ""L6"", ""L7"", ""L8""]","[""L1"", ""L3""]",U1,U1:V17
V18,DDR_DQA5,signal,"[19.8, 6.45]",0.325,0.15,False,"[""L1"", ""L2"", ""L3"", ""L4"", ""L5"", ""L6"", ""L7"", ""L8""]","[""L1"", ""L3""]",U1,U1:V18
V19,DDR_DQSA1_N,signal,"[19.15, 6.45]",0.325,0.15,False,"[""L1"", ""L2"", ""L3"", ""L4"", ""L5"", ""L6"", ""L7"", ""L8""]","[""L1"", ""L8""]",U1,U1:V19
V20,DDR_DQSA1_P,signal,"[18.5, 6.45]",0.325,0.15,True,"[""L1"", ""L2"", ""L3"", ""L4"", ""L5"", ""L6"", ""L7"", ""L8""]","[""L1"", ""L8""]",U1,U1:V20
W1,GND,ground,"[30.85, 5.8]",0.325,0.15,False,"[""L1"", ""L2"", ""L3"", ""L4"", ""L5"", ""L6"", ""L7"", ""L8""]","[""L1"", ""L2"", ""L4"", ""L7""]",U1,U1:W1
W2,CSI0_CLK_P,signal,"[30.2, 5.8]",0.325,0.15,False,"[""L1"", ""L2"", ""L3"", ""L4"", ""L5"", ""L6"", ""L7"", ""L8""]","[""L1"", ""L3""]",U1,U1:W2
W3,CSI0_D0_N,signal,"[29.55, 5.8]",0.325,0.15,False,"[""L1"", ""L2"", ""L3"", ""L4"", ""L5"", ""L6"", ""L7"", ""L8""]","[""L1"", ""L6""]",U1,U1:W3
W4,CSI1_D2_P,signal,"[28.9, 5.8]",0.325,0.15,False,"[""L1"", ""L2"", ""L3"", ""L4"", ""L5"", ""L6"", ""L7"", ""L8""]","[""L1"", ""L8""]",U1,U1:W4
W5,CSI1_CLK_N,signal,"[28.25, 5.8]",0.325,0.15,False,"[""L1"", ""L2"", ""L3"", ""L4"", ""L5"", ""L6"", ""L7"", ""L8""]","[""L1"", ""L3""]",U1,U1:W5
W6,CSI1_D3_N,signal,"[27.6, 5.8]",0.325,0.15,False,"[""L1"", ""L2"", ""L3"", ""L4"", ""L5"", ""L6"", ""L7"", ""L8""]","[""L1"", ""L6""]",U1,U1:W6
W7,DSI_D3_N,signal,"[26.95, 5.8]",0.325,0.15,False,"[""L1"", ""L2"", ""L3"", ""L4"", ""L5"", ""L6"", ""L7"", ""L8""]","[""L1"", ""L8""]",U1,U1:W7
W8,DSI_D2_P,signal,"[26.3, 5.8]",0.325,0.15,False,"[""L1"", ""L2"", ""L3"", ""L4"", ""L5"", ""L6"", ""L7"", ""L8""]","[""L1"", ""L3""]",U1,U1:W8
W9,DSI_CLK_N,signal,"[25.65, 5.8]",0.325,0.15,False,"[""L1"", ""L2"", ""L3"", ""L4"", ""L5"", ""L6"", ""L7"", ""L8""]","[""L1"", ""L6""]",U1,U1:W9
W10,DSI_D0_P,signal,"[25.0, 5.8]",0.325,0.15,False,"[""L1"", ""L2"", ""L3"", ""L4"", ""L5"", ""L6"", ""L7"", ""L8""]","[""L1"", ""L6""]",U1,U1:W10
W11,DSI_D1_N,signal,"[24.35, 5.8]",0.325,0.15,False,"[""L1"", ""L2"", ""L3"", ""L4"", ""L5"", ""L6"", ""L7"", ""L8""]","[""L1"", ""L6""]",U1,U1:W11
W12,BANK2_GPIO35,signal,"[23.7, 5.8]",0.325,0.15,False,"[""L1"", ""L2"", ""L3"", ""L4"", ""L5"", ""L6"", ""L7"", ""L8""]","[""L1"", ""L6""]",U1,U1:W12
W13,BANK2_GPIO27,signal,"[23.05, 5.8]",0.325,0.15,False,"[""L1"", ""L2"", ""L3"", ""L4"", ""L5"", ""L6"", ""L7"", ""L8""]","[""L1"", ""L6""]",U1,U1:W13
W14,BANK0_GPIO7,signal,"[22.4, 5.8]",0.325,0.15,False,"[""L1"", ""L2"", ""L3"", ""L4"", ""L5"", ""L6"", ""L7"", ""L8""]","[""L1"", ""L6""]",U1,U1:W14
W15,BANK0_GPIO2,signal,"[21.75, 5.8]",0.325,0.15,False,"[""L1"", ""L2"", ""L3"", ""L4"", ""L5"", ""L6"", ""L7"", ""L8""]","[""L1"", ""L8""]",U1,U1:W15
W16,GND,ground,"[21.1, 5.8]",0.325,0.15,False,"[""L1"", ""L2"", ""L3"", ""L4"", ""L5"", ""L6"", ""L7"", ""L8""]","[""L1"", ""L2"", ""L4"", ""L7""]",U1,U1:W16
W17,DDR_DQSA0_P,signal,"[20.45, 5.8]",0.325,0.15,False,"[""L1"", ""L2"", ""L3"", ""L4"", ""L5"", ""L6"", ""L7"", ""L8""]","[""L1"", ""L3""]",U1,U1:W17
W18,DDR_DQA6,signal,"[19.8, 5.8]",0.325,0.15,False,"[""L1"", ""L2"", ""L3"", ""L4"", ""L5"", ""L6"", ""L7"", ""L8""]","[""L1"", ""L3""]",U1,U1:W18
W19,DDR_DQA8,signal,"[19.15, 5.8]",0.325,0.15,False,"[""L1"", ""L2"", ""L3"", ""L4"", ""L5"", ""L6"", ""L7"", ""L8""]","[""L1"", ""L8""]",U1,U1:W19
W20,GND,ground,"[18.5, 5.8]",0.325,0.15,False,"[""L1"", ""L2"", ""L3"", ""L4"", ""L5"", ""L6"", ""L7"", ""L8""]","[""L1"", ""L2"", ""L4"", ""L7""]",U1,U1:W20
Y13,GND,ground,"[23.05, 5.15]",0.325,0.15,False,"[""L1"", ""L2"", ""L3"", ""L4"", ""L5"", ""L6"", ""L7"", ""L8""]","[""L1"", ""L2"", ""L4"", ""L7""]",U1,U1:Y13
Y16,DDR_DQA0,signal,"[21.1, 5.15]",0.325,0.15,True,"[""L1"", ""L2"", ""L3"", ""L4"", ""L5"", ""L6"", ""L7"", ""L8""]","[""L1"", ""L3""]",U1,U1:Y16
Y17,DDR_DQSA0_N,signal,"[20.45, 5.15]",0.325,0.15,True,"[""L1"", ""L2"", ""L3"", ""L4"", ""L5"", ""L6"", ""L7"", ""L8""]","[""L1"", ""L3""]",U1,U1:Y17
Y18,DDR_DQA7,signal,"[19.8, 5.15]",0.325,0.15,True,"[""L1"", ""L2"", ""L3"", ""L4"", ""L5"", ""L6"", ""L7"", ""L8""]","[""L1"", ""L3""]",U1,U1:Y18
Y19,GND,ground,"[19.15, 5.15]",0.325,0.15,False,"[""L1"", ""L2"", ""L3"", ""L4"", ""L5"", ""L6"", ""L7"", ""L8""]","[""L1"", ""L2"", ""L4"", ""L7""]",U1,U1:Y19
A3,GND,ground,"[9.0, 3.85]",0.325,0.15,,"[""L1"", ""L2"", ""L3"", ""L4"", ""L5"", ""L6"", ""L7"", ""L8""]","[""L1"", ""L2"", ""L4"", ""L7""]",U2,U2:A3
A4,VDD1P1_DDR_IO,power,"[9.8, 3.85]",0.325,0.15,,"[""L1"", ""L2"", ""L3"", ""L4"", ""L5"", ""L6"", ""L7"", ""L8""]","[""L1"", ""L5""]",U2,U2:A4
A9,VDD1P1_DDR_IO,power,"[13.8, 3.85]",0.325,0.15,,"[""L1"", ""L2"", ""L3"", ""L4"", ""L5"", ""L6"", ""L7"", ""L8""]","[""L1"", ""L5""]",U2,U2:A9
A10,GND,ground,"[14.6, 3.85]",0.325,0.15,,"[""L1"", ""L2"", ""L3"", ""L4"", ""L5"", ""L6"", ""L7"", ""L8""]","[""L1"", ""L2"", ""L4"", ""L7""]",U2,U2:A10
B2,DDR_DQA0,signal,"[8.2, 4.5]",0.325,0.15,,"[""L1"", ""L2"", ""L3"", ""L4"", ""L5"", ""L6"", ""L7"", ""L8""]","[""L1"", ""L3""]",U2,U2:B2
B3,VDD1P1_DDR_IO,power,"[9.0, 4.5]",0.325,0.15,,"[""L1"", ""L2"", ""L3"", ""L4"", ""L5"", ""L6"", ""L7"", ""L8""]","[""L1"", ""L5""]",U2,U2:B3
B4,DDR_DQA7,signal,"[9.8, 4.5]",0.325,0.15,,"[""L1"", ""L2"", ""L3"", ""L4"", ""L5"", ""L6"", ""L7"", ""L8""]","[""L1""]",U2,U2:B4
B5,VDD1P1_DDR_IO,power,"[10.6, 4.5]",0.325,0.15,,"[""L1"", ""L2"", ""L3"", ""L4"", ""L5"", ""L6"", ""L7"", ""L8""]","[""L1"", ""L5""]",U2,U2:B5
B8,VDD1P1_DDR_IO,power,"[13.0, 4.5]",0.325,0.15,,"[""L1"", ""L2"", ""L3"", ""L4"", ""L5"", ""L6"", ""L7"", ""L8""]","[""L1"", ""L5""]",U2,U2:B8
B9,DDR_DQA15,signal,"[13.8, 4.5]",0.325,0.15,,"[""L1"", ""L2"", ""L3"", ""L4"", ""L5"", ""L6"", ""L7"", ""L8""]","[""L1""]",U2,U2:B9
B10,VDD1P1_DDR_IO,power,"[14.6, 4.5]",0.325,0.15,,"[""L1"", ""L2"", ""L3"", ""L4"", ""L5"", ""L6"", ""L7"", ""L8""]","[""L1"", ""L5""]",U2,U2:B10
B11,DDR_DQA8,signal,"[15.4, 4.5]",0.325,0.15,,"[""L1"", ""L2"", ""L3"", ""L4"", ""L5"", ""L6"", ""L7"", ""L8""]","[""L1"", ""L8""]",U2,U2:B11
C1,GND,ground,"[7.4, 5.15]",0.325,0.15,,"[""L1"", ""L2"", ""L3"", ""L4"", ""L5"", ""L6"", ""L7"", ""L8""]","[""L1"", ""L2"", ""L4"", ""L7""]",U2,U2:C1
C2,DDR_DQA1,signal,"[8.2, 5.15]",0.325,0.15,,"[""L1"", ""L2"", ""L3"", ""L4"", ""L5"", ""L6"", ""L7"", ""L8""]","[""L1"", ""L3""]",U2,U2:C2
C3,DDR_DMIA0,signal,"[9.0, 5.15]",0.325,0.15,,"[""L1"", ""L2"", ""L3"", ""L4"", ""L5"", ""L6"", ""L7"", ""L8""]","[""L1"", ""L3""]",U2,U2:C3
C4,DDR_DQA6,signal,"[9.8, 5.15]",0.325,0.15,,"[""L1"", ""L2"", ""L3"", ""L4"", ""L5"", ""L6"", ""L7"", ""L8""]","[""L1""]",U2,U2:C4
C5,GND,ground,"[10.6, 5.15]",0.325,0.15,,"[""L1"", ""L2"", ""L3"", ""L4"", ""L5"", ""L6"", ""L7"", ""L8""]","[""L1"", ""L2"", ""L4"", ""L7""]",U2,U2:C5
C8,GND,ground,"[13.0, 5.15]",0.325,0.15,,"[""L1"", ""L2"", ""L3"", ""L4"", ""L5"", ""L6"", ""L7"", ""L8""]","[""L1"", ""L2"", ""L4"", ""L7""]",U2,U2:C8
C9,DDR_DQA14,signal,"[13.8, 5.15]",0.325,0.15,,"[""L1"", ""L2"", ""L3"", ""L4"", ""L5"", ""L6"", ""L7"", ""L8""]","[""L1"", ""L8""]",U2,U2:C9
C10,DDR_DMIA1,signal,"[14.6, 5.15]",0.325,0.15,,"[""L1"", ""L2"", ""L3"", ""L4"", ""L5"", ""L6"", ""L7"", ""L8""]","[""L1""]",U2,U2:C10
C11,DDR_DQA9,signal,"[15.4, 5.15]",0.325,0.15,,"[""L1"", ""L2"", ""L3"", ""L4"", ""L5"", ""L6"", ""L7"", ""L8""]","[""L1"", ""L8""]",U2,U2:C11
C12,GND,ground,"[16.2, 5.15]",0.325,0.15,,"[""L1"", ""L2"", ""L3"", ""L4"", ""L5"", ""L6"", ""L7"", ""L8""]","[""L1"", ""L2"", ""L4"", ""L7""]",U2,U2:C12
D1,VDD1P1_DDR_IO,power,"[7.4, 5.8]",0.325,0.15,,"[""L1"", ""L2"", ""L3"", ""L4"", ""L5"", ""L6"", ""L7"", ""L8""]","[""L1"", ""L5""]",U2,U2:D1
D2,GND,ground,"[8.2, 5.8]",0.325,0.15,,"[""L1"", ""L2"", ""L3"", ""L4"", ""L5"", ""L6"", ""L7"", ""L8""]","[""L1"", ""L2"", ""L4"", ""L7""]",U2,U2:D2
D3,DDR_DQSA0_P,signal,"[9.0, 5.8]",0.325,0.15,,"[""L1"", ""L2"", ""L3"", ""L4"", ""L5"", ""L6"", ""L7"", ""L8""]","[""L1"", ""L3""]",U2,U2:D3
D4,GND,ground,"[9.8, 5.8]",0.325,0.15,,"[""L1"", ""L2"", ""L3"", ""L4"", ""L5"", ""L6"", ""L7"", ""L8""]","[""L1"", ""L2"", ""L4"", ""L7""]",U2,U2:D4
D5,VDD1P1_DDR_IO,power,"[10.6, 5.8]",0.325,0.15,,"[""L1"", ""L2"", ""L3"", ""L4"", ""L5"", ""L6"", ""L7"", ""L8""]","[""L1"", ""L5""]",U2,U2:D5
D8,VDD1P1_DDR_IO,power,"[13.0, 5.8]",0.325,0.15,,"[""L1"", ""L2"", ""L3"", ""L4"", ""L5"", ""L6"", ""L7"", ""L8""]","[""L1"", ""L5""]",U2,U2:D8
D9,GND,ground,"[13.8, 5.8]",0.325,0.15,,"[""L1"", ""L2"", ""L3"", ""L4"", ""L5"", ""L6"", ""L7"", ""L8""]","[""L1"", ""L2"", ""L4"", ""L7""]",U2,U2:D9
D10,DDR_DQSA1_P,signal,"[14.6, 5.8]",0.325,0.15,,"[""L1"", ""L2"", ""L3"", ""L4"", ""L5"", ""L6"", ""L7"", ""L8""]","[""L1"", ""L8""]",U2,U2:D10
D11,GND,ground,"[15.4, 5.8]",0.325,0.15,,"[""L1"", ""L2"", ""L3"", ""L4"", ""L5"", ""L6"", ""L7"", ""L8""]","[""L1"", ""L2"", ""L4"", ""L7""]",U2,U2:D11
D12,VDD1P1_DDR_IO,power,"[16.2, 5.8]",0.325,0.15,,"[""L1"", ""L2"", ""L3"", ""L4"", ""L5"", ""L6"", ""L7"", ""L8""]","[""L1"", ""L5""]",U2,U2:D12
E1,GND,ground,"[7.4, 6.45]",0.325,0.15,,"[""L1"", ""L2"", ""L3"", ""L4"", ""L5"", ""L6"", ""L7"", ""L8""]","[""L1"", ""L2"", ""L4"", ""L7""]",U2,U2:E1
E2,DDR_DQA2,signal,"[8.2, 6.45]",0.325,0.15,,"[""L1"", ""L2"", ""L3"", ""L4"", ""L5"", ""L6"", ""L7"", ""L8""]","[""L1"", ""L3""]",U2,U2:E2
E3,DDR_DQSA0_N,signal,"[9.0, 6.45]",0.325,0.15,,"[""L1"", ""L2"", ""L3"", ""L4"", ""L5"", ""L6"", ""L7"", ""L8""]","[""L1"", ""L3""]",U2,U2:E3
E4,DDR_DQA5,signal,"[9.8, 6.45]",0.325,0.15,,"[""L1"", ""L2"", ""L3"", ""L4"", ""L5"", ""L6"", ""L7"", ""L8""]","[""L1"", ""L3""]",U2,U2:E4
E5,GND,ground,"[10.6, 6.45]",0.325,0.15,,"[""L1"", ""L2"", ""L3"", ""L4"", ""L5"", ""L6"", ""L7"", ""L8""]","[""L1"", ""L2"", ""L4"", ""L7""]",U2,U2:E5
E8,GND,ground,"[13.0, 6.45]",0.325,0.15,,"[""L1"", ""L2"", ""L3"", ""L4"", ""L5"", ""L6"", ""L7"", ""L8""]","[""L1"", ""L2"", ""L4"", ""L7""]",U2,U2:E8
E9,DDR_DQA13,signal,"[13.8, 6.45]",0.325,0.15,,"[""L1"", ""L2"", ""L3"", ""L4"", ""L5"", ""L6"", ""L7"", ""L8""]","[""L1"", ""L8""]",U2,U2:E9
E10,DDR_DQSA1_N,signal,"[14.6, 6.45]",0.325,0.15,,"[""L1"", ""L2"", ""L3"", ""L4"", ""L5"", ""L6"", ""L7"", ""L8""]","[""L1"", ""L8""]",U2,U2:E10
E11,DDR_DQA10,signal,"[15.4, 6.45]",0.325,0.15,,"[""L1"", ""L2"", ""L3"", ""L4"", ""L5"", ""L6"", ""L7"", ""L8""]","[""L1""]",U2,U2:E11
E12,GND,ground,"[16.2, 6.45]",0.325,0.15,,"[""L1"", ""L2"", ""L3"", ""L4"", ""L5"", ""L6"", ""L7"", ""L8""]","[""L1"", ""L2"", ""L4"", ""L7""]",U2,U2:E12
F1,VDD1P8,power,"[7.4, 7.1]",0.325,0.15,,"[""L1"", ""L2"", ""L3"", ""L4"", ""L5"", ""L6"", ""L7"", ""L8""]","[""L1"", ""L5""]",U2,U2:F1
F2,DDR_DQA3,signal,"[8.2, 7.1]",0.325,0.15,,"[""L1"", ""L2"", ""L3"", ""L4"", ""L5"", ""L6"", ""L7"", ""L8""]","[""L1"", ""L3""]",U2,U2:F2
F3,VDD1P1_DDR_IO,power,"[9.0, 7.1]",0.325,0.15,,"[""L1"", ""L2"", ""L3"", ""L4"", ""L5"", ""L6"", ""L7"", ""L8""]","[""L1"", ""L5""]",U2,U2:F3
F4,DDR_DQA4,signal,"[9.8, 7.1]",0.325,0.15,,"[""L1"", ""L2"", ""L3"", ""L4"", ""L5"", ""L6"", ""L7"", ""L8""]","[""L1"", ""L3""]",U2,U2:F4
F5,VDD1P1_DDR_IO,power,"[10.6, 7.1]",0.325,0.15,,"[""L1"", ""L2"", ""L3"", ""L4"", ""L5"", ""L6"", ""L7"", ""L8""]","[""L1"", ""L5""]",U2,U2:F5
F8,VDD1P1_DDR_IO,power,"[13.0, 7.1]",0.325,0.15,,"[""L1"", ""L2"", ""L3"", ""L4"", ""L5"", ""L6"", ""L7"", ""L8""]","[""L1"", ""L5""]",U2,U2:F8
F9,DDR_DQA12,signal,"[13.8, 7.1]",0.325,0.15,,"[""L1"", ""L2"", ""L3"", ""L4"", ""L5"", ""L6"", ""L7"", ""L8""]","[""L1"", ""L8""]",U2,U2:F9
F10,VDD1P1_DDR_IO,power,"[14.6, 7.1]",0.325,0.15,,"[""L1"", ""L2"", ""L3"", ""L4"", ""L5"", ""L6"", ""L7"", ""L8""]","[""L1"", ""L5""]",U2,U2:F10
F11,DDR_DQA11,signal,"[15.4, 7.1]",0.325,0.15,,"[""L1"", ""L2"", ""L3"", ""L4"", ""L5"", ""L6"", ""L7"", ""L8""]","[""L1""]",U2,U2:F11
F12,VDD1P8,power,"[16.2, 7.1]",0.325,0.15,,"[""L1"", ""L2"", ""L3"", ""L4"", ""L5"", ""L6"", ""L7"", ""L8""]","[""L1"", ""L5""]",U2,U2:F12
G1,GND,ground,"[7.4, 7.75]",0.325,0.15,,"[""L1"", ""L2"", ""L3"", ""L4"", ""L5"", ""L6"", ""L7"", ""L8""]","[""L1"", ""L2"", ""L4"", ""L7""]",U2,U2:G1
G3,GND,ground,"[9.0, 7.75]",0.325,0.15,,"[""L1"", ""L2"", ""L3"", ""L4"", ""L5"", ""L6"", ""L7"", ""L8""]","[""L1"", ""L2"", ""L4"", ""L7""]",U2,U2:G3
G4,VDD1P8,power,"[9.8, 7.75]",0.325,0.15,,"[""L1"", ""L2"", ""L3"", ""L4"", ""L5"", ""L6"", ""L7"", ""L8""]","[""L1"", ""L5""]",U2,U2:G4
G5,GND,ground,"[10.6, 7.75]",0.325,0.15,,"[""L1"", ""L2"", ""L3"", ""L4"", ""L5"", ""L6"", ""L7"", ""L8""]","[""L1"", ""L2"", ""L4"", ""L7""]",U2,U2:G5
G8,GND,ground,"[13.0, 7.75]",0.325,0.15,,"[""L1"", ""L2"", ""L3"", ""L4"", ""L5"", ""L6"", ""L7"", ""L8""]","[""L1"", ""L2"", ""L4"", ""L7""]",U2,U2:G8
G9,VDD1P8,power,"[13.8, 7.75]",0.325,0.15,,"[""L1"", ""L2"", ""L3"", ""L4"", ""L5"", ""L6"", ""L7"", ""L8""]","[""L1"", ""L5""]",U2,U2:G9
G10,GND,ground,"[14.6, 7.75]",0.325,0.15,,"[""L1"", ""L2"", ""L3"", ""L4"", ""L5"", ""L6"", ""L7"", ""L8""]","[""L1"", ""L2"", ""L4"", ""L7""]",U2,U2:G10
G12,GND,ground,"[16.2, 7.75]",0.325,0.15,,"[""L1"", ""L2"", ""L3"", ""L4"", ""L5"", ""L6"", ""L7"", ""L8""]","[""L1"", ""L2"", ""L4"", ""L7""]",U2,U2:G12
H1,VDD1P1_DDR_IO,power,"[7.4, 8.4]",0.325,0.15,,"[""L1"", ""L2"", ""L3"", ""L4"", ""L5"", ""L6"", ""L7"", ""L8""]","[""L1"", ""L5""]",U2,U2:H1
H2,DDR_CAA0,signal,"[8.2, 8.4]",0.325,0.15,,"[""L1"", ""L2"", ""L3"", ""L4"", ""L5"", ""L6"", ""L7"", ""L8""]","[""L1"", ""L3""]",U2,U2:H2
H4,DDR_CSA0,signal,"[9.8, 8.4]",0.325,0.15,,"[""L1"", ""L2"", ""L3"", ""L4"", ""L5"", ""L6"", ""L7"", ""L8""]","[""L1""]",U2,U2:H4
H5,VDD1P1_DDR_IO,power,"[10.6, 8.4]",0.325,0.15,,"[""L1"", ""L2"", ""L3"", ""L4"", ""L5"", ""L6"", ""L7"", ""L8""]","[""L1"", ""L5""]",U2,U2:H5
H8,VDD1P1_DDR_IO,power,"[13.0, 8.4]",0.325,0.15,,"[""L1"", ""L2"", ""L3"", ""L4"", ""L5"", ""L6"", ""L7"", ""L8""]","[""L1"", ""L5""]",U2,U2:H8
H9,DDR_CAA2,signal,"[13.8, 8.4]",0.325,0.15,,"[""L1"", ""L2"", ""L3"", ""L4"", ""L5"", ""L6"", ""L7"", ""L8""]","[""L1""]",U2,U2:H9
H10,DDR_CAA3,signal,"[14.6, 8.4]",0.325,0.15,,"[""L1"", ""L2"", ""L3"", ""L4"", ""L5"", ""L6"", ""L7"", ""L8""]","[""L1""]",U2,U2:H10
H11,DDR_CAA4,signal,"[15.4, 8.4]",0.325,0.15,,"[""L1"", ""L2"", ""L3"", ""L4"", ""L5"", ""L6"", ""L7"", ""L8""]","[""L1""]",U2,U2:H11
H12,VDD1P1_DDR_IO,power,"[16.2, 8.4]",0.325,0.15,,"[""L1"", ""L2"", ""L3"", ""L4"", ""L5"", ""L6"", ""L7"", ""L8""]","[""L1"", ""L5""]",U2,U2:H12
J1,GND,ground,"[7.4, 9.05]",0.325,0.15,,"[""L1"", ""L2"", ""L3"", ""L4"", ""L5"", ""L6"", ""L7"", ""L8""]","[""L1"", ""L2"", ""L4"", ""L7""]",U2,U2:J1
J2,DDR_CAA1,signal,"[8.2, 9.05]",0.325,0.15,,"[""L1"", ""L2"", ""L3"", ""L4"", ""L5"", ""L6"", ""L7"", ""L8""]","[""L1""]",U2,U2:J2
J3,GND,ground,"[9.0, 9.05]",0.325,0.15,,"[""L1"", ""L2"", ""L3"", ""L4"", ""L5"", ""L6"", ""L7"", ""L8""]","[""L1"", ""L2"", ""L4"", ""L7""]",U2,U2:J3
J4,DDR_CKEA0,signal,"[9.8, 9.05]",0.325,0.15,,"[""L1"", ""L2"", ""L3"", ""L4"", ""L5"", ""L6"", ""L7"", ""L8""]","[""L1"", ""L3""]",U2,U2:J4
J8,DDR_CLKA_P,signal,"[13.0, 9.05]",0.325,0.15,,"[""L1"", ""L2"", ""L3"", ""L4"", ""L5"", ""L6"", ""L7"", ""L8""]","[""L1"", ""L3""]",U2,U2:J8
J9,DDR_CLKA_N,signal,"[13.8, 9.05]",0.325,0.15,,"[""L1"", ""L2"", ""L3"", ""L4"", ""L5"", ""L6"", ""L7"", ""L8""]","[""L1"", ""L3""]",U2,U2:J9
J10,GND,ground,"[14.6, 9.05]",0.325,0.15,,"[""L1"", ""L2"", ""L3"", ""L4"", ""L5"", ""L6"", ""L7"", ""L8""]","[""L1"", ""L2"", ""L4"", ""L7""]",U2,U2:J10
J11,DDR_CAA5,signal,"[15.4, 9.05]",0.325,0.15,,"[""L1"", ""L2"", ""L3"", ""L4"", ""L5"", ""L6"", ""L7"", ""L8""]","[""L1"", ""L3""]",U2,U2:J11
J12,GND,ground,"[16.2, 9.05]",0.325,0.15,,"[""L1"", ""L2"", ""L3"", ""L4"", ""L5"", ""L6"", ""L7"", ""L8""]","[""L1"", ""L2"", ""L4"", ""L7""]",U2,U2:J12
K1,VDD1P1_DDR_IO,power,"[7.4, 9.7]",0.325,0.15,,"[""L1"", ""L2"", ""L3"", ""L4"", ""L5"", ""L6"", ""L7"", ""L8""]","[""L1"", ""L5""]",U2,U2:K1
K2,GND,ground,"[8.2, 9.7]",0.325,0.15,,"[""L1"", ""L2"", ""L3"", ""L4"", ""L5"", ""L6"", ""L7"", ""L8""]","[""L1"", ""L2"", ""L4"", ""L7""]",U2,U2:K2
K3,VDD1P1_DDR_IO,power,"[9.0, 9.7]",0.325,0.15,,"[""L1"", ""L2"", ""L3"", ""L4"", ""L5"", ""L6"", ""L7"", ""L8""]","[""L1"", ""L5""]",U2,U2:K3
K4,GND,ground,"[9.8, 9.7]",0.325,0.15,,"[""L1"", ""L2"", ""L3"", ""L4"", ""L5"", ""L6"", ""L7"", ""L8""]","[""L1"", ""L2"", ""L4"", ""L7""]",U2,U2:K4
K9,GND,ground,"[13.8, 9.7]",0.325,0.15,,"[""L1"", ""L2"", ""L3"", ""L4"", ""L5"", ""L6"", ""L7"", ""L8""]","[""L1"", ""L2"", ""L4"", ""L7""]",U2,U2:K9
K10,VDD1P1_DDR_IO,power,"[14.6, 9.7]",0.325,0.15,,"[""L1"", ""L2"", ""L3"", ""L4"", ""L5"", ""L6"", ""L7"", ""L8""]","[""L1"", ""L5""]",U2,U2:K10
K11,GND,ground,"[15.4, 9.7]",0.325,0.15,,"[""L1"", ""L2"", ""L3"", ""L4"", ""L5"", ""L6"", ""L7"", ""L8""]","[""L1"", ""L2"", ""L4"", ""L7""]",U2,U2:K11
K12,VDD1P1_DDR_IO,power,"[16.2, 9.7]",0.325,0.15,,"[""L1"", ""L2"", ""L3"", ""L4"", ""L5"", ""L6"", ""L7"", ""L8""]","[""L1"", ""L5""]",U2,U2:K12
N1,VDD1P1_DDR_IO,power,"[7.4, 11.65]",0.325,0.15,,"[""L1"", ""L2"", ""L3"", ""L4"", ""L5"", ""L6"", ""L7"", ""L8""]","[""L1"", ""L5""]",U2,U2:N1
N2,GND,ground,"[8.2, 11.65]",0.325,0.15,,"[""L1"", ""L2"", ""L3"", ""L4"", ""L5"", ""L6"", ""L7"", ""L8""]","[""L1"", ""L2"", ""L4"", ""L7""]",U2,U2:N2
N3,VDD1P1_DDR_IO,power,"[9.0, 11.65]",0.325,0.15,,"[""L1"", ""L2"", ""L3"", ""L4"", ""L5"", ""L6"", ""L7"", ""L8""]","[""L1"", ""L5""]",U2,U2:N3
N4,GND,ground,"[9.8, 11.65]",0.325,0.15,,"[""L1"", ""L2"", ""L3"", ""L4"", ""L5"", ""L6"", ""L7"", ""L8""]","[""L1"", ""L2"", ""L4"", ""L7""]",U2,U2:N4
N9,GND,ground,"[13.8, 11.65]",0.325,0.15,,"[""L1"", ""L2"", ""L3"", ""L4"", ""L5"", ""L6"", ""L7"", ""L8""]","[""L1"", ""L2"", ""L4"", ""L7""]",U2,U2:N9
N10,VDD1P1_DDR_IO,power,"[14.6, 11.65]",0.325,0.15,,"[""L1"", ""L2"", ""L3"", ""L4"", ""L5"", ""L6"", ""L7"", ""L8""]","[""L1"", ""L5""]",U2,U2:N10
N11,GND,ground,"[15.4, 11.65]",0.325,0.15,,"[""L1"", ""L2"", ""L3"", ""L4"", ""L5"", ""L6"", ""L7"", ""L8""]","[""L1"", ""L2"", ""L4"", ""L7""]",U2,U2:N11
N12,VDD1P1_DDR_IO,power,"[16.2, 11.65]",0.325,0.15,,"[""L1"", ""L2"", ""L3"", ""L4"", ""L5"", ""L6"", ""L7"", ""L8""]","[""L1"", ""L5""]",U2,U2:N12
P1,GND,ground,"[7.4, 12.3]",0.325,0.15,,"[""L1"", ""L2"", ""L3"", ""L4"", ""L5"", ""L6"", ""L7"", ""L8""]","[""L1"", ""L2"", ""L4"", ""L7""]",U2,U2:P1
P2,DDR_CAB1,signal,"[8.2, 12.3]",0.325,0.15,,"[""L1"", ""L2"", ""L3"", ""L4"", ""L5"", ""L6"", ""L7"", ""L8""]","[""L1""]",U2,U2:P2
P3,GND,ground,"[9.0, 12.3]",0.325,0.15,,"[""L1"", ""L2"", ""L3"", ""L4"", ""L5"", ""L6"", ""L7"", ""L8""]","[""L1"", ""L2"", ""L4"", ""L7""]",U2,U2:P3
P4,DDR_CKEB0,signal,"[9.8, 12.3]",0.325,0.15,,"[""L1"", ""L2"", ""L3"", ""L4"", ""L5"", ""L6"", ""L7"", ""L8""]","[""L1""]",U2,U2:P4
P8,DDR_CLKB_P,signal,"[13.0, 12.3]",0.325,0.15,,"[""L1"", ""L2"", ""L3"", ""L4"", ""L5"", ""L6"", ""L7"", ""L8""]","[""L1"", ""L8""]",U2,U2:P8
P9,DDR_CLKB_N,signal,"[13.8, 12.3]",0.325,0.15,,"[""L1"", ""L2"", ""L3"", ""L4"", ""L5"", ""L6"", ""L7"", ""L8""]","[""L1"", ""L8""]",U2,U2:P9
P10,GND,ground,"[14.6, 12.3]",0.325,0.15,,"[""L1"", ""L2"", ""L3"", ""L4"", ""L5"", ""L6"", ""L7"", ""L8""]","[""L1"", ""L2"", ""L4"", ""L7""]",U2,U2:P10
P11,DDR_CAB5,signal,"[15.4, 12.3]",0.325,0.15,,"[""L1"", ""L2"", ""L3"", ""L4"", ""L5"", ""L6"", ""L7"", ""L8""]","[""L1"", ""L8""]",U2,U2:P11
P12,GND,ground,"[16.2, 12.3]",0.325,0.15,,"[""L1"", ""L2"", ""L3"", ""L4"", ""L5"", ""L6"", ""L7"", ""L8""]","[""L1"", ""L2"", ""L4"", ""L7""]",U2,U2:P12
R1,VDD1P1_DDR_IO,power,"[7.4, 12.95]",0.325,0.15,,"[""L1"", ""L2"", ""L3"", ""L4"", ""L5"", ""L6"", ""L7"", ""L8""]","[""L1"", ""L5""]",U2,U2:R1
R2,DDR_CAB0,signal,"[8.2, 12.95]",0.325,0.15,,"[""L1"", ""L2"", ""L3"", ""L4"", ""L5"", ""L6"", ""L7"", ""L8""]","[""L1""]",U2,U2:R2
R4,DDR_CSB0,signal,"[9.8, 12.95]",0.325,0.15,,"[""L1"", ""L2"", ""L3"", ""L4"", ""L5"", ""L6"", ""L7"", ""L8""]","[""L1""]",U2,U2:R4
R5,VDD1P1_DDR_IO,power,"[10.6, 12.95]",0.325,0.15,,"[""L1"", ""L2"", ""L3"", ""L4"", ""L5"", ""L6"", ""L7"", ""L8""]","[""L1"", ""L5""]",U2,U2:R5
R8,VDD1P1_DDR_IO,power,"[13.0, 12.95]",0.325,0.15,,"[""L1"", ""L2"", ""L3"", ""L4"", ""L5"", ""L6"", ""L7"", ""L8""]","[""L1"", ""L5""]",U2,U2:R8
R9,DDR_CAB2,signal,"[13.8, 12.95]",0.325,0.15,,"[""L1"", ""L2"", ""L3"", ""L4"", ""L5"", ""L6"", ""L7"", ""L8""]","[""L1""]",U2,U2:R9
R10,DDR_CAB3,signal,"[14.6, 12.95]",0.325,0.15,,"[""L1"", ""L2"", ""L3"", ""L4"", ""L5"", ""L6"", ""L7"", ""L8""]","[""L1""]",U2,U2:R10
R11,DDR_CAB4,signal,"[15.4, 12.95]",0.325,0.15,,"[""L1"", ""L2"", ""L3"", ""L4"", ""L5"", ""L6"", ""L7"", ""L8""]","[""L1"", ""L8""]",U2,U2:R11
R12,VDD1P1_DDR_IO,power,"[16.2, 12.95]",0.325,0.15,,"[""L1"", ""L2"", ""L3"", ""L4"", ""L5"", ""L6"", ""L7"", ""L8""]","[""L1"", ""L5""]",U2,U2:R12
T1,GND,ground,"[7.4, 13.6]",0.325,0.15,,"[""L1"", ""L2"", ""L3"", ""L4"", ""L5"", ""L6"", ""L7"", ""L8""]","[""L1"", ""L2"", ""L4"", ""L7""]",U2,U2:T1
T3,GND,ground,"[9.0, 13.6]",0.325,0.15,,"[""L1"", ""L2"", ""L3"", ""L4"", ""L5"", ""L6"", ""L7"", ""L8""]","[""L1"", ""L2"", ""L4"", ""L7""]",U2,U2:T3
T4,VDD1P8,power,"[9.8, 13.6]",0.325,0.15,,"[""L1"", ""L2"", ""L3"", ""L4"", ""L5"", ""L6"", ""L7"", ""L8""]","[""L1"", ""L5""]",U2,U2:T4
T5,GND,ground,"[10.6, 13.6]",0.325,0.15,,"[""L1"", ""L2"", ""L3"", ""L4"", ""L5"", ""L6"", ""L7"", ""L8""]","[""L1"", ""L2"", ""L4"", ""L7""]",U2,U2:T5
T8,GND,ground,"[13.0, 13.6]",0.325,0.15,,"[""L1"", ""L2"", ""L3"", ""L4"", ""L5"", ""L6"", ""L7"", ""L8""]","[""L1"", ""L2"", ""L4"", ""L7""]",U2,U2:T8
T9,VDD1P8,power,"[13.8, 13.6]",0.325,0.15,,"[""L1"", ""L2"", ""L3"", ""L4"", ""L5"", ""L6"", ""L7"", ""L8""]","[""L1"", ""L5""]",U2,U2:T9
T10,GND,ground,"[14.6, 13.6]",0.325,0.15,,"[""L1"", ""L2"", ""L3"", ""L4"", ""L5"", ""L6"", ""L7"", ""L8""]","[""L1"", ""L2"", ""L4"", ""L7""]",U2,U2:T10
T11,DDR_RESET,signal,"[15.4, 13.6]",0.325,0.15,,"[""L1"", ""L2"", ""L3"", ""L4"", ""L5"", ""L6"", ""L7"", ""L8""]","[""L1""]",U2,U2:T11
T12,GND,ground,"[16.2, 13.6]",0.325,0.15,,"[""L1"", ""L2"", ""L3"", ""L4"", ""L5"", ""L6"", ""L7"", ""L8""]","[""L1"", ""L2"", ""L4"", ""L7""]",U2,U2:T12
U1,VDD1P8,power,"[7.4, 14.25]",0.325,0.15,,"[""L1"", ""L2"", ""L3"", ""L4"", ""L5"", ""L6"", ""L7"", ""L8""]","[""L1"", ""L5""]",U2,U2:U1
U2,DDR_DQB3,signal,"[8.2, 14.25]",0.325,0.15,,"[""L1"", ""L2"", ""L3"", ""L4"", ""L5"", ""L6"", ""L7"", ""L8""]","[""L1"", ""L8""]",U2,U2:U2
U3,VDD1P1_DDR_IO,power,"[9.0, 14.25]",0.325,0.15,,"[""L1"", ""L2"", ""L3"", ""L4"", ""L5"", ""L6"", ""L7"", ""L8""]","[""L1"", ""L5""]",U2,U2:U3
U4,DDR_DQB4,signal,"[9.8, 14.25]",0.325,0.15,,"[""L1"", ""L2"", ""L3"", ""L4"", ""L5"", ""L6"", ""L7"", ""L8""]","[""L1"", ""L8""]",U2,U2:U4
U5,VDD1P1_DDR_IO,power,"[10.6, 14.25]",0.325,0.15,,"[""L1"", ""L2"", ""L3"", ""L4"", ""L5"", ""L6"", ""L7"", ""L8""]","[""L1"", ""L5""]",U2,U2:U5
U8,VDD1P1_DDR_IO,power,"[13.0, 14.25]",0.325,0.15,,"[""L1"", ""L2"", ""L3"", ""L4"", ""L5"", ""L6"", ""L7"", ""L8""]","[""L1"", ""L5""]",U2,U2:U8
U9,DDR_DQB12,signal,"[13.8, 14.25]",0.325,0.15,,"[""L1"", ""L2"", ""L3"", ""L4"", ""L5"", ""L6"", ""L7"", ""L8""]","[""L1"", ""L3""]",U2,U2:U9
U10,VDD1P1_DDR_IO,power,"[14.6, 14.25]",0.325,0.15,,"[""L1"", ""L2"", ""L3"", ""L4"", ""L5"", ""L6"", ""L7"", ""L8""]","[""L1"", ""L5""]",U2,U2:U10
U11,DDR_DQB11,signal,"[15.4, 14.25]",0.325,0.15,,"[""L1"", ""L2"", ""L3"", ""L4"", ""L5"", ""L6"", ""L7"", ""L8""]","[""L1"", ""L3""]",U2,U2:U11
U12,VDD1P8,power,"[16.2, 14.25]",0.325,0.15,,"[""L1"", ""L2"", ""L3"", ""L4"", ""L5"", ""L6"", ""L7"", ""L8""]","[""L1"", ""L5""]",U2,U2:U12
V1,GND,ground,"[7.4, 14.9]",0.325,0.15,,"[""L1"", ""L2"", ""L3"", ""L4"", ""L5"", ""L6"", ""L7"", ""L8""]","[""L1"", ""L2"", ""L4"", ""L7""]",U2,U2:V1
V2,DDR_DQB2,signal,"[8.2, 14.9]",0.325,0.15,,"[""L1"", ""L2"", ""L3"", ""L4"", ""L5"", ""L6"", ""L7"", ""L8""]","[""L1""]",U2,U2:V2
V3,DDR_DQSB0_N,signal,"[9.0, 14.9]",0.325,0.15,,"[""L1"", ""L2"", ""L3"", ""L4"", ""L5"", ""L6"", ""L7"", ""L8""]","[""L1"", ""L8""]",U2,U2:V3
V4,DDR_DQB5,signal,"[9.8, 14.9]",0.325,0.15,,"[""L1"", ""L2"", ""L3"", ""L4"", ""L5"", ""L6"", ""L7"", ""L8""]","[""L1""]",U2,U2:V4
V5,GND,ground,"[10.6, 14.9]",0.325,0.15,,"[""L1"", ""L2"", ""L3"", ""L4"", ""L5"", ""L6"", ""L7"", ""L8""]","[""L1"", ""L2"", ""L4"", ""L7""]",U2,U2:V5
V8,GND,ground,"[13.0, 14.9]",0.325,0.15,,"[""L1"", ""L2"", ""L3"", ""L4"", ""L5"", ""L6"", ""L7"", ""L8""]","[""L1"", ""L2"", ""L4"", ""L7""]",U2,U2:V8
V9,DDR_DQB13,signal,"[13.8, 14.9]",0.325,0.15,,"[""L1"", ""L2"", ""L3"", ""L4"", ""L5"", ""L6"", ""L7"", ""L8""]","[""L1"", ""L3""]",U2,U2:V9
V10,DDR_DQSB1_N,signal,"[14.6, 14.9]",0.325,0.15,,"[""L1"", ""L2"", ""L3"", ""L4"", ""L5"", ""L6"", ""L7"", ""L8""]","[""L1"", ""L3""]",U2,U2:V10
V11,DDR_DQB10,signal,"[15.4, 14.9]",0.325,0.15,,"[""L1"", ""L2"", ""L3"", ""L4"", ""L5"", ""L6"", ""L7"", ""L8""]","[""L1"", ""L3""]",U2,U2:V11
V12,GND,ground,"[16.2, 14.9]",0.325,0.15,,"[""L1"", ""L2"", ""L3"", ""L4"", ""L5"", ""L6"", ""L7"", ""L8""]","[""L1"", ""L2"", ""L4"", ""L7""]",U2,U2:V12
W1,VDD1P1_DDR_IO,power,"[7.4, 15.55]",0.325,0.15,,"[""L1"", ""L2"", ""L3"", ""L4"", ""L5"", ""L6"", ""L7"", ""L8""]","[""L1"", ""L5""]",U2,U2:W1
W2,GND,ground,"[8.2, 15.55]",0.325,0.15,,"[""L1"", ""L2"", ""L3"", ""L4"", ""L5"", ""L6"", ""L7"", ""L8""]","[""L1"", ""L2"", ""L4"", ""L7""]",U2,U2:W2
W3,DDR_DQSB0_P,signal,"[9.0, 15.55]",0.325,0.15,,"[""L1"", ""L2"", ""L3"", ""L4"", ""L5"", ""L6"", ""L7"", ""L8""]","[""L1"", ""L8""]",U2,U2:W3
W4,GND,ground,"[9.8, 15.55]",0.325,0.15,,"[""L1"", ""L2"", ""L3"", ""L4"", ""L5"", ""L6"", ""L7"", ""L8""]","[""L1"", ""L2"", ""L4"", ""L7""]",U2,U2:W4
W5,VDD1P1_DDR_IO,power,"[10.6, 15.55]",0.325,0.15,,"[""L1"", ""L2"", ""L3"", ""L4"", ""L5"", ""L6"", ""L7"", ""L8""]","[""L1"", ""L5""]",U2,U2:W5
W8,VDD1P1_DDR_IO,power,"[13.0, 15.55]",0.325,0.15,,"[""L1"", ""L2"", ""L3"", ""L4"", ""L5"", ""L6"", ""L7"", ""L8""]","[""L1"", ""L5""]",U2,U2:W8
W9,GND,ground,"[13.8, 15.55]",0.325,0.15,,"[""L1"", ""L2"", ""L3"", ""L4"", ""L5"", ""L6"", ""L7"", ""L8""]","[""L1"", ""L2"", ""L4"", ""L7""]",U2,U2:W9
W10,DDR_DQSB1_P,signal,"[14.6, 15.55]",0.325,0.15,,"[""L1"", ""L2"", ""L3"", ""L4"", ""L5"", ""L6"", ""L7"", ""L8""]","[""L1"", ""L3""]",U2,U2:W10
W11,GND,ground,"[15.4, 15.55]",0.325,0.15,,"[""L1"", ""L2"", ""L3"", ""L4"", ""L5"", ""L6"", ""L7"", ""L8""]","[""L1"", ""L2"", ""L4"", ""L7""]",U2,U2:W11
W12,VDD1P1_DDR_IO,power,"[16.2, 15.55]",0.325,0.15,,"[""L1"", ""L2"", ""L3"", ""L4"", ""L5"", ""L6"", ""L7"", ""L8""]","[""L1"", ""L5""]",U2,U2:W12
Y1,GND,ground,"[7.4, 16.2]",0.325,0.15,,"[""L1"", ""L2"", ""L3"", ""L4"", ""L5"", ""L6"", ""L7"", ""L8""]","[""L1"", ""L2"", ""L4"", ""L7""]",U2,U2:Y1
Y2,DDR_DQB1,signal,"[8.2, 16.2]",0.325,0.15,,"[""L1"", ""L2"", ""L3"", ""L4"", ""L5"", ""L6"", ""L7"", ""L8""]","[""L1""]",U2,U2:Y2
Y3,DDR_DMIB0,signal,"[9.0, 16.2]",0.325,0.15,,"[""L1"", ""L2"", ""L3"", ""L4"", ""L5"", ""L6"", ""L7"", ""L8""]","[""L1""]",U2,U2:Y3
Y4,DDR_DQB6,signal,"[9.8, 16.2]",0.325,0.15,,"[""L1"", ""L2"", ""L3"", ""L4"", ""L5"", ""L6"", ""L7"", ""L8""]","[""L1"", ""L8""]",U2,U2:Y4
Y5,GND,ground,"[10.6, 16.2]",0.325,0.15,,"[""L1"", ""L2"", ""L3"", ""L4"", ""L5"", ""L6"", ""L7"", ""L8""]","[""L1"", ""L2"", ""L4"", ""L7""]",U2,U2:Y5
Y8,GND,ground,"[13.0, 16.2]",0.325,0.15,,"[""L1"", ""L2"", ""L3"", ""L4"", ""L5"", ""L6"", ""L7"", ""L8""]","[""L1"", ""L2"", ""L4"", ""L7""]",U2,U2:Y8
Y9,DDR_DQB14,signal,"[13.8, 16.2]",0.325,0.15,,"[""L1"", ""L2"", ""L3"", ""L4"", ""L5"", ""L6"", ""L7"", ""L8""]","[""L1""]",U2,U2:Y9
Y10,DDR_DMIB1,signal,"[14.6, 16.2]",0.325,0.15,,"[""L1"", ""L2"", ""L3"", ""L4"", ""L5"", ""L6"", ""L7"", ""L8""]","[""L1""]",U2,U2:Y10
Y11,DDR_DQB9,signal,"[15.4, 16.2]",0.325,0.15,,"[""L1"", ""L2"", ""L3"", ""L4"", ""L5"", ""L6"", ""L7"", ""L8""]","[""L1""]",U2,U2:Y11
Y12,GND,ground,"[16.2, 16.2]",0.325,0.15,,"[""L1"", ""L2"", ""L3"", ""L4"", ""L5"", ""L6"", ""L7"", ""L8""]","[""L1"", ""L2"", ""L4"", ""L7""]",U2,U2:Y12
AA2,DDR_DQB0,signal,"[8.2, 16.85]",0.325,0.15,,"[""L1"", ""L2"", ""L3"", ""L4"", ""L5"", ""L6"", ""L7"", ""L8""]","[""L1"", ""L8""]",U2,U2:AA2
AA3,VDD1P1_DDR_IO,power,"[9.0, 16.85]",0.325,0.15,,"[""L1"", ""L2"", ""L3"", ""L4"", ""L5"", ""L6"", ""L7"", ""L8""]","[""L1"", ""L5""]",U2,U2:AA3
AA4,DDR_DQB7,signal,"[9.8, 16.85]",0.325,0.15,,"[""L1"", ""L2"", ""L3"", ""L4"", ""L5"", ""L6"", ""L7"", ""L8""]","[""L1""]",U2,U2:AA4
AA5,VDD1P1_DDR_IO,power,"[10.6, 16.85]",0.325,0.15,,"[""L1"", ""L2"", ""L3"", ""L4"", ""L5"", ""L6"", ""L7"", ""L8""]","[""L1"", ""L5""]",U2,U2:AA5
AA8,VDD1P1_DDR_IO,power,"[13.0, 16.85]",0.325,0.15,,"[""L1"", ""L2"", ""L3"", ""L4"", ""L5"", ""L6"", ""L7"", ""L8""]","[""L1"", ""L5""]",U2,U2:AA8
AA9,DDR_DQB15,signal,"[13.8, 16.85]",0.325,0.15,,"[""L1"", ""L2"", ""L3"", ""L4"", ""L5"", ""L6"", ""L7"", ""L8""]","[""L1""]",U2,U2:AA9
AA10,VDD1P1_DDR_IO,power,"[14.6, 16.85]",0.325,0.15,,"[""L1"", ""L2"", ""L3"", ""L4"", ""L5"", ""L6"", ""L7"", ""L8""]","[""L1"", ""L5""]",U2,U2:AA10
AA11,DDR_DQB8,signal,"[15.4, 16.85]",0.325,0.15,,"[""L1"", ""L2"", ""L3"", ""L4"", ""L5"", ""L6"", ""L7"", ""L8""]","[""L1"", ""L3""]",U2,U2:AA11
AB3,GND,ground,"[9.0, 17.5]",0.325,0.15,,"[""L1"", ""L2"", ""L3"", ""L4"", ""L5"", ""L6"", ""L7"", ""L8""]","[""L1"", ""L2"", ""L4"", ""L7""]",U2,U2:AB3
AB4,VDD1P1_DDR_IO,power,"[9.8, 17.5]",0.325,0.15,,"[""L1"", ""L2"", ""L3"", ""L4"", ""L5"", ""L6"", ""L7"", ""L8""]","[""L1"", ""L5""]",U2,U2:AB4
AB5,GND,ground,"[10.6, 17.5]",0.325,0.15,,"[""L1"", ""L2"", ""L3"", ""L4"", ""L5"", ""L6"", ""L7"", ""L8""]","[""L1"", ""L2"", ""L4"", ""L7""]",U2,U2:AB5
AB8,GND,ground,"[13.0, 17.5]",0.325,0.15,,"[""L1"", ""L2"", ""L3"", ""L4"", ""L5"", ""L6"", ""L7"", ""L8""]","[""L1"", ""L2"", ""L4"", ""L7""]",U2,U2:AB8
AB9,VDD1P1_DDR_IO,power,"[13.8, 17.5]",0.325,0.15,,"[""L1"", ""L2"", ""L3"", ""L4"", ""L5"", ""L6"", ""L7"", ""L8""]","[""L1"", ""L5""]",U2,U2:AB9
AB10,GND,ground,"[14.6, 17.5]",0.325,0.15,,"[""L1"", ""L2"", ""L3"", ""L4"", ""L5"", ""L6"", ""L7"", ""L8""]","[""L1"", ""L2"", ""L4"", ""L7""]",U2,U2:AB10
