net,soc_ball,soc_actual_function,dram_ball,dram_actual_function,sink_group,soc_package_trace_um,guide_alias_hazard,board_delay_ps,dram_package_delay_ps,status,escape_layer,physically_routed_vias,local_layer_changes,emitted_via_count,local_copper_length_mm,exit_x_mm,exit_y_mm,routing_status,timing_status,return_status
DDR_DQB0,A14,DDR_DQB3,AA2,DQ0_B,B_BYTE0,5608.52,,UNROUTED,UNAVAILABLE,SOURCE_JOINED_CONSTRAINT_INPUT_NOT_TIMING_PASS,L8,1,1,1,1.109619408,2.6,-7.15,SOLVED_LOCAL_EXIT,PARTIAL_ROUTE_NOT_TOTAL_FLIGHT_TIME,PROPOSED_GND_REFERENCE_ONLY_NO_PLANES_OR_ANTIPADS
DDR_DQSB0_N,A15,DDR_DQSB0N,V3,DQS0_c_B,B_BYTE0,4942.59,LP4 DQSB1P/N aliases repeated across DQS0 and DQS2; resolve from actual schematic/official pinout,UNROUTED,UNAVAILABLE,SOURCE_JOINED_CONSTRAINT_INPUT_NOT_TIMING_PASS,L8,1,1,1,1.109619408,3.25,-7.15,SOLVED_LOCAL_EXIT,PARTIAL_ROUTE_NOT_TOTAL_FLIGHT_TIME,PROPOSED_GND_REFERENCE_ONLY_NO_PLANES_OR_ANTIPADS
DDR_DQB1,A17,DDR_DQB4,Y2,DQ1_B,B_BYTE0,5037.71,,UNROUTED,UNAVAILABLE,SOURCE_JOINED_CONSTRAINT_INPUT_NOT_TIMING_PASS,L8,1,1,1,1.109619408,4.55,-7.15,SOLVED_LOCAL_EXIT,PARTIAL_ROUTE_NOT_TOTAL_FLIGHT_TIME,PROPOSED_GND_REFERENCE_ONLY_NO_PLANES_OR_ANTIPADS
DDR_DQSB1_N,A18,DDR_DQSB1N,V10,DQS1_c_B,B_BYTE1,6628.66,LP4 DQSB1P/N aliases repeated across DQS0 and DQS2; resolve from actual schematic/official pinout,UNROUTED,UNAVAILABLE,SOURCE_JOINED_CONSTRAINT_INPUT_NOT_TIMING_PASS,L3,1,1,1,1.109619408,5.2,-7.15,SOLVED_LOCAL_EXIT,PARTIAL_ROUTE_NOT_TOTAL_FLIGHT_TIME,PROPOSED_GND_REFERENCE_ONLY_NO_PLANES_OR_ANTIPADS
DDR_DQB3,B14,DDR_DQB2,U2,DQ3_B,B_BYTE0,4486.79,,UNROUTED,UNAVAILABLE,SOURCE_JOINED_CONSTRAINT_INPUT_NOT_TIMING_PASS,L8,1,1,1,2.084619408,2.275,-7.15,SOLVED_LOCAL_EXIT,PARTIAL_ROUTE_NOT_TOTAL_FLIGHT_TIME,PROPOSED_GND_REFERENCE_ONLY_NO_PLANES_OR_ANTIPADS
DDR_DQSB0_P,B15,DDR_DQSB0P,W3,DQS0_t_B,B_BYTE0,4623.9,LP4 DQSB1P/N aliases repeated across DQS0 and DQS2; resolve from actual schematic/official pinout,UNROUTED,UNAVAILABLE,SOURCE_JOINED_CONSTRAINT_INPUT_NOT_TIMING_PASS,L8,1,1,1,2.084619408,2.925,-7.15,SOLVED_LOCAL_EXIT,PARTIAL_ROUTE_NOT_TOTAL_FLIGHT_TIME,PROPOSED_GND_REFERENCE_ONLY_NO_PLANES_OR_ANTIPADS
DDR_DQB5,B16,DDR_DQB5,V4,DQ5_B,B_BYTE0,4419.48,,UNROUTED,UNAVAILABLE,SOURCE_JOINED_CONSTRAINT_INPUT_NOT_TIMING_PASS,L8,1,1,1,2.084619408,3.575,-7.15,SOLVED_LOCAL_EXIT,PARTIAL_ROUTE_NOT_TOTAL_FLIGHT_TIME,PROPOSED_GND_REFERENCE_ONLY_NO_PLANES_OR_ANTIPADS
DDR_DQB7,B17,DDR_DQB7,AA4,DQ7_B,B_BYTE0,5515.88,,UNROUTED,UNAVAILABLE,SOURCE_JOINED_CONSTRAINT_INPUT_NOT_TIMING_PASS,L8,1,1,1,2.084619408,4.225,-7.15,SOLVED_LOCAL_EXIT,PARTIAL_ROUTE_NOT_TOTAL_FLIGHT_TIME,PROPOSED_GND_REFERENCE_ONLY_NO_PLANES_OR_ANTIPADS
DDR_DQSB1_P,B18,DDR_DQSB1P,W10,DQS1_t_B,B_BYTE1,6516.79,LP4 DQSB1P/N aliases repeated across DQS0 and DQS2; resolve from actual schematic/official pinout,UNROUTED,UNAVAILABLE,SOURCE_JOINED_CONSTRAINT_INPUT_NOT_TIMING_PASS,L3,1,1,1,2.084619408,4.875,-7.15,SOLVED_LOCAL_EXIT,PARTIAL_ROUTE_NOT_TOTAL_FLIGHT_TIME,PROPOSED_GND_REFERENCE_ONLY_NO_PLANES_OR_ANTIPADS
DDR_DQB15,B19,DDR_DQB9,AA9,DQ15_B,B_BYTE1,6879.01,,UNROUTED,UNAVAILABLE,SOURCE_JOINED_CONSTRAINT_INPUT_NOT_TIMING_PASS,L3,1,1,1,2.084619408,5.525,-7.15,SOLVED_LOCAL_EXIT,PARTIAL_ROUTE_NOT_TOTAL_FLIGHT_TIME,PROPOSED_GND_REFERENCE_ONLY_NO_PLANES_OR_ANTIPADS
DDR_DQB2,C14,DDR_DQB0,V2,DQ2_B,B_BYTE0,2966.98,,UNROUTED,UNAVAILABLE,SOURCE_JOINED_CONSTRAINT_INPUT_NOT_TIMING_PASS,L8,1,1,1,3.384619408,1.625,-7.15,SOLVED_LOCAL_EXIT,PARTIAL_ROUTE_NOT_TOTAL_FLIGHT_TIME,PROPOSED_GND_REFERENCE_ONLY_NO_PLANES_OR_ANTIPADS
DDR_DMIB0,C15,DDR_DMIB0,Y3,DMI0_B,B_BYTE0,4509.87,,UNROUTED,UNAVAILABLE,SOURCE_JOINED_CONSTRAINT_INPUT_NOT_TIMING_PASS,L8,1,1,1,4.034619408,4.875,-7.15,SOLVED_LOCAL_EXIT,PARTIAL_ROUTE_NOT_TOTAL_FLIGHT_TIME,PROPOSED_GND_REFERENCE_ONLY_NO_PLANES_OR_ANTIPADS
DDR_DQB6,C16,DDR_DQB6,Y4,DQ6_B,B_BYTE0,4381.95,,UNROUTED,UNAVAILABLE,SOURCE_JOINED_CONSTRAINT_INPUT_NOT_TIMING_PASS,L8,1,1,1,4.034619408,7.15,-4.875,SOLVED_LOCAL_EXIT,PARTIAL_ROUTE_NOT_TOTAL_FLIGHT_TIME,PROPOSED_GND_REFERENCE_ONLY_NO_PLANES_OR_ANTIPADS
DDR_DQB9,C17,DDR_DQB15,Y11,DQ9_B,B_BYTE1,4038.16,,UNROUTED,UNAVAILABLE,SOURCE_JOINED_CONSTRAINT_INPUT_NOT_TIMING_PASS,L3,1,1,1,2.734619408,4.225,-7.15,SOLVED_LOCAL_EXIT,PARTIAL_ROUTE_NOT_TOTAL_FLIGHT_TIME,PROPOSED_GND_REFERENCE_ONLY_NO_PLANES_OR_ANTIPADS
DDR_DQB8,C18,DDR_DQB12,AA11,DQ8_B,B_BYTE1,5598.19,,UNROUTED,UNAVAILABLE,SOURCE_JOINED_CONSTRAINT_INPUT_NOT_TIMING_PASS,L3,1,1,1,2.734619408,7.15,-5.525,SOLVED_LOCAL_EXIT,PARTIAL_ROUTE_NOT_TOTAL_FLIGHT_TIME,PROPOSED_GND_REFERENCE_ONLY_NO_PLANES_OR_ANTIPADS
DDR_DQB14,C19,DDR_DQB8,Y9,DQ14_B,B_BYTE1,6640.84,,UNROUTED,UNAVAILABLE,SOURCE_JOINED_CONSTRAINT_INPUT_NOT_TIMING_PASS,L3,1,1,1,1.759619408,7.15,-5.2,SOLVED_LOCAL_EXIT,PARTIAL_ROUTE_NOT_TOTAL_FLIGHT_TIME,PROPOSED_GND_REFERENCE_ONLY_NO_PLANES_OR_ANTIPADS
DDR_DQB4,D14,DDR_DQB1,U4,DQ4_B,B_BYTE0,2708.03,,UNROUTED,UNAVAILABLE,SOURCE_JOINED_CONSTRAINT_INPUT_NOT_TIMING_PASS,L8,1,1,1,4.684619408,0.975,-7.15,SOLVED_LOCAL_EXIT,PARTIAL_ROUTE_NOT_TOTAL_FLIGHT_TIME,PROPOSED_GND_REFERENCE_ONLY_NO_PLANES_OR_ANTIPADS
DDR_DQB13,D16,DDR_DQB14,V9,DQ13_B,B_BYTE1,3663.33,,UNROUTED,UNAVAILABLE,SOURCE_JOINED_CONSTRAINT_INPUT_NOT_TIMING_PASS,L3,1,1,1,3.384619408,3.575,-7.15,SOLVED_LOCAL_EXIT,PARTIAL_ROUTE_NOT_TOTAL_FLIGHT_TIME,PROPOSED_GND_REFERENCE_ONLY_NO_PLANES_OR_ANTIPADS
DDR_DQB10,D17,DDR_DQB13,V11,DQ10_B,B_BYTE1,4242.29,,UNROUTED,UNAVAILABLE,SOURCE_JOINED_CONSTRAINT_INPUT_NOT_TIMING_PASS,L3,1,1,1,3.384619408,7.15,-4.875,SOLVED_LOCAL_EXIT,PARTIAL_ROUTE_NOT_TOTAL_FLIGHT_TIME,PROPOSED_GND_REFERENCE_ONLY_NO_PLANES_OR_ANTIPADS
DDR_DMIB1,D18,DDR_DMIB1,Y10,DMI1_B,B_BYTE1,5275.38,,UNROUTED,UNAVAILABLE,SOURCE_JOINED_CONSTRAINT_INPUT_NOT_TIMING_PASS,L3,1,1,1,2.409619408,7.15,-4.55,SOLVED_LOCAL_EXIT,PARTIAL_ROUTE_NOT_TOTAL_FLIGHT_TIME,PROPOSED_GND_REFERENCE_ONLY_NO_PLANES_OR_ANTIPADS
DDR_DQB11,E17,DDR_DQB10,U11,DQ11_B,B_BYTE1,4273.06,,UNROUTED,UNAVAILABLE,SOURCE_JOINED_CONSTRAINT_INPUT_NOT_TIMING_PASS,L3,1,1,1,3.384619408,7.15,-3.575,SOLVED_LOCAL_EXIT,PARTIAL_ROUTE_NOT_TOTAL_FLIGHT_TIME,PROPOSED_GND_REFERENCE_ONLY_NO_PLANES_OR_ANTIPADS
DDR_DQB12,E18,DDR_DQB11,U9,DQ12_B,B_BYTE1,3830.51,,UNROUTED,UNAVAILABLE,SOURCE_JOINED_CONSTRAINT_INPUT_NOT_TIMING_PASS,L3,1,1,1,2.734619408,7.15,-4.225,SOLVED_LOCAL_EXIT,PARTIAL_ROUTE_NOT_TOTAL_FLIGHT_TIME,PROPOSED_GND_REFERENCE_ONLY_NO_PLANES_OR_ANTIPADS
DDR_CAB0,E20,DDR_CAB0,R2,CA0_B,B_ADDRESS_COMMAND,5468.25,,UNROUTED,UNAVAILABLE,SOURCE_JOINED_CONSTRAINT_INPUT_NOT_TIMING_PASS,L8,1,1,1,1.109619408,7.15,-3.9,SOLVED_LOCAL_EXIT,PARTIAL_ROUTE_NOT_TOTAL_FLIGHT_TIME,PROPOSED_GND_REFERENCE_ONLY_NO_PLANES_OR_ANTIPADS
DDR_CAB4,F17,DDR_CAB4,R11,CA4_B,B_ADDRESS_COMMAND,2757.73,,UNROUTED,UNAVAILABLE,SOURCE_JOINED_CONSTRAINT_INPUT_NOT_TIMING_PASS,L8,1,1,1,4.034619408,7.15,-4.225,SOLVED_LOCAL_EXIT,PARTIAL_ROUTE_NOT_TOTAL_FLIGHT_TIME,PROPOSED_GND_REFERENCE_ONLY_NO_PLANES_OR_ANTIPADS
DDR_CAB5,F19,DDR_CAB5,P11,CA5_B,B_ADDRESS_COMMAND,4558.27,,UNROUTED,UNAVAILABLE,SOURCE_JOINED_CONSTRAINT_INPUT_NOT_TIMING_PASS,L8,1,1,1,2.084619408,7.15,-3.575,SOLVED_LOCAL_EXIT,PARTIAL_ROUTE_NOT_TOTAL_FLIGHT_TIME,PROPOSED_GND_REFERENCE_ONLY_NO_PLANES_OR_ANTIPADS
DDR_CLKB_N,F20,DDR_CLKBN,P9,CK_c_B,B_ADDRESS_COMMAND,5418.33,,UNROUTED,UNAVAILABLE,SOURCE_JOINED_CONSTRAINT_INPUT_NOT_TIMING_PASS,L8,1,1,1,1.109619408,7.15,-3.25,SOLVED_LOCAL_EXIT,PARTIAL_ROUTE_NOT_TOTAL_FLIGHT_TIME,PROPOSED_GND_REFERENCE_ONLY_NO_PLANES_OR_ANTIPADS
DDR_CAB2,G18,DDR_CAB2,R9,CA2_B,B_ADDRESS_COMMAND,3807.29,,UNROUTED,UNAVAILABLE,SOURCE_JOINED_CONSTRAINT_INPUT_NOT_TIMING_PASS,L8,1,1,1,2.734619408,7.15,-2.275,SOLVED_LOCAL_EXIT,PARTIAL_ROUTE_NOT_TOTAL_FLIGHT_TIME,PROPOSED_GND_REFERENCE_ONLY_NO_PLANES_OR_ANTIPADS
DDR_CAB1,G19,DDR_CAB1,P2,CA1_B,B_ADDRESS_COMMAND,4067.91,,UNROUTED,UNAVAILABLE,SOURCE_JOINED_CONSTRAINT_INPUT_NOT_TIMING_PASS,L8,1,1,1,2.084619408,7.15,-2.925,SOLVED_LOCAL_EXIT,PARTIAL_ROUTE_NOT_TOTAL_FLIGHT_TIME,PROPOSED_GND_REFERENCE_ONLY_NO_PLANES_OR_ANTIPADS
DDR_CLKB_P,G20,DDR_CLKBP,P8,CK_t_B,B_ADDRESS_COMMAND,5403.63,,UNROUTED,UNAVAILABLE,SOURCE_JOINED_CONSTRAINT_INPUT_NOT_TIMING_PASS,L8,1,1,1,1.109619408,7.15,-2.6,SOLVED_LOCAL_EXIT,PARTIAL_ROUTE_NOT_TOTAL_FLIGHT_TIME,PROPOSED_GND_REFERENCE_ONLY_NO_PLANES_OR_ANTIPADS
DDR_CAB3,H17,DDR_CAB3,R10,CA3_B,B_ADDRESS_COMMAND,3113.45,,UNROUTED,UNAVAILABLE,SOURCE_JOINED_CONSTRAINT_INPUT_NOT_TIMING_PASS,L8,1,1,1,4.034619408,7.15,-0.975,SOLVED_LOCAL_EXIT,PARTIAL_ROUTE_NOT_TOTAL_FLIGHT_TIME,PROPOSED_GND_REFERENCE_ONLY_NO_PLANES_OR_ANTIPADS
DDR_RESET,J16,DDR_RESET,T11,RESET_n,RESET_ASYNCHRONOUS,,RESET not in high-speed package-length table,UNROUTED,UNAVAILABLE,SOURCE_JOINED_CONSTRAINT_INPUT_NOT_TIMING_PASS,L3,1,1,1,4.034619408,7.15,-1.625,SOLVED_LOCAL_EXIT,PARTIAL_ROUTE_NOT_TOTAL_FLIGHT_TIME,PROPOSED_GND_REFERENCE_ONLY_NO_PLANES_OR_ANTIPADS
DDR_CKEB0,J18,DDR_CKEB0,P4,CKE0_B,B_ADDRESS_COMMAND,2599.43,,UNROUTED,UNAVAILABLE,SOURCE_JOINED_CONSTRAINT_INPUT_NOT_TIMING_PASS,L8,1,1,1,2.734619408,7.15,-1.625,SOLVED_LOCAL_EXIT,PARTIAL_ROUTE_NOT_TOTAL_FLIGHT_TIME,PROPOSED_GND_REFERENCE_ONLY_NO_PLANES_OR_ANTIPADS
DDR_CSB0,J20,DDR_CSB0,R4,CS0_B,B_ADDRESS_COMMAND,4941.35,,UNROUTED,UNAVAILABLE,SOURCE_JOINED_CONSTRAINT_INPUT_NOT_TIMING_PASS,L8,1,1,1,1.109619408,7.15,-1.3,SOLVED_LOCAL_EXIT,PARTIAL_ROUTE_NOT_TOTAL_FLIGHT_TIME,PROPOSED_GND_REFERENCE_ONLY_NO_PLANES_OR_ANTIPADS
DDR_CAA1,L16,DDR_CAA1,J2,CA1_A,A_ADDRESS_COMMAND,2171.4,,UNROUTED,UNAVAILABLE,SOURCE_JOINED_CONSTRAINT_INPUT_NOT_TIMING_PASS,L3,1,1,1,4.684619408,7.15,-0.975,SOLVED_LOCAL_EXIT,PARTIAL_ROUTE_NOT_TOTAL_FLIGHT_TIME,PROPOSED_GND_REFERENCE_ONLY_NO_PLANES_OR_ANTIPADS
DDR_CAA4,M18,DDR_CAA4,H11,CA4_A,A_ADDRESS_COMMAND,4033.87,,UNROUTED,UNAVAILABLE,SOURCE_JOINED_CONSTRAINT_INPUT_NOT_TIMING_PASS,L3,1,1,1,2.734619408,7.15,0.325,SOLVED_LOCAL_EXIT,PARTIAL_ROUTE_NOT_TOTAL_FLIGHT_TIME,PROPOSED_GND_REFERENCE_ONLY_NO_PLANES_OR_ANTIPADS
DDR_CAA0,M19,DDR_CAA0,H2,CA0_A,A_ADDRESS_COMMAND,4599.65,,UNROUTED,UNAVAILABLE,SOURCE_JOINED_CONSTRAINT_INPUT_NOT_TIMING_PASS,L3,1,1,1,1.759619408,7.15,0.65,SOLVED_LOCAL_EXIT,PARTIAL_ROUTE_NOT_TOTAL_FLIGHT_TIME,PROPOSED_GND_REFERENCE_ONLY_NO_PLANES_OR_ANTIPADS
DDR_CKEA0,N17,DDR_CKEA0,J4,CKE0_A,A_ADDRESS_COMMAND,3725.8,,UNROUTED,UNAVAILABLE,SOURCE_JOINED_CONSTRAINT_INPUT_NOT_TIMING_PASS,L3,1,1,1,4.684619408,7.15,-0.325,SOLVED_LOCAL_EXIT,PARTIAL_ROUTE_NOT_TOTAL_FLIGHT_TIME,PROPOSED_GND_REFERENCE_ONLY_NO_PLANES_OR_ANTIPADS
DDR_CAA2,N19,DDR_CAA2,H9,CA2_A,A_ADDRESS_COMMAND,4415.08,,UNROUTED,UNAVAILABLE,SOURCE_JOINED_CONSTRAINT_INPUT_NOT_TIMING_PASS,L3,1,1,1,2.084619408,7.15,0.975,SOLVED_LOCAL_EXIT,PARTIAL_ROUTE_NOT_TOTAL_FLIGHT_TIME,PROPOSED_GND_REFERENCE_ONLY_NO_PLANES_OR_ANTIPADS
DDR_CAA3,N20,DDR_CAA3,H10,CA3_A,A_ADDRESS_COMMAND,4888.23,,UNROUTED,UNAVAILABLE,SOURCE_JOINED_CONSTRAINT_INPUT_NOT_TIMING_PASS,L3,1,1,1,1.109619408,7.15,1.3,SOLVED_LOCAL_EXIT,PARTIAL_ROUTE_NOT_TOTAL_FLIGHT_TIME,PROPOSED_GND_REFERENCE_ONLY_NO_PLANES_OR_ANTIPADS
DDR_DQA10,P16,DDR_DQA14,E11,DQ10_A,A_BYTE1,2036.92,,UNROUTED,UNAVAILABLE,SOURCE_JOINED_CONSTRAINT_INPUT_NOT_TIMING_PASS,L8,1,1,1,4.684619408,7.15,0.975,SOLVED_LOCAL_EXIT,PARTIAL_ROUTE_NOT_TOTAL_FLIGHT_TIME,PROPOSED_GND_REFERENCE_ONLY_NO_PLANES_OR_ANTIPADS
DDR_DMIA1,P17,DDR_DMIA1,C10,DMI1_A,A_BYTE1,4129.14,,UNROUTED,UNAVAILABLE,SOURCE_JOINED_CONSTRAINT_INPUT_NOT_TIMING_PASS,L8,1,1,1,3.384619408,7.15,1.625,SOLVED_LOCAL_EXIT,PARTIAL_ROUTE_NOT_TOTAL_FLIGHT_TIME,PROPOSED_GND_REFERENCE_ONLY_NO_PLANES_OR_ANTIPADS
DDR_CAA5,P19,DDR_CAA5,J11,CA5_A,A_ADDRESS_COMMAND,5809.3,,UNROUTED,UNAVAILABLE,SOURCE_JOINED_CONSTRAINT_INPUT_NOT_TIMING_PASS,L3,1,1,1,2.084619408,7.15,1.625,SOLVED_LOCAL_EXIT,PARTIAL_ROUTE_NOT_TOTAL_FLIGHT_TIME,PROPOSED_GND_REFERENCE_ONLY_NO_PLANES_OR_ANTIPADS
DDR_DQA11,R17,DDR_DQA8,F11,DQ11_A,A_BYTE1,4018.24,,UNROUTED,UNAVAILABLE,SOURCE_JOINED_CONSTRAINT_INPUT_NOT_TIMING_PASS,L8,1,1,1,5.334619408,4.225,7.15,SOLVED_LOCAL_EXIT,PARTIAL_ROUTE_NOT_TOTAL_FLIGHT_TIME,PROPOSED_GND_REFERENCE_ONLY_NO_PLANES_OR_ANTIPADS
DDR_DQA12,R18,DDR_DQA10,F9,DQ12_A,A_BYTE1,4540.62,,UNROUTED,UNAVAILABLE,SOURCE_JOINED_CONSTRAINT_INPUT_NOT_TIMING_PASS,L8,1,1,1,2.734619408,7.15,2.275,SOLVED_LOCAL_EXIT,PARTIAL_ROUTE_NOT_TOTAL_FLIGHT_TIME,PROPOSED_GND_REFERENCE_ONLY_NO_PLANES_OR_ANTIPADS
DDR_CLKA_P,R19,DDR_CLKAP,J8,CK_t_A,A_ADDRESS_COMMAND,6252.24,,UNROUTED,UNAVAILABLE,SOURCE_JOINED_CONSTRAINT_INPUT_NOT_TIMING_PASS,L3,1,1,1,2.084619408,7.15,2.275,SOLVED_LOCAL_EXIT,PARTIAL_ROUTE_NOT_TOTAL_FLIGHT_TIME,PROPOSED_GND_REFERENCE_ONLY_NO_PLANES_OR_ANTIPADS
DDR_CLKA_N,R20,DDR_CLKAN,J9,CK_c_A,A_ADDRESS_COMMAND,6050.13,,UNROUTED,UNAVAILABLE,SOURCE_JOINED_CONSTRAINT_INPUT_NOT_TIMING_PASS,L3,1,1,1,1.109619408,7.15,2.6,SOLVED_LOCAL_EXIT,PARTIAL_ROUTE_NOT_TOTAL_FLIGHT_TIME,PROPOSED_GND_REFERENCE_ONLY_NO_PLANES_OR_ANTIPADS
DDR_DQA3,T16,DDR_DQA1,F2,DQ3_A,A_BYTE0,3576.39,,UNROUTED,UNAVAILABLE,SOURCE_JOINED_CONSTRAINT_INPUT_NOT_TIMING_PASS,L3,1,1,1,4.034619408,7.15,2.925,SOLVED_LOCAL_EXIT,PARTIAL_ROUTE_NOT_TOTAL_FLIGHT_TIME,PROPOSED_GND_REFERENCE_ONLY_NO_PLANES_OR_ANTIPADS
DDR_DQA9,T17,DDR_DQA15,C11,DQ9_A,A_BYTE1,4492.07,,UNROUTED,UNAVAILABLE,SOURCE_JOINED_CONSTRAINT_INPUT_NOT_TIMING_PASS,L8,1,1,1,4.684619408,4.875,7.15,SOLVED_LOCAL_EXIT,PARTIAL_ROUTE_NOT_TOTAL_FLIGHT_TIME,PROPOSED_GND_REFERENCE_ONLY_NO_PLANES_OR_ANTIPADS
DDR_DQA13,T18,DDR_DQA9,E9,DQ13_A,A_BYTE1,5760.1,,UNROUTED,UNAVAILABLE,SOURCE_JOINED_CONSTRAINT_INPUT_NOT_TIMING_PASS,L8,1,1,1,2.734619408,7.15,2.925,SOLVED_LOCAL_EXIT,PARTIAL_ROUTE_NOT_TOTAL_FLIGHT_TIME,PROPOSED_GND_REFERENCE_ONLY_NO_PLANES_OR_ANTIPADS
DDR_CSA0,T20,DDR_CSA0,H4,CS0_A,A_ADDRESS_COMMAND,5839.03,,UNROUTED,UNAVAILABLE,SOURCE_JOINED_CONSTRAINT_INPUT_NOT_TIMING_PASS,L3,1,1,1,1.109619408,7.15,3.25,SOLVED_LOCAL_EXIT,PARTIAL_ROUTE_NOT_TOTAL_FLIGHT_TIME,PROPOSED_GND_REFERENCE_ONLY_NO_PLANES_OR_ANTIPADS
DDR_DQA4,U16,DDR_DQA0,F4,DQ4_A,A_BYTE0,3132.83,,UNROUTED,UNAVAILABLE,SOURCE_JOINED_CONSTRAINT_INPUT_NOT_TIMING_PASS,L3,1,1,1,4.034619408,7.15,3.575,SOLVED_LOCAL_EXIT,PARTIAL_ROUTE_NOT_TOTAL_FLIGHT_TIME,PROPOSED_GND_REFERENCE_ONLY_NO_PLANES_OR_ANTIPADS
DDR_DQA2,U17,DDR_DQA7,E2,DQ2_A,A_BYTE0,4829.45,,UNROUTED,UNAVAILABLE,SOURCE_JOINED_CONSTRAINT_INPUT_NOT_TIMING_PASS,L3,1,1,1,5.334619408,2.925,7.15,SOLVED_LOCAL_EXIT,PARTIAL_ROUTE_NOT_TOTAL_FLIGHT_TIME,PROPOSED_GND_REFERENCE_ONLY_NO_PLANES_OR_ANTIPADS
DDR_DQA14,U18,DDR_DQA13,C9,DQ14_A,A_BYTE1,4908.14,,UNROUTED,UNAVAILABLE,SOURCE_JOINED_CONSTRAINT_INPUT_NOT_TIMING_PASS,L8,1,1,1,2.734619408,7.15,3.575,SOLVED_LOCAL_EXIT,PARTIAL_ROUTE_NOT_TOTAL_FLIGHT_TIME,PROPOSED_GND_REFERENCE_ONLY_NO_PLANES_OR_ANTIPADS
DDR_DQA15,U20,DDR_DQA11,B9,DQ15_A,A_BYTE1,5625.11,,UNROUTED,UNAVAILABLE,SOURCE_JOINED_CONSTRAINT_INPUT_NOT_TIMING_PASS,L8,1,1,1,1.109619408,7.15,3.9,SOLVED_LOCAL_EXIT,PARTIAL_ROUTE_NOT_TOTAL_FLIGHT_TIME,PROPOSED_GND_REFERENCE_ONLY_NO_PLANES_OR_ANTIPADS
DDR_DQA1,V16,DDR_DQA2,C2,DQ1_A,A_BYTE0,4311.64,,UNROUTED,UNAVAILABLE,SOURCE_JOINED_CONSTRAINT_INPUT_NOT_TIMING_PASS,L3,1,1,1,3.384619408,3.575,7.15,SOLVED_LOCAL_EXIT,PARTIAL_ROUTE_NOT_TOTAL_FLIGHT_TIME,PROPOSED_GND_REFERENCE_ONLY_NO_PLANES_OR_ANTIPADS
DDR_DMIA0,V17,DDR_DMIA0,C3,DMI0_A,A_BYTE0,4110.44,,UNROUTED,UNAVAILABLE,SOURCE_JOINED_CONSTRAINT_INPUT_NOT_TIMING_PASS,L3,1,1,1,3.384619408,7.15,4.225,SOLVED_LOCAL_EXIT,PARTIAL_ROUTE_NOT_TOTAL_FLIGHT_TIME,PROPOSED_GND_REFERENCE_ONLY_NO_PLANES_OR_ANTIPADS
DDR_DQA5,V18,DDR_DQA5,E4,DQ5_A,A_BYTE0,5047.5,,UNROUTED,UNAVAILABLE,SOURCE_JOINED_CONSTRAINT_INPUT_NOT_TIMING_PASS,L3,1,1,1,2.734619408,7.15,4.875,SOLVED_LOCAL_EXIT,PARTIAL_ROUTE_NOT_TOTAL_FLIGHT_TIME,PROPOSED_GND_REFERENCE_ONLY_NO_PLANES_OR_ANTIPADS
DDR_DQSA1_N,V19,DDR_DQSA1N,E10,DQS1_c_A,A_BYTE1,6768.98,,UNROUTED,UNAVAILABLE,SOURCE_JOINED_CONSTRAINT_INPUT_NOT_TIMING_PASS,L8,1,1,1,2.084619408,7.15,4.225,SOLVED_LOCAL_EXIT,PARTIAL_ROUTE_NOT_TOTAL_FLIGHT_TIME,PROPOSED_GND_REFERENCE_ONLY_NO_PLANES_OR_ANTIPADS
DDR_DQSA1_P,V20,DDR_DQSA1P,D10,DQS1_t_A,A_BYTE1,7005.11,,UNROUTED,UNAVAILABLE,SOURCE_JOINED_CONSTRAINT_INPUT_NOT_TIMING_PASS,L8,1,1,1,1.109619408,7.15,4.55,SOLVED_LOCAL_EXIT,PARTIAL_ROUTE_NOT_TOTAL_FLIGHT_TIME,PROPOSED_GND_REFERENCE_ONLY_NO_PLANES_OR_ANTIPADS
DDR_DQSA0_P,W17,DDR_DQSA0P,D3,DQS0_t_A,A_BYTE0,6342.48,,UNROUTED,UNAVAILABLE,SOURCE_JOINED_CONSTRAINT_INPUT_NOT_TIMING_PASS,L3,1,1,1,2.734619408,4.225,7.15,SOLVED_LOCAL_EXIT,PARTIAL_ROUTE_NOT_TOTAL_FLIGHT_TIME,PROPOSED_GND_REFERENCE_ONLY_NO_PLANES_OR_ANTIPADS
DDR_DQA6,W18,DDR_DQA4,C4,DQ6_A,A_BYTE0,5267.44,,UNROUTED,UNAVAILABLE,SOURCE_JOINED_CONSTRAINT_INPUT_NOT_TIMING_PASS,L3,1,1,1,2.734619408,4.875,7.15,SOLVED_LOCAL_EXIT,PARTIAL_ROUTE_NOT_TOTAL_FLIGHT_TIME,PROPOSED_GND_REFERENCE_ONLY_NO_PLANES_OR_ANTIPADS
DDR_DQA8,W19,DDR_DQA12,B11,DQ8_A,A_BYTE1,6897.92,,UNROUTED,UNAVAILABLE,SOURCE_JOINED_CONSTRAINT_INPUT_NOT_TIMING_PASS,L8,1,1,1,2.084619408,7.15,4.875,SOLVED_LOCAL_EXIT,PARTIAL_ROUTE_NOT_TOTAL_FLIGHT_TIME,PROPOSED_GND_REFERENCE_ONLY_NO_PLANES_OR_ANTIPADS
DDR_DQA0,Y16,DDR_DQA3,B2,DQ0_A,A_BYTE0,5846.86,,UNROUTED,UNAVAILABLE,SOURCE_JOINED_CONSTRAINT_INPUT_NOT_TIMING_PASS,L3,1,1,1,1.759619408,3.9,7.15,SOLVED_LOCAL_EXIT,PARTIAL_ROUTE_NOT_TOTAL_FLIGHT_TIME,PROPOSED_GND_REFERENCE_ONLY_NO_PLANES_OR_ANTIPADS
DDR_DQSA0_N,Y17,DDR_DQSA0N,E3,DQS0_c_A,A_BYTE0,6135.17,,UNROUTED,UNAVAILABLE,SOURCE_JOINED_CONSTRAINT_INPUT_NOT_TIMING_PASS,L3,1,1,1,1.759619408,4.55,7.15,SOLVED_LOCAL_EXIT,PARTIAL_ROUTE_NOT_TOTAL_FLIGHT_TIME,PROPOSED_GND_REFERENCE_ONLY_NO_PLANES_OR_ANTIPADS
DDR_DQA7,Y18,DDR_DQA6,B4,DQ7_A,A_BYTE0,6467.43,,UNROUTED,UNAVAILABLE,SOURCE_JOINED_CONSTRAINT_INPUT_NOT_TIMING_PASS,L3,1,1,1,1.759619408,5.2,7.15,SOLVED_LOCAL_EXIT,PARTIAL_ROUTE_NOT_TOTAL_FLIGHT_TIME,PROPOSED_GND_REFERENCE_ONLY_NO_PLANES_OR_ANTIPADS
