net,soc_ball,soc_actual_function,dram_ball,dram_actual_function,sink_group,soc_package_trace_um,guide_alias_hazard,board_delay_ps,dram_package_delay_ps,status,layer,local_dogbones_verified,candidate_path_exists,actual_via_sequence,actual_layer_sequence,actual_via_count,actual_layer_changes,planar_length_by_layer_mm,candidate_planar_length_mm,accepted_DDR_connection,implicated_in_analytic_geometry_failure,nominal_analytic_candidate_verified
DDR_DQA0,Y16,DDR_DQA3,B2,DQ0_A,A_BYTE0,5846.86,,UNQUALIFIED,UNAVAILABLE,SOURCE_JOINED_CONSTRAINT_INPUT_NOT_TIMING_PASS,L3,True,True,"[""U1:Y16"", ""U2:B2""]","[""L1"", ""L3"", ""L1""]",2,2,"{""L1"": 0.9750076109734628, ""L3"": 15.987500000000002}",16.962507610973464,False,False,False
DDR_DQA7,Y18,DDR_DQA6,B4,DQ7_A,A_BYTE0,6467.43,,UNQUALIFIED,UNAVAILABLE,SOURCE_JOINED_CONSTRAINT_INPUT_NOT_TIMING_PASS,L8,True,True,"[""U1:Y18"", ""U2:B4""]","[""L1"", ""L8"", ""L1""]",2,2,"{""L1"": 0.9750076109734634, ""L8"": 13.0875}",14.062507610973464,False,False,False
DDR_DQA15,U20,DDR_DQA11,B9,DQ15_A,A_BYTE1,5625.11,,UNQUALIFIED,UNAVAILABLE,SOURCE_JOINED_CONSTRAINT_INPUT_NOT_TIMING_PASS,L8,True,True,"[""U1:U20"", ""U2:B9""]","[""L1"", ""L8"", ""L1""]",2,2,"{""L1"": 0.9750076109734628, ""L8"": 8.212500000000002}",9.187507610973466,False,True,False
DDR_DQA8,W19,DDR_DQA12,B11,DQ8_A,A_BYTE1,6897.92,,UNQUALIFIED,UNAVAILABLE,SOURCE_JOINED_CONSTRAINT_INPUT_NOT_TIMING_PASS,L3,True,True,"[""U1:W19"", ""U2:B11""]","[""L1"", ""L3"", ""L1""]",2,2,"{""L1"": 0.975007610973466, ""L3"": 5.049999999999998}",6.025007610973464,False,False,False
DDR_DQA1,V16,DDR_DQA2,C2,DQ1_A,A_BYTE0,4311.64,,UNQUALIFIED,UNAVAILABLE,SOURCE_JOINED_CONSTRAINT_INPUT_NOT_TIMING_PASS,L3,True,True,"[""U1:V16"", ""U2:C2""]","[""L1"", ""L3"", ""L1""]",2,2,"{""L1"": 0.9750076109734622, ""L3"": 16.150000000000002}",17.125007610973466,False,False,False
DDR_DMIA0,V17,DDR_DMIA0,C3,DMI0_A,A_BYTE0,4110.44,,UNQUALIFIED,UNAVAILABLE,SOURCE_JOINED_CONSTRAINT_INPUT_NOT_TIMING_PASS,L3,True,True,"[""U1:V17"", ""U2:C3""]","[""L1"", ""L3"", ""L1""]",2,2,"{""L1"": 0.9750076109734629, ""L3"": 17.9625}",18.937507610973462,False,False,False
DDR_DQA6,W18,DDR_DQA4,C4,DQ6_A,A_BYTE0,5267.44,,UNQUALIFIED,UNAVAILABLE,SOURCE_JOINED_CONSTRAINT_INPUT_NOT_TIMING_PASS,L3,True,True,"[""U1:W18"", ""U2:C4""]","[""L1"", ""L3"", ""L1""]",2,2,"{""L1"": 0.9750076109734629, ""L3"": 11.3}",12.275007610973464,False,False,False
DDR_DQA14,U18,DDR_DQA13,C9,DQ14_A,A_BYTE1,4908.14,,UNQUALIFIED,UNAVAILABLE,SOURCE_JOINED_CONSTRAINT_INPUT_NOT_TIMING_PASS,L8,True,True,"[""U1:U18"", ""U2:C9""]","[""L1"", ""L8"", ""L1""]",2,2,"{""L1"": 0.9750076109734622, ""L8"": 8.6}",9.575007610973461,False,False,False
DDR_DMIA1,P17,DDR_DMIA1,C10,DMI1_A,A_BYTE1,4129.14,,UNQUALIFIED,UNAVAILABLE,SOURCE_JOINED_CONSTRAINT_INPUT_NOT_TIMING_PASS,L8,True,True,"[""U1:P17"", ""U2:C10""]","[""L1"", ""L8"", ""L1""]",2,2,"{""L1"": 0.9750076109734636, ""L8"": 24.8625}",25.837507610973464,False,True,False
DDR_DQA9,T17,DDR_DQA15,C11,DQ9_A,A_BYTE1,4492.07,,UNQUALIFIED,UNAVAILABLE,SOURCE_JOINED_CONSTRAINT_INPUT_NOT_TIMING_PASS,L8,True,True,"[""U1:T17"", ""U2:C11""]","[""L1"", ""L8"", ""L1""]",2,2,"{""L1"": 0.9750076109734629, ""L8"": 7.812499999999998}",8.787507610973462,False,True,False
DDR_DQSA0_P,W17,DDR_DQSA0P,D3,DQS0_t_A,A_BYTE0,6342.48,,UNQUALIFIED,UNAVAILABLE,SOURCE_JOINED_CONSTRAINT_INPUT_NOT_TIMING_PASS,L3,True,True,"[""U1:W17"", ""U2:D3""]","[""L1"", ""L3"", ""L1""]",2,2,"{""L1"": 0.9750076109734634, ""L3"": 21.8625}",22.837507610973464,False,False,False
DDR_DQSA1_P,V20,DDR_DQSA1P,D10,DQS1_t_A,A_BYTE1,7005.11,,UNQUALIFIED,UNAVAILABLE,SOURCE_JOINED_CONSTRAINT_INPUT_NOT_TIMING_PASS,L8,True,True,"[""U1:V20"", ""U2:D10""]","[""L1"", ""L8"", ""L1""]",2,2,"{""L1"": 0.9750076109734634, ""L8"": 6.6625}",7.637507610973463,False,True,False
DDR_DQA2,U17,DDR_DQA7,E2,DQ2_A,A_BYTE0,4829.45,,UNQUALIFIED,UNAVAILABLE,SOURCE_JOINED_CONSTRAINT_INPUT_NOT_TIMING_PASS,L3,True,True,"[""U1:U17"", ""U2:E2""]","[""L1"", ""L3"", ""L1""]",2,2,"{""L1"": 0.9750076109734621, ""L3"": 37.3125}",38.287507610973464,False,True,False
DDR_DQSA0_N,Y17,DDR_DQSA0N,E3,DQS0_c_A,A_BYTE0,6135.17,,UNQUALIFIED,UNAVAILABLE,SOURCE_JOINED_CONSTRAINT_INPUT_NOT_TIMING_PASS,L3,True,True,"[""U1:Y17"", ""U2:E3""]","[""L1"", ""L3"", ""L1""]",2,2,"{""L1"": 0.9750076109734634, ""L3"": 14.7}",15.675007610973463,False,False,False
DDR_DQA5,V18,DDR_DQA5,E4,DQ5_A,A_BYTE0,5047.5,,UNQUALIFIED,UNAVAILABLE,SOURCE_JOINED_CONSTRAINT_INPUT_NOT_TIMING_PASS,L3,True,True,"[""U1:V18"", ""U2:E4""]","[""L1"", ""L3"", ""L1""]",2,2,"{""L1"": 0.9750076109734634, ""L3"": 11.3}",12.275007610973464,False,False,False
DDR_DQA13,T18,DDR_DQA9,E9,DQ13_A,A_BYTE1,5760.1,,UNQUALIFIED,UNAVAILABLE,SOURCE_JOINED_CONSTRAINT_INPUT_NOT_TIMING_PASS,L8,True,True,"[""U1:T18"", ""U2:E9""]","[""L1"", ""L8"", ""L1""]",2,2,"{""L1"": 0.9750076109734634, ""L8"": 10.5625}",11.537507610973464,False,True,False
DDR_DQSA1_N,V19,DDR_DQSA1N,E10,DQS1_c_A,A_BYTE1,6768.98,,UNQUALIFIED,UNAVAILABLE,SOURCE_JOINED_CONSTRAINT_INPUT_NOT_TIMING_PASS,L8,True,True,"[""U1:V19"", ""U2:E10""]","[""L1"", ""L8"", ""L1""]",2,2,"{""L1"": 0.975007610973466, ""L8"": 12.837499999999999}",13.812507610973464,False,True,False
DDR_DQA10,P16,DDR_DQA14,E11,DQ10_A,A_BYTE1,2036.92,,UNQUALIFIED,UNAVAILABLE,SOURCE_JOINED_CONSTRAINT_INPUT_NOT_TIMING_PASS,L8,True,True,"[""U1:P16"", ""U2:E11""]","[""L1"", ""L8"", ""L1""]",2,2,"{""L1"": 0.975007610973464, ""L8"": 10.0625}",11.037507610973464,False,True,False
DDR_DQA3,T16,DDR_DQA1,F2,DQ3_A,A_BYTE0,3576.39,,UNQUALIFIED,UNAVAILABLE,SOURCE_JOINED_CONSTRAINT_INPUT_NOT_TIMING_PASS,L8,True,True,"[""U1:T16"", ""U2:F2""]","[""L1"", ""L8"", ""L1""]",2,2,"{""L1"": 0.9750076109734628, ""L8"": 32.5625}",33.537507610973464,False,False,False
DDR_DQA4,U16,DDR_DQA0,F4,DQ4_A,A_BYTE0,3132.83,,UNQUALIFIED,UNAVAILABLE,SOURCE_JOINED_CONSTRAINT_INPUT_NOT_TIMING_PASS,L3,True,True,"[""U1:U16"", ""U2:F4""]","[""L1"", ""L3"", ""L1""]",2,2,"{""L1"": 0.9750076109734628, ""L3"": 30.949999999999996}",31.92500761097346,False,True,False
DDR_DQA12,R18,DDR_DQA10,F9,DQ12_A,A_BYTE1,4540.62,,UNQUALIFIED,UNAVAILABLE,SOURCE_JOINED_CONSTRAINT_INPUT_NOT_TIMING_PASS,L8,True,True,"[""U1:R18"", ""U2:F9""]","[""L1"", ""L8"", ""L1""]",2,2,"{""L1"": 0.975007610973464, ""L8"": 11.225000000000001}",12.200007610973465,False,True,False
DDR_DQA11,R17,DDR_DQA8,F11,DQ11_A,A_BYTE1,4018.24,,UNQUALIFIED,UNAVAILABLE,SOURCE_JOINED_CONSTRAINT_INPUT_NOT_TIMING_PASS,L8,True,True,"[""U1:R17"", ""U2:F11""]","[""L1"", ""L8"", ""L1""]",2,2,"{""L1"": 0.975007610973464, ""L8"": 7.65}",8.625007610973464,False,True,False
DDR_CAA0,M19,DDR_CAA0,H2,CA0_A,A_ADDRESS_COMMAND,4599.65,,UNQUALIFIED,UNAVAILABLE,SOURCE_JOINED_CONSTRAINT_INPUT_NOT_TIMING_PASS,L8,True,True,"[""U1:M19"", ""U2:H2""]","[""L1"", ""L8"", ""L1""]",2,2,"{""L1"": 0.975007610973464, ""L8"": 12.899999999999999}",13.875007610973462,False,False,False
DDR_CSA0,T20,DDR_CSA0,H4,CS0_A,A_ADDRESS_COMMAND,5839.03,,UNQUALIFIED,UNAVAILABLE,SOURCE_JOINED_CONSTRAINT_INPUT_NOT_TIMING_PASS,L3,True,True,"[""U1:T20"", ""U2:H4""]","[""L1"", ""L3"", ""L1""]",2,2,"{""L1"": 0.9750076109734629, ""L3"": 10.0}",10.975007610973464,False,False,False
DDR_CAA2,N19,DDR_CAA2,H9,CA2_A,A_ADDRESS_COMMAND,4415.08,,UNQUALIFIED,UNAVAILABLE,SOURCE_JOINED_CONSTRAINT_INPUT_NOT_TIMING_PASS,L3,True,True,"[""U1:N19"", ""U2:H9""]","[""L1"", ""L3"", ""L1""]",2,2,"{""L1"": 0.9750076109734647, ""L3"": 8.4625}",9.437507610973466,False,False,False
DDR_CAA3,N20,DDR_CAA3,H10,CA3_A,A_ADDRESS_COMMAND,4888.23,,UNQUALIFIED,UNAVAILABLE,SOURCE_JOINED_CONSTRAINT_INPUT_NOT_TIMING_PASS,L3,True,True,"[""U1:N20"", ""U2:H10""]","[""L1"", ""L3"", ""L1""]",2,2,"{""L1"": 0.9750076109734622, ""L3"": 5.850000000000001}",6.825007610973463,False,False,False
DDR_CAA4,M18,DDR_CAA4,H11,CA4_A,A_ADDRESS_COMMAND,4033.87,,UNQUALIFIED,UNAVAILABLE,SOURCE_JOINED_CONSTRAINT_INPUT_NOT_TIMING_PASS,L3,True,True,"[""U1:M18"", ""U2:H11""]","[""L1"", ""L3"", ""L1""]",2,2,"{""L1"": 0.9750076109734622, ""L3"": 7.000000000000002}",7.975007610973464,False,False,False
DDR_CAA1,L16,DDR_CAA1,J2,CA1_A,A_ADDRESS_COMMAND,2171.4,,UNQUALIFIED,UNAVAILABLE,SOURCE_JOINED_CONSTRAINT_INPUT_NOT_TIMING_PASS,L3,True,True,"[""U1:L16"", ""U2:J2""]","[""L1"", ""L3"", ""L1""]",2,2,"{""L1"": 0.9750076109734616, ""L3"": 15.5}",16.47500761097346,False,False,False
DDR_CKEA0,N17,DDR_CKEA0,J4,CKE0_A,A_ADDRESS_COMMAND,3725.8,,UNQUALIFIED,UNAVAILABLE,SOURCE_JOINED_CONSTRAINT_INPUT_NOT_TIMING_PASS,L8,True,True,"[""U1:N17"", ""U2:J4""]","[""L1"", ""L8"", ""L1""]",2,2,"{""L1"": 0.9750076109734622, ""L8"": 41.1875}",42.162507610973464,False,False,False
DDR_CLKA_P,R19,DDR_CLKAP,J8,CK_t_A,A_ADDRESS_COMMAND,6252.24,,UNQUALIFIED,UNAVAILABLE,SOURCE_JOINED_CONSTRAINT_INPUT_NOT_TIMING_PASS,L3,True,True,"[""U1:R19"", ""U2:J8""]","[""L1"", ""L3"", ""L1""]",2,2,"{""L1"": 0.975007610973466, ""L3"": 12.650000000000004}",13.62500761097347,False,False,False
DDR_CLKA_N,R20,DDR_CLKAN,J9,CK_c_A,A_ADDRESS_COMMAND,6050.13,,UNQUALIFIED,UNAVAILABLE,SOURCE_JOINED_CONSTRAINT_INPUT_NOT_TIMING_PASS,L3,True,True,"[""U1:R20"", ""U2:J9""]","[""L1"", ""L3"", ""L1""]",2,2,"{""L1"": 0.9750076109734636, ""L3"": 6.65}",7.625007610973464,False,False,False
DDR_CAA5,P19,DDR_CAA5,J11,CA5_A,A_ADDRESS_COMMAND,5809.3,,UNQUALIFIED,UNAVAILABLE,SOURCE_JOINED_CONSTRAINT_INPUT_NOT_TIMING_PASS,L3,True,True,"[""U1:P19"", ""U2:J11""]","[""L1"", ""L3"", ""L1""]",2,2,"{""L1"": 0.975007610973466, ""L3"": 4.399999999999997}",5.375007610973463,False,False,False
DDR_DQB8,C18,DDR_DQB12,AA11,DQ8_B,B_BYTE1,5598.19,,UNQUALIFIED,UNAVAILABLE,SOURCE_JOINED_CONSTRAINT_INPUT_NOT_TIMING_PASS,L3,True,True,"[""U1:C18"", ""U2:AA11""]","[""L1"", ""L3"", ""L1""]",2,2,"{""L1"": 0.9750076109734622, ""L3"": 5.0500000000000025}",6.025007610973464,False,False,False
DDR_DQB15,B19,DDR_DQB9,AA9,DQ15_B,B_BYTE1,6879.01,,UNQUALIFIED,UNAVAILABLE,SOURCE_JOINED_CONSTRAINT_INPUT_NOT_TIMING_PASS,L3,True,True,"[""U1:B19"", ""U2:AA9""]","[""L1"", ""L3"", ""L1""]",2,2,"{""L1"": 0.9750076109734673, ""L3"": 5.9999999999999964}",6.975007610973464,False,False,False
DDR_DQB7,B17,DDR_DQB7,AA4,DQ7_B,B_BYTE0,5515.88,,UNQUALIFIED,UNAVAILABLE,SOURCE_JOINED_CONSTRAINT_INPUT_NOT_TIMING_PASS,L8,True,True,"[""U1:B17"", ""U2:AA4""]","[""L1"", ""L8"", ""L1""]",2,2,"{""L1"": 0.9750076109734647, ""L8"": 11.299999999999997}",12.275007610973462,False,False,False
DDR_DQB0,A14,DDR_DQB3,AA2,DQ0_B,B_BYTE0,5608.52,,UNQUALIFIED,UNAVAILABLE,SOURCE_JOINED_CONSTRAINT_INPUT_NOT_TIMING_PASS,L8,True,True,"[""U1:A14"", ""U2:AA2""]","[""L1"", ""L8"", ""L1""]",2,2,"{""L1"": 0.975007610973464, ""L8"": 15.9875}",16.962507610973464,False,False,False
DDR_DQB9,C17,DDR_DQB15,Y11,DQ9_B,B_BYTE1,4038.16,,UNQUALIFIED,UNAVAILABLE,SOURCE_JOINED_CONSTRAINT_INPUT_NOT_TIMING_PASS,L3,True,True,"[""U1:C17"", ""U2:Y11""]","[""L1"", ""L3"", ""L1""]",2,2,"{""L1"": 0.9750076109734622, ""L3"": 5.6999999999999975}",6.675007610973459,False,False,False
DDR_DQB14,C19,DDR_DQB8,Y9,DQ14_B,B_BYTE1,6640.84,,UNQUALIFIED,UNAVAILABLE,SOURCE_JOINED_CONSTRAINT_INPUT_NOT_TIMING_PASS,L3,True,True,"[""U1:C19"", ""U2:Y9""]","[""L1"", ""L3"", ""L1""]",2,2,"{""L1"": 0.9750076109734647, ""L3"": 5.9999999999999964}",6.975007610973461,False,False,False
DDR_DQB6,C16,DDR_DQB6,Y4,DQ6_B,B_BYTE0,4381.95,,UNQUALIFIED,UNAVAILABLE,SOURCE_JOINED_CONSTRAINT_INPUT_NOT_TIMING_PASS,L8,True,True,"[""U1:C16"", ""U2:Y4""]","[""L1"", ""L8"", ""L1""]",2,2,"{""L1"": 0.9750076109734622, ""L8"": 11.95}",12.925007610973461,False,False,False
DDR_DQB1,A17,DDR_DQB4,Y2,DQ1_B,B_BYTE0,5037.71,,UNQUALIFIED,UNAVAILABLE,SOURCE_JOINED_CONSTRAINT_INPUT_NOT_TIMING_PASS,L8,True,True,"[""U1:A17"", ""U2:Y2""]","[""L1"", ""L8"", ""L1""]",2,2,"{""L1"": 0.9750076109734616, ""L8"": 14.2}",15.175007610973461,False,False,False
DDR_DQB10,D17,DDR_DQB13,V11,DQ10_B,B_BYTE1,4242.29,,UNQUALIFIED,UNAVAILABLE,SOURCE_JOINED_CONSTRAINT_INPUT_NOT_TIMING_PASS,L3,True,True,"[""U1:D17"", ""U2:V11""]","[""L1"", ""L3"", ""L1""]",2,2,"{""L1"": 0.9750076109734636, ""L3"": 5.699999999999999}",6.675007610973463,False,False,False
DDR_DQB13,D16,DDR_DQB14,V9,DQ13_B,B_BYTE1,3663.33,,UNQUALIFIED,UNAVAILABLE,SOURCE_JOINED_CONSTRAINT_INPUT_NOT_TIMING_PASS,L3,True,True,"[""U1:D16"", ""U2:V9""]","[""L1"", ""L3"", ""L1""]",2,2,"{""L1"": 0.9750076109734636, ""L3"": 15.287500000000003}",16.262507610973465,False,True,False
DDR_DQB5,B16,DDR_DQB5,V4,DQ5_B,B_BYTE0,4419.48,,UNQUALIFIED,UNAVAILABLE,SOURCE_JOINED_CONSTRAINT_INPUT_NOT_TIMING_PASS,L8,True,True,"[""U1:B16"", ""U2:V4""]","[""L1"", ""L8"", ""L1""]",2,2,"{""L1"": 0.9750076109734647, ""L8"": 29.325}",30.300007610973463,False,False,False
DDR_DQB2,C14,DDR_DQB0,V2,DQ2_B,B_BYTE0,2966.98,,UNQUALIFIED,UNAVAILABLE,SOURCE_JOINED_CONSTRAINT_INPUT_NOT_TIMING_PASS,L3,True,True,"[""U1:C14"", ""U2:V2""]","[""L1"", ""L3"", ""L1""]",2,2,"{""L1"": 0.975007610973464, ""L3"": 37.6}",38.575007610973465,False,True,False
DDR_DQB11,E17,DDR_DQB10,U11,DQ11_B,B_BYTE1,4273.06,,UNQUALIFIED,UNAVAILABLE,SOURCE_JOINED_CONSTRAINT_INPUT_NOT_TIMING_PASS,L8,True,True,"[""U1:E17"", ""U2:U11""]","[""L1"", ""L8"", ""L1""]",2,2,"{""L1"": 0.9750076109734636, ""L8"": 41.1}",42.075007610973465,False,False,False
DDR_DQB12,E18,DDR_DQB11,U9,DQ12_B,B_BYTE1,3830.51,,UNQUALIFIED,UNAVAILABLE,SOURCE_JOINED_CONSTRAINT_INPUT_NOT_TIMING_PASS,L3,True,True,"[""U1:E18"", ""U2:U9""]","[""L1"", ""L3"", ""L1""]",2,2,"{""L1"": 0.9750076109734636, ""L3"": 6.65}",7.625007610973464,False,True,False
DDR_DQB4,D14,DDR_DQB1,U4,DQ4_B,B_BYTE0,2708.03,,UNQUALIFIED,UNAVAILABLE,SOURCE_JOINED_CONSTRAINT_INPUT_NOT_TIMING_PASS,L3,True,True,"[""U1:D14"", ""U2:U4""]","[""L1"", ""L3"", ""L1""]",2,2,"{""L1"": 0.975007610973466, ""L3"": 46.487500000000004}",47.46250761097347,False,False,False
DDR_DQB3,B14,DDR_DQB2,U2,DQ3_B,B_BYTE0,4486.79,,UNQUALIFIED,UNAVAILABLE,SOURCE_JOINED_CONSTRAINT_INPUT_NOT_TIMING_PASS,L8,True,True,"[""U1:B14"", ""U2:U2""]","[""L1"", ""L8"", ""L1""]",2,2,"{""L1"": 0.9750076109734667, ""L8"": 21.0625}",22.037507610973467,False,False,False
DDR_DMIB1,D18,DDR_DMIB1,Y10,DMI1_B,B_BYTE1,5275.38,,UNQUALIFIED,UNAVAILABLE,SOURCE_JOINED_CONSTRAINT_INPUT_NOT_TIMING_PASS,L8,True,True,"[""U1:D18"", ""U2:Y10""]","[""L1"", ""L8"", ""L1""]",2,2,"{""L1"": 0.9750076109734636, ""L8"": 5.85}",6.825007610973463,False,False,False
DDR_DMIB0,C15,DDR_DMIB0,Y3,DMI0_B,B_BYTE0,4509.87,,UNQUALIFIED,UNAVAILABLE,SOURCE_JOINED_CONSTRAINT_INPUT_NOT_TIMING_PASS,L8,True,True,"[""U1:C15"", ""U2:Y3""]","[""L1"", ""L8"", ""L1""]",2,2,"{""L1"": 0.9750076109734622, ""L8"": 14.7}",15.675007610973461,False,False,False
DDR_DQSB1_P,B18,DDR_DQSB1P,W10,DQS1_t_B,B_BYTE1,6516.79,LP4 DQSB1P/N aliases repeated across DQS0 and DQS2; resolve from actual schematic/official pinout,UNQUALIFIED,UNAVAILABLE,SOURCE_JOINED_CONSTRAINT_INPUT_NOT_TIMING_PASS,L3,True,True,"[""U1:B18"", ""U2:W10""]","[""L1"", ""L3"", ""L1""]",2,2,"{""L1"": 0.9750076109734647, ""L3"": 10.724999999999996}",11.700007610973461,False,False,False
DDR_DQSB0_P,B15,DDR_DQSB0P,W3,DQS0_t_B,B_BYTE0,4623.9,LP4 DQSB1P/N aliases repeated across DQS0 and DQS2; resolve from actual schematic/official pinout,UNQUALIFIED,UNAVAILABLE,SOURCE_JOINED_CONSTRAINT_INPUT_NOT_TIMING_PASS,L3,True,True,"[""U1:B15"", ""U2:W3""]","[""L1"", ""L3"", ""L1""]",2,2,"{""L1"": 0.9750076109734647, ""L3"": 31.4375}",32.412507610973464,False,True,False
DDR_DQSB1_N,A18,DDR_DQSB1N,V10,DQS1_c_B,B_BYTE1,6628.66,LP4 DQSB1P/N aliases repeated across DQS0 and DQS2; resolve from actual schematic/official pinout,UNQUALIFIED,UNAVAILABLE,SOURCE_JOINED_CONSTRAINT_INPUT_NOT_TIMING_PASS,L3,True,True,"[""U1:A18"", ""U2:V10""]","[""L1"", ""L3"", ""L1""]",2,2,"{""L1"": 0.9750076109734622, ""L3"": 18.362499999999994}",19.337507610973457,False,True,False
DDR_DQSB0_N,A15,DDR_DQSB0N,V3,DQS0_c_B,B_BYTE0,4942.59,LP4 DQSB1P/N aliases repeated across DQS0 and DQS2; resolve from actual schematic/official pinout,UNQUALIFIED,UNAVAILABLE,SOURCE_JOINED_CONSTRAINT_INPUT_NOT_TIMING_PASS,L3,True,True,"[""U1:A15"", ""U2:V3""]","[""L1"", ""L3"", ""L1""]",2,2,"{""L1"": 0.9750076109734622, ""L3"": 25.587499999999995}",26.56250761097346,False,False,False
DDR_RESET,J16,DDR_RESET,T11,RESET_n,RESET_ASYNCHRONOUS,,RESET not in high-speed package-length table,UNQUALIFIED,UNAVAILABLE,SOURCE_JOINED_CONSTRAINT_INPUT_NOT_TIMING_PASS,L3,True,True,"[""U1:J16"", ""U2:T11""]","[""L1"", ""L3"", ""L1""]",2,2,"{""L1"": 0.9750076109734647, ""L3"": 7.787500000000001}",8.762507610973467,False,True,False
DDR_CSB0,J20,DDR_CSB0,R4,CS0_B,B_ADDRESS_COMMAND,4941.35,,UNQUALIFIED,UNAVAILABLE,SOURCE_JOINED_CONSTRAINT_INPUT_NOT_TIMING_PASS,L8,True,True,"[""U1:J20"", ""U2:R4""]","[""L1"", ""L8"", ""L1""]",2,2,"{""L1"": 0.9750076109734647, ""L8"": 11.3}",12.275007610973466,False,False,False
DDR_CLKB_N,F20,DDR_CLKBN,P9,CK_c_B,B_ADDRESS_COMMAND,5418.33,,UNQUALIFIED,UNAVAILABLE,SOURCE_JOINED_CONSTRAINT_INPUT_NOT_TIMING_PASS,L3,True,True,"[""U1:F20"", ""U2:P9""]","[""L1"", ""L3"", ""L1""]",2,2,"{""L1"": 0.9750076109734622, ""L3"": 6.649999999999999}",7.62500761097346,False,True,False
DDR_CLKB_P,G20,DDR_CLKBP,P8,CK_t_B,B_ADDRESS_COMMAND,5403.63,,UNQUALIFIED,UNAVAILABLE,SOURCE_JOINED_CONSTRAINT_INPUT_NOT_TIMING_PASS,L3,True,True,"[""U1:G20"", ""U2:P8""]","[""L1"", ""L3"", ""L1""]",2,2,"{""L1"": 0.9750076109734622, ""L3"": 13.300000000000002}",14.275007610973464,False,False,False
DDR_CKEB0,J18,DDR_CKEB0,P4,CKE0_B,B_ADDRESS_COMMAND,2599.43,,UNQUALIFIED,UNAVAILABLE,SOURCE_JOINED_CONSTRAINT_INPUT_NOT_TIMING_PASS,L8,True,True,"[""U1:J18"", ""U2:P4""]","[""L1"", ""L8"", ""L1""]",2,2,"{""L1"": 0.9750076109734636, ""L8"": 16.337499999999995}",17.31250761097346,False,False,False
DDR_CAB4,F17,DDR_CAB4,R11,CA4_B,B_ADDRESS_COMMAND,2757.73,,UNQUALIFIED,UNAVAILABLE,SOURCE_JOINED_CONSTRAINT_INPUT_NOT_TIMING_PASS,L8,True,True,"[""U1:F17"", ""U2:R11""]","[""L1"", ""L8"", ""L1""]",2,2,"{""L1"": 0.9750076109734633, ""L8"": 6.999999999999998}",7.975007610973462,False,False,False
DDR_CAB3,H17,DDR_CAB3,R10,CA3_B,B_ADDRESS_COMMAND,3113.45,,UNQUALIFIED,UNAVAILABLE,SOURCE_JOINED_CONSTRAINT_INPUT_NOT_TIMING_PASS,L8,True,True,"[""U1:H17"", ""U2:R10""]","[""L1"", ""L8"", ""L1""]",2,2,"{""L1"": 0.9750076109734633, ""L8"": 9.1}",10.075007610973463,False,False,False
DDR_CAB2,G18,DDR_CAB2,R9,CA2_B,B_ADDRESS_COMMAND,3807.29,,UNQUALIFIED,UNAVAILABLE,SOURCE_JOINED_CONSTRAINT_INPUT_NOT_TIMING_PASS,L3,True,True,"[""U1:G18"", ""U2:R9""]","[""L1"", ""L3"", ""L1""]",2,2,"{""L1"": 0.9750076109734633, ""L3"": 7.625000000000002}",8.600007610973465,False,True,False
DDR_CAB0,E20,DDR_CAB0,R2,CA0_B,B_ADDRESS_COMMAND,5468.25,,UNQUALIFIED,UNAVAILABLE,SOURCE_JOINED_CONSTRAINT_INPUT_NOT_TIMING_PASS,L8,True,True,"[""U1:E20"", ""U2:R2""]","[""L1"", ""L8"", ""L1""]",2,2,"{""L1"": 0.975007610973464, ""L8"": 12.250000000000002}",13.225007610973465,False,False,False
DDR_CAB5,F19,DDR_CAB5,P11,CA5_B,B_ADDRESS_COMMAND,4558.27,,UNQUALIFIED,UNAVAILABLE,SOURCE_JOINED_CONSTRAINT_INPUT_NOT_TIMING_PASS,L8,True,True,"[""U1:F19"", ""U2:P11""]","[""L1"", ""L8"", ""L1""]",2,2,"{""L1"": 0.9750076109734647, ""L8"": 5.6999999999999975}",6.675007610973462,False,False,False
DDR_CAB1,G19,DDR_CAB1,P2,CA1_B,B_ADDRESS_COMMAND,4067.91,,UNQUALIFIED,UNAVAILABLE,SOURCE_JOINED_CONSTRAINT_INPUT_NOT_TIMING_PASS,L8,True,True,"[""U1:G19"", ""U2:P2""]","[""L1"", ""L8"", ""L1""]",2,2,"{""L1"": 0.975007610973464, ""L8"": 20.862500000000004}",21.837507610973468,False,False,False
