check,passed,detail
source_contract_exact_65_unique_nets,True,
balls_unique_ids,True,
vias_unique_ids,True,
all_590_ball_lands_preserved,True,
all_502_vias_physical_geometry_preserved,True,
non_DDR_via_functional_layers_preserved,True,
only_65_DDR_exit_tracks_removed_all_other_routes_preserved,True,"{""source_routes"": 711, ""expected_retained"": 646, ""candidate_retained"": 646}"
rules_preserved,True,
placement_preserved,True,
search_bounds_xy_mm_preserved,True,
search_grid_shape_preserved,True,
nonmaster_routing_source_hashes_match_current,True,"[{""path"": ""cad/high-temp-candidate/master-pin-assignments.csv"", ""frozen_sha256"": ""43925a589d42ceccdd22a3ea83d5ca12999db1f94df2c797d25ccd7922dd53c5"", ""current_sha256"": ""28c39b93b1e15292fbca52b8feadf791fe75eb2dd2fed4f19dedc93f886cb4fb""}, {""path"": ""cad/high-temp-candidate/master.xml"", ""frozen_sha256"": ""11d048c076fb54df9ea63b926a1f7db53ffe712d9e26984d0a4df62109876263"", ""current_sha256"": ""96108059ca509bbde234565dcda46a2a0273dd2cb296a5d3a95aac812d08976b""}]"
current_U1_U2_U3_pin_function_net_semantics_match_frozen,True,"{""status"": ""MATCH_U1_U2_U3_FUNCTION_NET_ENDPOINTS"", ""verified"": true, ""frozen_csv_path"": ""/workspace/shared/cm-k230-redesign/engineering/k230-ddr-constrained/joint-link-audit/frozen-reference/master-pin-assignments.csv"", ""frozen_csv_sha256"": ""43925a589d42ceccdd22a3ea83d5ca12999db1f94df2c797d25ccd7922dd53c5"", ""current_csv_sha256"": ""28c39b93b1e15292fbca52b8feadf791fe75eb2dd2fed4f19dedc93f886cb4fb"", ""current_xml_sha256"": ""96108059ca509bbde234565dcda46a2a0273dd2cb296a5d3a95aac812d08976b"", ""verified_endpoint_counts"": {""U1"": 390, ""U3"": 153, ""U2"": 200}, ""relevant_endpoint_mismatches"": [], ""all_changed_pin_function_net_records"": [{""reference"": ""U14"", ""pin"": ""1"", ""frozen"": [""A"", ""GLOBAL_DISABLE""], ""current"": [""B"", ""GLOBAL_DISABLE""]}, {""reference"": ""U14"", ""pin"": ""2"", ""frozen"": [""B"", ""MODE_TF""], ""current"": [""GND"", ""GND""]}, {""reference"": ""U14"", ""pin"": ""3"", ""frozen"": [""GND"", ""GND""], ""current"": [""A_TIE_HIGH"", ""VDD_3V3""]}, {""reference"": ""U14"", ""pin"": ""6"", ""frozen"": null, ""current"": [""C"", ""MODE_TF""]}], ""changed_references"": [""U14""], ""note"": ""Frozen CSV is byte-identical to the candidate-recorded source. Current CSV and XML are compared independently for U1/U2/U3 functions and nets. Component values and footprints outside this routing scope are not qualified by the pin-map comparison.""}"
source_hashes_match_original_baseline,True,
candidate_links_exact_65_source_nets_once,True,
pernet_exact_65_source_nets_once,True,
source_identity_and_manifest:DDR_DQA0,True,
both_exact_L1_dogbones:DDR_DQA0,True,
direct_via_to_via_path_and_ports:DDR_DQA0,True,
declared_planar_length_matches:DDR_DQA0,True,
source_identity_and_manifest:DDR_DQA7,True,
both_exact_L1_dogbones:DDR_DQA7,True,
direct_via_to_via_path_and_ports:DDR_DQA7,True,
declared_planar_length_matches:DDR_DQA7,True,
source_identity_and_manifest:DDR_DQA15,True,
both_exact_L1_dogbones:DDR_DQA15,True,
direct_via_to_via_path_and_ports:DDR_DQA15,True,
declared_planar_length_matches:DDR_DQA15,True,
source_identity_and_manifest:DDR_DQA8,True,
both_exact_L1_dogbones:DDR_DQA8,True,
direct_via_to_via_path_and_ports:DDR_DQA8,True,
declared_planar_length_matches:DDR_DQA8,True,
source_identity_and_manifest:DDR_DQA1,True,
both_exact_L1_dogbones:DDR_DQA1,True,
direct_via_to_via_path_and_ports:DDR_DQA1,True,
declared_planar_length_matches:DDR_DQA1,True,
source_identity_and_manifest:DDR_DMIA0,True,
both_exact_L1_dogbones:DDR_DMIA0,True,
direct_via_to_via_path_and_ports:DDR_DMIA0,True,
declared_planar_length_matches:DDR_DMIA0,True,
source_identity_and_manifest:DDR_DQA6,True,
both_exact_L1_dogbones:DDR_DQA6,True,
direct_via_to_via_path_and_ports:DDR_DQA6,True,
declared_planar_length_matches:DDR_DQA6,True,
source_identity_and_manifest:DDR_DQA14,True,
both_exact_L1_dogbones:DDR_DQA14,True,
direct_via_to_via_path_and_ports:DDR_DQA14,True,
declared_planar_length_matches:DDR_DQA14,True,
source_identity_and_manifest:DDR_DMIA1,True,
both_exact_L1_dogbones:DDR_DMIA1,True,
direct_via_to_via_path_and_ports:DDR_DMIA1,True,
declared_planar_length_matches:DDR_DMIA1,True,
source_identity_and_manifest:DDR_DQA9,True,
both_exact_L1_dogbones:DDR_DQA9,True,
direct_via_to_via_path_and_ports:DDR_DQA9,True,
declared_planar_length_matches:DDR_DQA9,True,
source_identity_and_manifest:DDR_DQSA0_P,True,
both_exact_L1_dogbones:DDR_DQSA0_P,True,
direct_via_to_via_path_and_ports:DDR_DQSA0_P,True,
declared_planar_length_matches:DDR_DQSA0_P,True,
source_identity_and_manifest:DDR_DQSA1_P,True,
both_exact_L1_dogbones:DDR_DQSA1_P,True,
direct_via_to_via_path_and_ports:DDR_DQSA1_P,True,
declared_planar_length_matches:DDR_DQSA1_P,True,
source_identity_and_manifest:DDR_DQA2,True,
both_exact_L1_dogbones:DDR_DQA2,True,
direct_via_to_via_path_and_ports:DDR_DQA2,True,
declared_planar_length_matches:DDR_DQA2,True,
source_identity_and_manifest:DDR_DQSA0_N,True,
both_exact_L1_dogbones:DDR_DQSA0_N,True,
direct_via_to_via_path_and_ports:DDR_DQSA0_N,True,
declared_planar_length_matches:DDR_DQSA0_N,True,
source_identity_and_manifest:DDR_DQA5,True,
both_exact_L1_dogbones:DDR_DQA5,True,
direct_via_to_via_path_and_ports:DDR_DQA5,True,
declared_planar_length_matches:DDR_DQA5,True,
source_identity_and_manifest:DDR_DQA13,True,
both_exact_L1_dogbones:DDR_DQA13,True,
direct_via_to_via_path_and_ports:DDR_DQA13,True,
declared_planar_length_matches:DDR_DQA13,True,
source_identity_and_manifest:DDR_DQSA1_N,True,
both_exact_L1_dogbones:DDR_DQSA1_N,True,
direct_via_to_via_path_and_ports:DDR_DQSA1_N,True,
declared_planar_length_matches:DDR_DQSA1_N,True,
source_identity_and_manifest:DDR_DQA10,True,
both_exact_L1_dogbones:DDR_DQA10,True,
direct_via_to_via_path_and_ports:DDR_DQA10,True,
declared_planar_length_matches:DDR_DQA10,True,
source_identity_and_manifest:DDR_DQA3,True,
both_exact_L1_dogbones:DDR_DQA3,True,
direct_via_to_via_path_and_ports:DDR_DQA3,True,
declared_planar_length_matches:DDR_DQA3,True,
source_identity_and_manifest:DDR_DQA4,True,
both_exact_L1_dogbones:DDR_DQA4,True,
direct_via_to_via_path_and_ports:DDR_DQA4,True,
declared_planar_length_matches:DDR_DQA4,True,
source_identity_and_manifest:DDR_DQA12,True,
both_exact_L1_dogbones:DDR_DQA12,True,
direct_via_to_via_path_and_ports:DDR_DQA12,True,
declared_planar_length_matches:DDR_DQA12,True,
source_identity_and_manifest:DDR_DQA11,True,
both_exact_L1_dogbones:DDR_DQA11,True,
direct_via_to_via_path_and_ports:DDR_DQA11,True,
declared_planar_length_matches:DDR_DQA11,True,
source_identity_and_manifest:DDR_CAA0,True,
both_exact_L1_dogbones:DDR_CAA0,True,
direct_via_to_via_path_and_ports:DDR_CAA0,True,
declared_planar_length_matches:DDR_CAA0,True,
source_identity_and_manifest:DDR_CSA0,True,
both_exact_L1_dogbones:DDR_CSA0,True,
direct_via_to_via_path_and_ports:DDR_CSA0,True,
declared_planar_length_matches:DDR_CSA0,True,
source_identity_and_manifest:DDR_CAA2,True,
both_exact_L1_dogbones:DDR_CAA2,True,
direct_via_to_via_path_and_ports:DDR_CAA2,True,
declared_planar_length_matches:DDR_CAA2,True,
source_identity_and_manifest:DDR_CAA3,True,
both_exact_L1_dogbones:DDR_CAA3,True,
direct_via_to_via_path_and_ports:DDR_CAA3,True,
declared_planar_length_matches:DDR_CAA3,True,
source_identity_and_manifest:DDR_CAA4,True,
both_exact_L1_dogbones:DDR_CAA4,True,
direct_via_to_via_path_and_ports:DDR_CAA4,True,
declared_planar_length_matches:DDR_CAA4,True,
source_identity_and_manifest:DDR_CAA1,True,
both_exact_L1_dogbones:DDR_CAA1,True,
direct_via_to_via_path_and_ports:DDR_CAA1,True,
declared_planar_length_matches:DDR_CAA1,True,
source_identity_and_manifest:DDR_CKEA0,True,
both_exact_L1_dogbones:DDR_CKEA0,True,
direct_via_to_via_path_and_ports:DDR_CKEA0,True,
declared_planar_length_matches:DDR_CKEA0,True,
source_identity_and_manifest:DDR_CLKA_P,True,
both_exact_L1_dogbones:DDR_CLKA_P,True,
direct_via_to_via_path_and_ports:DDR_CLKA_P,True,
declared_planar_length_matches:DDR_CLKA_P,True,
source_identity_and_manifest:DDR_CLKA_N,True,
both_exact_L1_dogbones:DDR_CLKA_N,True,
direct_via_to_via_path_and_ports:DDR_CLKA_N,True,
declared_planar_length_matches:DDR_CLKA_N,True,
source_identity_and_manifest:DDR_CAA5,True,
both_exact_L1_dogbones:DDR_CAA5,True,
direct_via_to_via_path_and_ports:DDR_CAA5,True,
declared_planar_length_matches:DDR_CAA5,True,
source_identity_and_manifest:DDR_DQB8,True,
both_exact_L1_dogbones:DDR_DQB8,True,
direct_via_to_via_path_and_ports:DDR_DQB8,True,
declared_planar_length_matches:DDR_DQB8,True,
source_identity_and_manifest:DDR_DQB15,True,
both_exact_L1_dogbones:DDR_DQB15,True,
direct_via_to_via_path_and_ports:DDR_DQB15,True,
declared_planar_length_matches:DDR_DQB15,True,
source_identity_and_manifest:DDR_DQB7,True,
both_exact_L1_dogbones:DDR_DQB7,True,
direct_via_to_via_path_and_ports:DDR_DQB7,True,
declared_planar_length_matches:DDR_DQB7,True,
source_identity_and_manifest:DDR_DQB0,True,
both_exact_L1_dogbones:DDR_DQB0,True,
direct_via_to_via_path_and_ports:DDR_DQB0,True,
declared_planar_length_matches:DDR_DQB0,True,
source_identity_and_manifest:DDR_DQB9,True,
both_exact_L1_dogbones:DDR_DQB9,True,
direct_via_to_via_path_and_ports:DDR_DQB9,True,
declared_planar_length_matches:DDR_DQB9,True,
source_identity_and_manifest:DDR_DQB14,True,
both_exact_L1_dogbones:DDR_DQB14,True,
direct_via_to_via_path_and_ports:DDR_DQB14,True,
declared_planar_length_matches:DDR_DQB14,True,
source_identity_and_manifest:DDR_DQB6,True,
both_exact_L1_dogbones:DDR_DQB6,True,
direct_via_to_via_path_and_ports:DDR_DQB6,True,
declared_planar_length_matches:DDR_DQB6,True,
source_identity_and_manifest:DDR_DQB1,True,
both_exact_L1_dogbones:DDR_DQB1,True,
direct_via_to_via_path_and_ports:DDR_DQB1,True,
declared_planar_length_matches:DDR_DQB1,True,
source_identity_and_manifest:DDR_DQB10,True,
both_exact_L1_dogbones:DDR_DQB10,True,
direct_via_to_via_path_and_ports:DDR_DQB10,True,
declared_planar_length_matches:DDR_DQB10,True,
source_identity_and_manifest:DDR_DQB13,True,
both_exact_L1_dogbones:DDR_DQB13,True,
direct_via_to_via_path_and_ports:DDR_DQB13,True,
declared_planar_length_matches:DDR_DQB13,True,
source_identity_and_manifest:DDR_DQB5,True,
both_exact_L1_dogbones:DDR_DQB5,True,
direct_via_to_via_path_and_ports:DDR_DQB5,True,
declared_planar_length_matches:DDR_DQB5,True,
source_identity_and_manifest:DDR_DQB2,True,
both_exact_L1_dogbones:DDR_DQB2,True,
direct_via_to_via_path_and_ports:DDR_DQB2,True,
declared_planar_length_matches:DDR_DQB2,True,
source_identity_and_manifest:DDR_DQB11,True,
both_exact_L1_dogbones:DDR_DQB11,True,
direct_via_to_via_path_and_ports:DDR_DQB11,True,
declared_planar_length_matches:DDR_DQB11,True,
source_identity_and_manifest:DDR_DQB12,True,
both_exact_L1_dogbones:DDR_DQB12,True,
direct_via_to_via_path_and_ports:DDR_DQB12,True,
declared_planar_length_matches:DDR_DQB12,True,
source_identity_and_manifest:DDR_DQB4,True,
both_exact_L1_dogbones:DDR_DQB4,True,
direct_via_to_via_path_and_ports:DDR_DQB4,True,
declared_planar_length_matches:DDR_DQB4,True,
source_identity_and_manifest:DDR_DQB3,True,
both_exact_L1_dogbones:DDR_DQB3,True,
direct_via_to_via_path_and_ports:DDR_DQB3,True,
declared_planar_length_matches:DDR_DQB3,True,
source_identity_and_manifest:DDR_DMIB1,True,
both_exact_L1_dogbones:DDR_DMIB1,True,
direct_via_to_via_path_and_ports:DDR_DMIB1,True,
declared_planar_length_matches:DDR_DMIB1,True,
source_identity_and_manifest:DDR_DMIB0,True,
both_exact_L1_dogbones:DDR_DMIB0,True,
direct_via_to_via_path_and_ports:DDR_DMIB0,True,
declared_planar_length_matches:DDR_DMIB0,True,
source_identity_and_manifest:DDR_DQSB1_P,True,
both_exact_L1_dogbones:DDR_DQSB1_P,True,
direct_via_to_via_path_and_ports:DDR_DQSB1_P,True,
declared_planar_length_matches:DDR_DQSB1_P,True,
source_identity_and_manifest:DDR_DQSB0_P,True,
both_exact_L1_dogbones:DDR_DQSB0_P,True,
direct_via_to_via_path_and_ports:DDR_DQSB0_P,True,
declared_planar_length_matches:DDR_DQSB0_P,True,
source_identity_and_manifest:DDR_DQSB1_N,True,
both_exact_L1_dogbones:DDR_DQSB1_N,True,
direct_via_to_via_path_and_ports:DDR_DQSB1_N,True,
declared_planar_length_matches:DDR_DQSB1_N,True,
source_identity_and_manifest:DDR_DQSB0_N,True,
both_exact_L1_dogbones:DDR_DQSB0_N,True,
direct_via_to_via_path_and_ports:DDR_DQSB0_N,True,
declared_planar_length_matches:DDR_DQSB0_N,True,
source_identity_and_manifest:DDR_RESET,True,
both_exact_L1_dogbones:DDR_RESET,True,
direct_via_to_via_path_and_ports:DDR_RESET,True,
declared_planar_length_matches:DDR_RESET,True,
source_identity_and_manifest:DDR_CSB0,True,
both_exact_L1_dogbones:DDR_CSB0,True,
direct_via_to_via_path_and_ports:DDR_CSB0,True,
declared_planar_length_matches:DDR_CSB0,True,
source_identity_and_manifest:DDR_CLKB_N,True,
both_exact_L1_dogbones:DDR_CLKB_N,True,
direct_via_to_via_path_and_ports:DDR_CLKB_N,True,
declared_planar_length_matches:DDR_CLKB_N,True,
source_identity_and_manifest:DDR_CLKB_P,True,
both_exact_L1_dogbones:DDR_CLKB_P,True,
direct_via_to_via_path_and_ports:DDR_CLKB_P,True,
declared_planar_length_matches:DDR_CLKB_P,True,
source_identity_and_manifest:DDR_CKEB0,True,
both_exact_L1_dogbones:DDR_CKEB0,True,
direct_via_to_via_path_and_ports:DDR_CKEB0,True,
declared_planar_length_matches:DDR_CKEB0,True,
source_identity_and_manifest:DDR_CAB4,True,
both_exact_L1_dogbones:DDR_CAB4,True,
direct_via_to_via_path_and_ports:DDR_CAB4,True,
declared_planar_length_matches:DDR_CAB4,True,
source_identity_and_manifest:DDR_CAB3,True,
both_exact_L1_dogbones:DDR_CAB3,True,
direct_via_to_via_path_and_ports:DDR_CAB3,True,
declared_planar_length_matches:DDR_CAB3,True,
source_identity_and_manifest:DDR_CAB2,True,
both_exact_L1_dogbones:DDR_CAB2,True,
direct_via_to_via_path_and_ports:DDR_CAB2,True,
declared_planar_length_matches:DDR_CAB2,True,
source_identity_and_manifest:DDR_CAB0,True,
both_exact_L1_dogbones:DDR_CAB0,True,
direct_via_to_via_path_and_ports:DDR_CAB0,True,
declared_planar_length_matches:DDR_CAB0,True,
source_identity_and_manifest:DDR_CAB5,True,
both_exact_L1_dogbones:DDR_CAB5,True,
direct_via_to_via_path_and_ports:DDR_CAB5,True,
declared_planar_length_matches:DDR_CAB5,True,
source_identity_and_manifest:DDR_CAB1,True,
both_exact_L1_dogbones:DDR_CAB1,True,
direct_via_to_via_path_and_ports:DDR_CAB1,True,
declared_planar_length_matches:DDR_CAB1,True,
differential_pair_common_layer_and_two_transitions:DDR_DQSA0,True,
differential_pair_common_layer_and_two_transitions:DDR_DQSA1,True,
differential_pair_common_layer_and_two_transitions:DDR_DQSB0,True,
differential_pair_common_layer_and_two_transitions:DDR_DQSB1,True,
differential_pair_common_layer_and_two_transitions:DDR_CLKA,True,
differential_pair_common_layer_and_two_transitions:DDR_CLKB,True,
mixed_byte_layer_relaxation_declared,True,
