reference,part,pin,net
U95,NVT4858HKZ TF HS50 CANDIDATE,1,TF_HOST_D2
U95,NVT4858HKZ TF HS50 CANDIDATE,2,TF_HOST_D3
U95,NVT4858HKZ TF HS50 CANDIDATE,3,TF_HOST_D0
U95,NVT4858HKZ TF HS50 CANDIDATE,4,TF_HOST_D1
U95,NVT4858HKZ TF HS50 CANDIDATE,5,TF_HOST_CLK
U95,NVT4858HKZ TF HS50 CANDIDATE,7,GND
U95,NVT4858HKZ TF HS50 CANDIDATE,8,TFCARD_CLK
U95,NVT4858HKZ TF HS50 CANDIDATE,9,TFCARD_D1
U95,NVT4858HKZ TF HS50 CANDIDATE,10,TFCARD_D0
U95,NVT4858HKZ TF HS50 CANDIDATE,11,TFCARD_D3
U95,NVT4858HKZ TF HS50 CANDIDATE,12,TFCARD_D2
U95,NVT4858HKZ TF HS50 CANDIDATE,13,TFCARD_CMD
U95,NVT4858HKZ TF HS50 CANDIDATE,14,VDD_3V3
U95,NVT4858HKZ TF HS50 CANDIDATE,15,VDD1P8
U95,NVT4858HKZ TF HS50 CANDIDATE,16,TF_HOST_CMD
C815,1uF X5R/X7R ESR<0.5Ohm,1,VDD1P8
C815,1uF X5R/X7R ESR<0.5Ohm,2,GND
C816,100nF X5R/X7R,1,VDD_3V3
C816,100nF X5R/X7R,2,GND
