reference,nominal_value_exact,pin1_net,pin2_net,source_sheet,role,source_role_reference,current_footprint,conditional_geometry_mpn,geometry_disposition,nominal_rail_V,Ceff_requirement,placement_requirement,Ceff_PDN_qualified
C206,22uF X7R / total Ceff>=30uF,VDD0P8_CPU,GND,10_Six_Rail_Power.kicad_sch,CPU regulator output bank,Active Six_Rail_Power sheet and netlist; TPS628640B output-bank role,,CL31B226KPHNNNE,CONDITIONAL_SOURCE_LAND_CANDIDATE_ONLY,0.8,>=30uF effective per three-part bank; not qualified,Regulator output loop/locality and sense return must be qualified,False
C207,22uF X7R / total Ceff>=30uF,VDD0P8_CPU,GND,10_Six_Rail_Power.kicad_sch,CPU regulator output bank,Active Six_Rail_Power sheet and netlist; TPS628640B output-bank role,,CL31B226KPHNNNE,CONDITIONAL_SOURCE_LAND_CANDIDATE_ONLY,0.8,>=30uF effective per three-part bank; not qualified,Regulator output loop/locality and sense return must be qualified,False
C208,22uF X7R / total Ceff>=30uF,VDD0P8_CPU,GND,10_Six_Rail_Power.kicad_sch,CPU regulator output bank,Active Six_Rail_Power sheet and netlist; TPS628640B output-bank role,,CL31B226KPHNNNE,CONDITIONAL_SOURCE_LAND_CANDIDATE_ONLY,0.8,>=30uF effective per three-part bank; not qualified,Regulator output loop/locality and sense return must be qualified,False
C212,22uF X7R / total Ceff>=30uF,VDD0P8_KPU,GND,10_Six_Rail_Power.kicad_sch,KPU regulator output bank,Active Six_Rail_Power sheet and netlist; TPS628640B output-bank role,,CL31B226KPHNNNE,CONDITIONAL_SOURCE_LAND_CANDIDATE_ONLY,0.8,>=30uF effective per three-part bank; not qualified,Regulator output loop/locality and sense return must be qualified,False
C213,22uF X7R / total Ceff>=30uF,VDD0P8_KPU,GND,10_Six_Rail_Power.kicad_sch,KPU regulator output bank,Active Six_Rail_Power sheet and netlist; TPS628640B output-bank role,,CL31B226KPHNNNE,CONDITIONAL_SOURCE_LAND_CANDIDATE_ONLY,0.8,>=30uF effective per three-part bank; not qualified,Regulator output loop/locality and sense return must be qualified,False
C214,22uF X7R / total Ceff>=30uF,VDD0P8_KPU,GND,10_Six_Rail_Power.kicad_sch,KPU regulator output bank,Active Six_Rail_Power sheet and netlist; TPS628640B output-bank role,,CL31B226KPHNNNE,CONDITIONAL_SOURCE_LAND_CANDIDATE_ONLY,0.8,>=30uF effective per three-part bank; not qualified,Regulator output loop/locality and sense return must be qualified,False
C540,22uF,VDD1P1_DDR_IO,GND,12_Local_Decoupling.kicad_sch,DRAM VDD2 source C20-C31,01studio p2 C20:22uF on VDD_1V1; allocation group C20-C31,,CL31B226KPHNNNE,CONDITIONAL_SOURCE_LAND_CANDIDATE_ONLY,1.1196,Local DDR/PDN requirement not numerically established by this geometry review,TOP only; no geometry assigned; group location must follow power balls,False
C552,22uF,VDD1P1_DDR_IO,GND,12_Local_Decoupling.kicad_sch,DRAM VDDQ source C40-C49,01studio p2 C40:22uF on VDD_1V1; allocation group C40-C49,,CL31B226KPHNNNE,CONDITIONAL_SOURCE_LAND_CANDIDATE_ONLY,1.1196,Local DDR/PDN requirement not numerically established by this geometry review,TOP only; no geometry assigned; group location must follow power balls,False
C562,22uF,VDD1P8,GND,12_Local_Decoupling.kicad_sch,DRAM VDD1 source C32-C39,01studio p2 C32:22uF on VDD_1V8; allocation group C32-C39,,CL31B226KPHNNNE,CONDITIONAL_SOURCE_LAND_CANDIDATE_ONLY,1.8,Local DDR/PDN requirement not numerically established by this geometry review,TOP only; no geometry assigned; group location must follow power balls,False
