reference,symbol,ball,function,current_type,proposed_type,change_required,source_document,ball_map_page,ball_map_location,direction_pages,direction_section,manufacturer_type,electrical_role,no_use_classification,operating_scope,decision_reason,ambiguity_or_limit,current_net,current_disposition,other_net_endpoints
U2,K4F8E304HB_200,A5,ZQ_a,bidirectional,passive,true,Samsung K4F8E304HB-MGCJ Rev.1.0 (June 2016),10,A row / column 5,12,4.5 Table 1,Reference,Analog impedance-calibration reference,FUNCTIONAL,All normal supported operating modes of this exact part,Reference node requires 240 ohm ±1% to VDDQ; it is not a digital receiver or driven data port.,KiCad has no analog calibration pin type. Passive is an abstraction and must be paired with an explicit 240-ohm-to-VDDQ topology assertion; it does not validate calibration or voltage.,LPDDR4_ZQ,65 exact SoC joins; source NC/DNU flagged; bias on dedicated sheet,R63.1:
U2,K4F8E304HB_200,G2,ODT_CA_a,bidirectional,input,true,Samsung K4F8E304HB-MGCJ Rev.1.0 (June 2016),10,G row / column 2,"10, 12",4.5 Table 1,Input,CA termination-control input,FUNCTIONAL,All normal supported operating modes of this exact part,Table 1 explicitly marks this normal functional pin Input.,"ODT_CA remains an input although locally biased through a resistor. The mode register controls termination together with this pin; passive-bias drive warnings require topology review, not a type change.",LPDDR4_ODT_A,65 exact SoC joins; source NC/DNU flagged; bias on dedicated sheet,R61.1:
U2,K4F8E304HB_200,H2,CA0_a,bidirectional,input,true,Samsung K4F8E304HB-MGCJ Rev.1.0 (June 2016),10,H row / column 2,12,4.5 Table 1,Input,Command/address input,FUNCTIONAL,All normal supported operating modes of this exact part,Table 1 explicitly marks this normal functional pin Input.,,DDR_CAA0,65 exact SoC joins; source NC/DNU flagged; bias on dedicated sheet,U1.M19:DDR_CAA0
U2,K4F8E304HB_200,H4,CS_a,bidirectional,input,true,Samsung K4F8E304HB-MGCJ Rev.1.0 (June 2016),10,H row / column 4,12,4.5 Table 1,Input,Chip select input,FUNCTIONAL,All normal supported operating modes of this exact part,Table 1 explicitly marks this normal functional pin Input.,,DDR_CSA0,65 exact SoC joins; source NC/DNU flagged; bias on dedicated sheet,U1.T20:DDR_CSA0
U2,K4F8E304HB_200,H9,CA2_a,bidirectional,input,true,Samsung K4F8E304HB-MGCJ Rev.1.0 (June 2016),10,H row / column 9,12,4.5 Table 1,Input,Command/address input,FUNCTIONAL,All normal supported operating modes of this exact part,Table 1 explicitly marks this normal functional pin Input.,,DDR_CAA2,65 exact SoC joins; source NC/DNU flagged; bias on dedicated sheet,U1.N19:DDR_CAA2
U2,K4F8E304HB_200,H10,CA3_a,bidirectional,input,true,Samsung K4F8E304HB-MGCJ Rev.1.0 (June 2016),10,H row / column 10,12,4.5 Table 1,Input,Command/address input,FUNCTIONAL,All normal supported operating modes of this exact part,Table 1 explicitly marks this normal functional pin Input.,,DDR_CAA3,65 exact SoC joins; source NC/DNU flagged; bias on dedicated sheet,U1.N20:DDR_CAA3
U2,K4F8E304HB_200,H11,CA4_a,bidirectional,input,true,Samsung K4F8E304HB-MGCJ Rev.1.0 (June 2016),10,H row / column 11,12,4.5 Table 1,Input,Command/address input,FUNCTIONAL,All normal supported operating modes of this exact part,Table 1 explicitly marks this normal functional pin Input.,,DDR_CAA4,65 exact SoC joins; source NC/DNU flagged; bias on dedicated sheet,U1.M18:DDR_CAA4
U2,K4F8E304HB_200,J2,CA1_a,bidirectional,input,true,Samsung K4F8E304HB-MGCJ Rev.1.0 (June 2016),10,J row / column 2,12,4.5 Table 1,Input,Command/address input,FUNCTIONAL,All normal supported operating modes of this exact part,Table 1 explicitly marks this normal functional pin Input.,,DDR_CAA1,65 exact SoC joins; source NC/DNU flagged; bias on dedicated sheet,U1.L16:DDR_CAA1
U2,K4F8E304HB_200,J4,CKE_a,bidirectional,input,true,Samsung K4F8E304HB-MGCJ Rev.1.0 (June 2016),10,J row / column 4,12,4.5 Table 1,Input,Clock enable input,FUNCTIONAL,All normal supported operating modes of this exact part,Table 1 explicitly marks this normal functional pin Input.,,DDR_CKEA0,65 exact SoC joins; source NC/DNU flagged; bias on dedicated sheet,U1.N17:DDR_CKEA0
U2,K4F8E304HB_200,J8,CK_t_a,bidirectional,input,true,Samsung K4F8E304HB-MGCJ Rev.1.0 (June 2016),10,J row / column 8,12,4.5 Table 1,Input,Clock input,FUNCTIONAL,All normal supported operating modes of this exact part,Table 1 explicitly marks this normal functional pin Input.,,DDR_CLKA_P,65 exact SoC joins; source NC/DNU flagged; bias on dedicated sheet,U1.R19:DDR_CLKAP
U2,K4F8E304HB_200,J9,CK_c_a,bidirectional,input,true,Samsung K4F8E304HB-MGCJ Rev.1.0 (June 2016),10,J row / column 9,12,4.5 Table 1,Input,Clock input,FUNCTIONAL,All normal supported operating modes of this exact part,Table 1 explicitly marks this normal functional pin Input.,,DDR_CLKA_N,65 exact SoC joins; source NC/DNU flagged; bias on dedicated sheet,U1.R20:DDR_CLKAN
U2,K4F8E304HB_200,J11,CA5_a,bidirectional,input,true,Samsung K4F8E304HB-MGCJ Rev.1.0 (June 2016),10,J row / column 11,12,4.5 Table 1,Input,Command/address input,FUNCTIONAL,All normal supported operating modes of this exact part,Table 1 explicitly marks this normal functional pin Input.,,DDR_CAA5,65 exact SoC joins; source NC/DNU flagged; bias on dedicated sheet,U1.P19:DDR_CAA5
U2,K4F8E304HB_200,P2,CA1_b,bidirectional,input,true,Samsung K4F8E304HB-MGCJ Rev.1.0 (June 2016),10,P row / column 2,12,4.5 Table 1,Input,Command/address input,FUNCTIONAL,All normal supported operating modes of this exact part,Table 1 explicitly marks this normal functional pin Input.,,DDR_CAB1,65 exact SoC joins; source NC/DNU flagged; bias on dedicated sheet,U1.G19:DDR_CAB1
U2,K4F8E304HB_200,P4,CKE_b,bidirectional,input,true,Samsung K4F8E304HB-MGCJ Rev.1.0 (June 2016),10,P row / column 4,12,4.5 Table 1,Input,Clock enable input,FUNCTIONAL,All normal supported operating modes of this exact part,Table 1 explicitly marks this normal functional pin Input.,,DDR_CKEB0,65 exact SoC joins; source NC/DNU flagged; bias on dedicated sheet,U1.J18:DDR_CKEB0
U2,K4F8E304HB_200,P8,CK_t_b,bidirectional,input,true,Samsung K4F8E304HB-MGCJ Rev.1.0 (June 2016),10,P row / column 8,12,4.5 Table 1,Input,Clock input,FUNCTIONAL,All normal supported operating modes of this exact part,Table 1 explicitly marks this normal functional pin Input.,,DDR_CLKB_P,65 exact SoC joins; source NC/DNU flagged; bias on dedicated sheet,U1.G20:DDR_CLKBP
U2,K4F8E304HB_200,P9,CK_c_b,bidirectional,input,true,Samsung K4F8E304HB-MGCJ Rev.1.0 (June 2016),10,P row / column 9,12,4.5 Table 1,Input,Clock input,FUNCTIONAL,All normal supported operating modes of this exact part,Table 1 explicitly marks this normal functional pin Input.,,DDR_CLKB_N,65 exact SoC joins; source NC/DNU flagged; bias on dedicated sheet,U1.F20:DDR_CLKBN
U2,K4F8E304HB_200,P11,CA5_b,bidirectional,input,true,Samsung K4F8E304HB-MGCJ Rev.1.0 (June 2016),10,P row / column 11,12,4.5 Table 1,Input,Command/address input,FUNCTIONAL,All normal supported operating modes of this exact part,Table 1 explicitly marks this normal functional pin Input.,,DDR_CAB5,65 exact SoC joins; source NC/DNU flagged; bias on dedicated sheet,U1.F19:DDR_CAB5
U2,K4F8E304HB_200,R2,CA0_b,bidirectional,input,true,Samsung K4F8E304HB-MGCJ Rev.1.0 (June 2016),10,R row / column 2,12,4.5 Table 1,Input,Command/address input,FUNCTIONAL,All normal supported operating modes of this exact part,Table 1 explicitly marks this normal functional pin Input.,,DDR_CAB0,65 exact SoC joins; source NC/DNU flagged; bias on dedicated sheet,U1.E20:DDR_CAB0
U2,K4F8E304HB_200,R4,CS_b,bidirectional,input,true,Samsung K4F8E304HB-MGCJ Rev.1.0 (June 2016),10,R row / column 4,12,4.5 Table 1,Input,Chip select input,FUNCTIONAL,All normal supported operating modes of this exact part,Table 1 explicitly marks this normal functional pin Input.,,DDR_CSB0,65 exact SoC joins; source NC/DNU flagged; bias on dedicated sheet,U1.J20:DDR_CSB0
U2,K4F8E304HB_200,R9,CA2_b,bidirectional,input,true,Samsung K4F8E304HB-MGCJ Rev.1.0 (June 2016),10,R row / column 9,12,4.5 Table 1,Input,Command/address input,FUNCTIONAL,All normal supported operating modes of this exact part,Table 1 explicitly marks this normal functional pin Input.,,DDR_CAB2,65 exact SoC joins; source NC/DNU flagged; bias on dedicated sheet,U1.G18:DDR_CAB2
U2,K4F8E304HB_200,R10,CA3_b,bidirectional,input,true,Samsung K4F8E304HB-MGCJ Rev.1.0 (June 2016),10,R row / column 10,12,4.5 Table 1,Input,Command/address input,FUNCTIONAL,All normal supported operating modes of this exact part,Table 1 explicitly marks this normal functional pin Input.,,DDR_CAB3,65 exact SoC joins; source NC/DNU flagged; bias on dedicated sheet,U1.H17:DDR_CAB3
U2,K4F8E304HB_200,R11,CA4_b,bidirectional,input,true,Samsung K4F8E304HB-MGCJ Rev.1.0 (June 2016),10,R row / column 11,12,4.5 Table 1,Input,Command/address input,FUNCTIONAL,All normal supported operating modes of this exact part,Table 1 explicitly marks this normal functional pin Input.,,DDR_CAB4,65 exact SoC joins; source NC/DNU flagged; bias on dedicated sheet,U1.F17:DDR_CAB4
U2,K4F8E304HB_200,T2,ODT_CA_b,bidirectional,input,true,Samsung K4F8E304HB-MGCJ Rev.1.0 (June 2016),10,T row / column 2,"10, 12",4.5 Table 1,Input,CA termination-control input,FUNCTIONAL,All normal supported operating modes of this exact part,Table 1 explicitly marks this normal functional pin Input.,"ODT_CA remains an input although locally biased through a resistor. The mode register controls termination together with this pin; passive-bias drive warnings require topology review, not a type change.",LPDDR4_ODT_B,65 exact SoC joins; source NC/DNU flagged; bias on dedicated sheet,R62.1:
U2,K4F8E304HB_200,T11,RESET_n,bidirectional,input,true,Samsung K4F8E304HB-MGCJ Rev.1.0 (June 2016),10,T row / column 11,12,4.5 Table 1,Input,Active-low reset input,FUNCTIONAL,All normal supported operating modes of this exact part,Table 1 explicitly marks this normal functional pin Input.,,DDR_RESET,65 exact SoC joins; source NC/DNU flagged; bias on dedicated sheet,U1.J16:DDR_RESET
