soc_ball,guide_signal_name,package_trace_um,package_trace_mil,source_line,net_assignment_status,hazard
N17,DDR_CKE0_CKEA0,3725.8,146.8,777,DO_NOT_USE_AS_CONNECTION_MATRIX,
P18,DDR_CKE1_CKEA1,4338.56,170.94,778,DO_NOT_USE_AS_CONNECTION_MATRIX,
T20,DDR_CS0_CSA0,5839.03,230.06,779,DO_NOT_USE_AS_CONNECTION_MATRIX,
T19,DDR_CS1_CSA1,5528.07,217.81,780,DO_NOT_USE_AS_CONNECTION_MATRIX,
R19,DDR_CKP_CKAP,6252.24,246.34,781,DO_NOT_USE_AS_CONNECTION_MATRIX,
R20,DDR_CKN_CKAN,6050.13,238.38,782,DO_NOT_USE_AS_CONNECTION_MATRIX,
P19,DDR_CA9_CAA5,5809.3,228.89,783,DO_NOT_USE_AS_CONNECTION_MATRIX,
M18,DDR_CA8_CAA4,4033.87,158.93,784,DO_NOT_USE_AS_CONNECTION_MATRIX,
N20,DDR_CA7_CAA3,4888.23,192.6,785,DO_NOT_USE_AS_CONNECTION_MATRIX,
N19,DDR_CA6_CAA2,4415.08,173.95,786,DO_NOT_USE_AS_CONNECTION_MATRIX,
L16,DDR_CA5_CAA1,2171.4,85.55,787,DO_NOT_USE_AS_CONNECTION_MATRIX,
M19,DDR_CA4_CAA0,4599.65,181.23,788,DO_NOT_USE_AS_CONNECTION_MATRIX,
L17,DDR_CA3_NC,2258.98,89,789,DO_NOT_USE_AS_CONNECTION_MATRIX,
M20,DDR_CA2_NC,4190.42,165.1,790,DO_NOT_USE_AS_CONNECTION_MATRIX,
L20,DDR_CA1_NC,5108.55,201.28,791,DO_NOT_USE_AS_CONNECTION_MATRIX,
K20,DDR_CA0_NC,4832.33,190.39,792,DO_NOT_USE_AS_CONNECTION_MATRIX,
L18,DDR_ODT_NC,3849.11,151.65,793,DO_NOT_USE_AS_CONNECTION_MATRIX,
J18,DDR_NC_CKEB0,2599.43,102.42,794,DO_NOT_USE_AS_CONNECTION_MATRIX,
J17,DDR_NC_CKEB1,2792.84,110.04,795,DO_NOT_USE_AS_CONNECTION_MATRIX,
J19,DDR_NC_CSB1,4018.49,158.33,796,DO_NOT_USE_AS_CONNECTION_MATRIX,
J20,DDR_NC_CSB0,4941.35,194.69,797,DO_NOT_USE_AS_CONNECTION_MATRIX,
G20,DDR_NC_CLKBP,5403.63,212.9,798,DO_NOT_USE_AS_CONNECTION_MATRIX,
F20,DDR_NC_CLKBN,5418.33,213.48,799,DO_NOT_USE_AS_CONNECTION_MATRIX,
E20,DDR_NC_CAB0,5468.25,215.45,800,DO_NOT_USE_AS_CONNECTION_MATRIX,
G19,DDR_NC_CAB1,4067.91,160.28,801,DO_NOT_USE_AS_CONNECTION_MATRIX,
G18,DDR_NC_CAB2,3807.29,150.01,802,DO_NOT_USE_AS_CONNECTION_MATRIX,
H17,DDR_NC_CAB3,3113.45,122.67,803,DO_NOT_USE_AS_CONNECTION_MATRIX,
F17,DDR_NC_CAB4,2757.73,108.65,804,DO_NOT_USE_AS_CONNECTION_MATRIX,
F19,DDR_NC_CAB5,4558.27,179.6,805,DO_NOT_USE_AS_CONNECTION_MATRIX,
U17,DDR_DQ24_DQA7,4829.45,190.28,806,DO_NOT_USE_AS_CONNECTION_MATRIX,
Y18,DDR_DQ25_DQA6,6467.43,254.82,807,DO_NOT_USE_AS_CONNECTION_MATRIX,
V18,DDR_DQ26_DQA5,5047.5,198.87,808,DO_NOT_USE_AS_CONNECTION_MATRIX,
W18,DDR_DQ27_DQA4,5267.44,207.54,809,DO_NOT_USE_AS_CONNECTION_MATRIX,
Y16,DDR_DQ28_DQA3,5846.86,230.37,810,DO_NOT_USE_AS_CONNECTION_MATRIX,
V16,DDR_DQ29_DQA2,4311.64,169.88,811,DO_NOT_USE_AS_CONNECTION_MATRIX,
T16,DDR_DQ30_DQA1,3576.39,140.91,812,DO_NOT_USE_AS_CONNECTION_MATRIX,
U16,DDR_DQ31_DQA0,3132.83,123.43,813,DO_NOT_USE_AS_CONNECTION_MATRIX,
V17,DDR_DM3_DMIA0,4110.44,161.95,814,DO_NOT_USE_AS_CONNECTION_MATRIX,
W17,DDR_DQS3P_DQSA0P,6342.48,249.89,815,DO_NOT_USE_AS_CONNECTION_MATRIX,
Y17,DDR_DQS3N_DQSA0N,6135.17,241.73,816,DO_NOT_USE_AS_CONNECTION_MATRIX,
R17,DDR_DQ8_DQA8,4018.24,158.32,817,DO_NOT_USE_AS_CONNECTION_MATRIX,
T18,DDR_DQ9_DQA9,5760.1,226.95,818,DO_NOT_USE_AS_CONNECTION_MATRIX,
R18,DDR_DQ10_DQA10,4540.62,178.9,819,DO_NOT_USE_AS_CONNECTION_MATRIX,
U20,DDR_DQ11_DQA11,5625.11,221.63,820,DO_NOT_USE_AS_CONNECTION_MATRIX,
W19,DDR_DQ12_DQA12,6897.92,271.78,821,DO_NOT_USE_AS_CONNECTION_MATRIX,
U18,DDR_DQ13_DQA13,4908.14,193.38,822,DO_NOT_USE_AS_CONNECTION_MATRIX,
P16,DDR_DQ14_DQA14,2036.92,80.25,823,DO_NOT_USE_AS_CONNECTION_MATRIX,
T17,DDR_DQ15_DQA15,4492.07,176.99,824,DO_NOT_USE_AS_CONNECTION_MATRIX,
P17,DDR_DM1_DMIA1,4129.14,162.69,825,DO_NOT_USE_AS_CONNECTION_MATRIX,
V20,DDR_DQS1P_DQSA1P,7005.11,276,826,DO_NOT_USE_AS_CONNECTION_MATRIX,
V19,DDR_DQS1N_DQSA1N,6768.98,266.7,827,DO_NOT_USE_AS_CONNECTION_MATRIX,
C17,DDR_DQ0_DQB15,4038.16,159.1,828,DO_NOT_USE_AS_CONNECTION_MATRIX,
D16,DDR_DQ1_DQB14,3663.33,144.34,829,DO_NOT_USE_AS_CONNECTION_MATRIX,
D17,DDR_DQ2_DQB13,4242.29,167.15,830,DO_NOT_USE_AS_CONNECTION_MATRIX,
C18,DDR_DQ3_DQB12,5598.19,220.57,831,DO_NOT_USE_AS_CONNECTION_MATRIX,
E18,DDR_DQ4_DQB11,3830.51,150.92,832,DO_NOT_USE_AS_CONNECTION_MATRIX,
E17,DDR_DQ5_DQB10,4273.06,168.36,833,DO_NOT_USE_AS_CONNECTION_MATRIX,
B19,DDR_DQ6_DQB9,6879.01,271.03,834,DO_NOT_USE_AS_CONNECTION_MATRIX,
C19,DDR_DQ7_DQB8,6640.84,261.65,835,DO_NOT_USE_AS_CONNECTION_MATRIX,
D18,DDR_DM0_DMIB0,5275.38,207.85,836,DO_NOT_USE_AS_CONNECTION_MATRIX,
B18,DDR_DQS0P_DQSB1P,6516.79,256.76,837,DO_NOT_USE_AS_CONNECTION_MATRIX,LP4 DQSB1P/N aliases repeated across DQS0 and DQS2; resolve from actual schematic/official pinout
A18,DDR_DQS0N_DQSB1N,6628.66,261.17,838,DO_NOT_USE_AS_CONNECTION_MATRIX,LP4 DQSB1P/N aliases repeated across DQS0 and DQS2; resolve from actual schematic/official pinout
C14,DDR_DQ16_DQB0,2966.98,116.9,839,DO_NOT_USE_AS_CONNECTION_MATRIX,
D14,DDR_DQ17_DQB1,2708.03,106.7,840,DO_NOT_USE_AS_CONNECTION_MATRIX,
B14,DDR_DQ18_DQB2,4486.79,176.78,841,DO_NOT_USE_AS_CONNECTION_MATRIX,
A14,DDR_DQ19_DQB3,5608.52,220.98,842,DO_NOT_USE_AS_CONNECTION_MATRIX,
A17,DDR_DQ20_DQB4,5037.71,198.49,843,DO_NOT_USE_AS_CONNECTION_MATRIX,
B16,DDR_DQ21_DQB5,4419.48,174.13,844,DO_NOT_USE_AS_CONNECTION_MATRIX,
C16,DDR_DQ22_DQB6,4381.95,172.65,845,DO_NOT_USE_AS_CONNECTION_MATRIX,
B17,DDR_DQ23_DQB7,5515.88,217.33,846,DO_NOT_USE_AS_CONNECTION_MATRIX,
C15,DDR_DM2_DMIB1,4509.87,177.69,847,DO_NOT_USE_AS_CONNECTION_MATRIX,
B15,DDR_DQS2P_DQSB1P,4623.9,182.18,848,DO_NOT_USE_AS_CONNECTION_MATRIX,LP4 DQSB1P/N aliases repeated across DQS0 and DQS2; resolve from actual schematic/official pinout
A15,DDR_DQS2N_DQSB1N,4942.59,194.74,849,DO_NOT_USE_AS_CONNECTION_MATRIX,LP4 DQSB1P/N aliases repeated across DQS0 and DQS2; resolve from actual schematic/official pinout
