issue_id,severity,erc_type,sheet,reference,pin,function,net,primary_class,subclass,review_finding,required_disposition,evidence,erc_item_uuid,net_node_count,net_members
ERC-001,error,power_pin_not_driven,/SoC_1/,U1,A13,VSS,GND,POWER,Passive external supply/return contract,"J1.1/2/3/36/49/57/64/71/78/89/106 passive ground-return contract. Supply enters from the carrier; J1 is a logical module-edge contract with passive electrical types, not an on-board regulator.",Maintain explicit external input/return contract and qualify voltage/current/protection. Do not call this a missing internal supply wire or add a fabricated on-board source.,Frozen KiCad master.xml and master-pin-assignments.csv; generate_power.py; module pinmap; TI TPS6282x/TPS62864 datasheets,c1f74931-a599-46c8-833d-098ea722c658,355,C201.2; C203.2; C204.2; C205.2; C206.2; C207.2; C208.2; C209.2; C210.2; C211.2; C212.2; C213.2; C214.2; C215.2; C216.2; C217.2; C218.2; C220.2; C221.2; C222.2; C223.2; C225.2; C226.2; C227.2; C228.2; C230.2; C231.2; C232.2; C233.2; C234.2; C235.2; C236.2; C237.2; C238.2; C239.2; C240.2; C241.2; C242.2; C243.2; C244.2; C31.2; C32.2; C33.2; C34.2; C41.2; C42.2; C43.2; C44.2; C45.2; C501.2; C502.2; C503.2; C504.2; C505.2; C506.2; C507.2; C508.2; C509.2; C510.2; C511.2; C512.2; C513.2; C514.2; C515.2; C516.2; C517.2; C518.2; C519.2; C520.2; C521.2; C522.2; C523.2; C524.2; C525.2; C526.2; C527.2; C528.2; C529.2; C530.2; C531.2; C532.2; C533.2; C534.2; C535.2; C536.2; C537.2; C538.2; C539.2; C540.2; C541.2; C542.2; C543.2; C544.2; C545.2; C546.2; C547.2; C548.2; C549.2; C550.2; C551.2; C552.2; C553.2; C554.2; C555.2; C556.2; C557.2; C558.2; C559.2; C560.2; C561.2; C562.2; C563.2; C564.2; C565.2; C566.2; C567.2; C568.2; C569.2; C570.2; C571.2; C572.2; C573.2; C574.2; C575.2; C576.2; C577.2; C62.2; C63.2; C64.2; J1.1; J1.106; J1.2; J1.3; J1.36; J1.49; J1.57; J1.64; J1.71; J1.78; J1.89; R202.2; R205.2; R206.2; R208.2; R211.2; R214.2; R31.2; R44.2; R47.2; R64.2; R66.2; R69.2; R70.2; R71.2; U1.A13; U1.A16; U1.A19; U1.A9; U1.B13; U1.B20; U1.C13; U1.D10; U1.D11; U1.D13; U1.D15; U1.D9; U1.E12; U1.E13; U1.E14; U1.E15; U1.E16; U1.E19; U1.E4; U1.E6; U1.E7; U1.E8; U1.F10; U1.F11; U1.F16; U1.F4; U1.F6; U1.G13; U1.G14; U1.G15; U1.G16; U1.G6; U1.G7; U1.G8; U1.H11; U1.H13; U1.H15; U1.H16; U1.H20; U1.H7; U1.J11; U1.J13; U1.J15; U1.J7; U1.K10; U1.K12; U1.K14; U1.K16; U1.K18; U1.K3; U1.K6; U1.K8; U1.L10; U1.L12; U1.L15; U1.L19; U1.L7; U1.L8; U1.M10; U1.M12; U1.M15; U1.M16; U1.M6; U1.M8; U1.N10; U1.N12; U1.N15; U1.N16; U1.N3; U1.N5; U1.N8; U1.P10; U1.P12; U1.P14; U1.P15; U1.P20; U1.P6; U1.P7; U1.P8; U1.R10; U1.R12; U1.R14; U1.R16; U1.R3; U1.R6; U1.R7; U1.T15; U1.T3; U1.T7; U1.T8; U1.T9; U1.U19; U1.U3; U1.U8; U1.V3; U1.V4; U1.V5; U1.V6; U1.V7; U1.V8; U1.W1; U1.W16; U1.W20; U1.Y13; U1.Y19; U11.6; U12.10; U12.11; U12.12; U12.6; U12.8; U13.1; U13.11; U13.15; U13.4; U13.6; U13.8; U14.3; U2.A10; U2.A3; U2.AB10; U2.AB3; U2.AB5; U2.AB8; U2.C1; U2.C12; U2.C5; U2.C8; U2.D11; U2.D2; U2.D4; U2.D9; U2.E1; U2.E12; U2.E5; U2.E8; U2.G1; U2.G10; U2.G12; U2.G3; U2.G5; U2.G8; U2.J1; U2.J10; U2.J12; U2.J3; U2.K11; U2.K2; U2.K4; U2.K9; U2.N11; U2.N2; U2.N4; U2.N9; U2.P1; U2.P10; U2.P12; U2.P3; U2.T1; U2.T10; U2.T12; U2.T3; U2.T5; U2.T8; U2.V1; U2.V12; U2.V5; U2.V8; U2.W11; U2.W2; U2.W4; U2.W9; U2.Y1; U2.Y12; U2.Y5; U2.Y8; U21.4; U22.A1; U22.B1; U22.B2; U22.B3; U23.A1; U23.B1; U23.B2; U23.B3; U24.4; U25.4; U26.4; U3.A6; U3.C4; U3.E7; U3.G5; U3.H10; U3.J5; U3.K8; U3.N2; U3.N5; U3.P4; U3.P6; Y2.2; Y2.4
ERC-002,error,power_pin_not_driven,/SoC_1/,U1,E9,AVDD3P3_USB,AVDD3P3_USB,POWER,"Passive boundary, physical source path present",U26 -> L26 -> VDD_3V3 -> FB210.1/2 -> AVDD3P3_USB. The downstream net has no directly attached power_out pin because the source crosses passive pins.,"A traceable CAD-only supply-source model is legitimate after verifying the upstream path. Keep real inductor/filter pins passive, exclude model-only declarations from fabrication/BOM, and forbid declarations on unproved nets. Sequencing, ripple, current, capacitance and thermal qualification remain separate.",Frozen KiCad master.xml and master-pin-assignments.csv; generate_power.py; module pinmap; TI TPS6282x/TPS62864 datasheets,5b1ba5cc-8a00-4f14-a23d-ff34c3c5b843,3,C243.1; FB210.2; U1.E9
ERC-003,error,power_pin_not_driven,/SoC_1/,U1,E10,VDD3P3_SD,VDD3P3_SD,POWER,"Passive boundary, physical source path present",U26 -> L26 -> VDD_3V3 -> R221.1/2 (0 ohm) -> VDD3P3_SD. The downstream net has no directly attached power_out pin because the source crosses passive pins.,"A traceable CAD-only supply-source model is legitimate after verifying the upstream path. Keep real inductor/filter pins passive, exclude model-only declarations from fabrication/BOM, and forbid declarations on unproved nets. Sequencing, ripple, current, capacitance and thermal qualification remain separate.",Frozen KiCad master.xml and master-pin-assignments.csv; generate_power.py; module pinmap; TI TPS6282x/TPS62864 datasheets,fda7fc6e-926c-4046-a61c-6db47dae7fb9,3,C244.1; R221.2; U1.E10
ERC-004,error,power_pin_not_driven,/SoC_1/,U1,E11,VDD1P8,VDD1P8,POWER,"Passive boundary, physical source path present",U25.5 SW_1V8 -> L25.1/2 -> VDD1P8. The downstream net has no directly attached power_out pin because the source crosses passive pins.,"A traceable CAD-only supply-source model is legitimate after verifying the upstream path. Keep real inductor/filter pins passive, exclude model-only declarations from fabrication/BOM, and forbid declarations on unproved nets. Sequencing, ripple, current, capacitance and thermal qualification remain separate.",Frozen KiCad master.xml and master-pin-assignments.csv; generate_power.py; module pinmap; TI TPS6282x/TPS62864 datasheets,058a4789-6480-40c2-a754-32aae6dad2b1,41,C223.1; C224.1; C562.1; C563.1; C564.1; C565.1; C566.1; C567.1; C568.1; C569.1; C576.1; C577.1; FB204.1; FB205.1; FB206.1; FB207.1; FB208.1; FB209.1; J1.8; L25.2; R209.2; R210.1; R212.2; R215.2; R216.2; R217.2; R218.2; R219.2; R43.1; R45.2; R46.2; U1.E11; U1.F13; U2.F1; U2.F12; U2.G4; U2.G9; U2.T4; U2.T9; U2.U1; U2.U12
ERC-005,error,power_pin_not_driven,/SoC_1/,U1,F9,AVDD1P8_USB,AVDD1P8_USB,POWER,"Passive boundary, physical source path present",U25 -> L25 -> VDD1P8 -> FB205.1/2 -> AVDD1P8_USB. The downstream net has no directly attached power_out pin because the source crosses passive pins.,"A traceable CAD-only supply-source model is legitimate after verifying the upstream path. Keep real inductor/filter pins passive, exclude model-only declarations from fabrication/BOM, and forbid declarations on unproved nets. Sequencing, ripple, current, capacitance and thermal qualification remain separate.",Frozen KiCad master.xml and master-pin-assignments.csv; generate_power.py; module pinmap; TI TPS6282x/TPS62864 datasheets,c6235ba8-a532-4432-b9f7-7a3c9ca874ff,3,C237.1; FB205.2; U1.F9
ERC-006,error,power_pin_not_driven,/SoC_1/,U1,F12,VDD0P8_CORE,VDD0P8_CORE,POWER,"Passive boundary, physical source path present",U21.5 SW_CORE -> L21.1/2 -> VDD0P8_CORE. The downstream net has no directly attached power_out pin because the source crosses passive pins.,"A traceable CAD-only supply-source model is legitimate after verifying the upstream path. Keep real inductor/filter pins passive, exclude model-only declarations from fabrication/BOM, and forbid declarations on unproved nets. Sequencing, ripple, current, capacitance and thermal qualification remain separate.",Frozen KiCad master.xml and master-pin-assignments.csv; generate_power.py; module pinmap; TI TPS6282x/TPS62864 datasheets,f7df50a7-2321-468d-a29d-7e61052b0970,37,C201.1; C202.1; C501.1; C502.1; C503.1; C504.1; C505.1; C506.1; C507.1; C508.1; C509.1; C510.1; C511.1; C512.1; C513.1; C514.1; C515.1; C516.1; FB202.1; FB203.1; L21.2; R201.1; R220.1; U1.F12; U1.G10; U1.G9; U1.K11; U1.K9; U1.L11; U1.L9; U1.M11; U1.M9; U1.N11; U1.N9; U1.P11; U1.P13; U1.P9
ERC-007,error,power_pin_not_driven,/SoC_1/,U1,F14,AVDD1P8_LDO,AVDD1P8_PMU,POWER,"Passive boundary, physical source path present",U25 -> L25 -> VDD1P8 -> FB206.1/2 -> AVDD1P8_PMU (U1 F14/F15 together). The downstream net has no directly attached power_out pin because the source crosses passive pins.,"A traceable CAD-only supply-source model is legitimate after verifying the upstream path. Keep real inductor/filter pins passive, exclude model-only declarations from fabrication/BOM, and forbid declarations on unproved nets. Sequencing, ripple, current, capacitance and thermal qualification remain separate.",Frozen KiCad master.xml and master-pin-assignments.csv; generate_power.py; module pinmap; TI TPS6282x/TPS62864 datasheets,7162dc1b-35af-4087-826c-0ea5f10d49dd,5,C238.1; C239.1; FB206.2; U1.F14; U1.F15
ERC-008,error,power_pin_not_driven,/SoC_1/,U1,G11,AVDD0P8_PLL,AVDD0P8_PLL,POWER,"Passive boundary, physical source path present",U21 -> L21 -> VDD0P8_CORE -> FB202.1/2 -> AVDD0P8_PLL. The downstream net has no directly attached power_out pin because the source crosses passive pins.,"A traceable CAD-only supply-source model is legitimate after verifying the upstream path. Keep real inductor/filter pins passive, exclude model-only declarations from fabrication/BOM, and forbid declarations on unproved nets. Sequencing, ripple, current, capacitance and thermal qualification remain separate.",Frozen KiCad master.xml and master-pin-assignments.csv; generate_power.py; module pinmap; TI TPS6282x/TPS62864 datasheets,8f821ec5-a0b9-4720-8dba-1613d5757b11,3,C234.1; FB202.2; U1.G11
ERC-009,error,power_pin_not_driven,/SoC_1/,U1,G12,VDD0P8_CPU,VDD0P8_CPU,POWER,"Passive boundary, physical source path present",U22.C1/C2/C3 SW_CPU -> L22.1/2 -> VDD0P8_CPU. The downstream net has no directly attached power_out pin because the source crosses passive pins.,"A traceable CAD-only supply-source model is legitimate after verifying the upstream path. Keep real inductor/filter pins passive, exclude model-only declarations from fabrication/BOM, and forbid declarations on unproved nets. Sequencing, ripple, current, capacitance and thermal qualification remain separate.",Frozen KiCad master.xml and master-pin-assignments.csv; generate_power.py; module pinmap; TI TPS6282x/TPS62864 datasheets,0894c2d6-64ab-444b-a54e-f8f910ec093e,12,C206.1; C207.1; C208.1; C517.1; C518.1; C519.1; C520.1; L22.2; U1.G12; U1.H12; U1.J12; U22.A3
ERC-010,error,power_pin_not_driven,/SoC_1/,U1,H8,VDD0P8_KPU,VDD0P8_KPU,POWER,"Passive boundary, physical source path present",U23.C1/C2/C3 SW_KPU -> L23.1/2 -> VDD0P8_KPU. The downstream net has no directly attached power_out pin because the source crosses passive pins.,"A traceable CAD-only supply-source model is legitimate after verifying the upstream path. Keep real inductor/filter pins passive, exclude model-only declarations from fabrication/BOM, and forbid declarations on unproved nets. Sequencing, ripple, current, capacitance and thermal qualification remain separate.",Frozen KiCad master.xml and master-pin-assignments.csv; generate_power.py; module pinmap; TI TPS6282x/TPS62864 datasheets,3f77e7e3-17b1-408f-9c5b-02ec7822d3fc,19,C212.1; C213.1; C214.1; C521.1; C522.1; C523.1; C524.1; C525.1; C526.1; C527.1; C528.1; L23.2; U1.H10; U1.H8; U1.H9; U1.J10; U1.J8; U1.J9; U23.A3
ERC-011,error,power_pin_not_driven,/SoC_1/,U1,H14,VDD1P1_DDR_IO,VDD1P1_DDR_IO,POWER,"Passive boundary, physical source path present",U24.5 SW_DDR -> L24.1/2 -> VDD1P1_DDR_IO. The downstream net has no directly attached power_out pin because the source crosses passive pins.,"A traceable CAD-only supply-source model is legitimate after verifying the upstream path. Keep real inductor/filter pins passive, exclude model-only declarations from fabrication/BOM, and forbid declarations on unproved nets. Sequencing, ripple, current, capacitance and thermal qualification remain separate.",Frozen KiCad master.xml and master-pin-assignments.csv; generate_power.py; module pinmap; TI TPS6282x/TPS62864 datasheets,9ce97484-43d7-4624-bae0-b64d21cd2efa,86,C218.1; C219.1; C534.1; C535.1; C536.1; C537.1; C538.1; C539.1; C540.1; C541.1; C542.1; C543.1; C544.1; C545.1; C546.1; C547.1; C548.1; C549.1; C550.1; C551.1; C552.1; C553.1; C554.1; C555.1; C556.1; C557.1; C558.1; C559.1; C560.1; C561.1; C61.1; L24.2; R207.1; R61.2; R62.2; R63.2; R65.1; U1.H14; U1.J14; U1.L14; U1.M14; U1.N14; U2.A4; U2.A9; U2.AA10; U2.AA3; U2.AA5; U2.AA8; U2.AB4; U2.AB9; U2.B10; U2.B3; U2.B5; U2.B8; U2.D1; U2.D12; U2.D5; U2.D8; U2.F10; U2.F3; U2.F5; U2.F8; U2.H1; U2.H12; U2.H5; U2.H8; U2.K1; U2.K10; U2.K12; U2.K3; U2.N1; U2.N10; U2.N12; U2.N3; U2.R1; U2.R12; U2.R5; U2.R8; U2.U10; U2.U3; U2.U5; U2.U8; U2.W1; U2.W12; U2.W5; U2.W8
ERC-012,error,power_pin_not_driven,/SoC_1/,U1,K13,VDD0P8_DDR_CORE,VDD0P8_DDR_CORE,POWER,"Passive boundary, physical source path present",U21 -> L21 -> VDD0P8_CORE -> R220.1/2 (0 ohm) -> VDD0P8_DDR_CORE. The downstream net has no directly attached power_out pin because the source crosses passive pins.,"A traceable CAD-only supply-source model is legitimate after verifying the upstream path. Keep real inductor/filter pins passive, exclude model-only declarations from fabrication/BOM, and forbid declarations on unproved nets. Sequencing, ripple, current, capacitance and thermal qualification remain separate.",Frozen KiCad master.xml and master-pin-assignments.csv; generate_power.py; module pinmap; TI TPS6282x/TPS62864 datasheets,4f6af85f-3be8-457a-8f31-b657ed94e51b,11,C233.1; C529.1; C530.1; C531.1; C532.1; C533.1; R220.2; U1.K13; U1.L13; U1.M13; U1.N13
ERC-013,error,power_pin_not_driven,/SoC_1/,U1,K15,VAA_DDR,VAA_DDR,POWER,"Passive boundary, physical source path present",U25 -> L25 -> VDD1P8 -> FB204.1/2 -> VAA_DDR. The downstream net has no directly attached power_out pin because the source crosses passive pins.,"A traceable CAD-only supply-source model is legitimate after verifying the upstream path. Keep real inductor/filter pins passive, exclude model-only declarations from fabrication/BOM, and forbid declarations on unproved nets. Sequencing, ripple, current, capacitance and thermal qualification remain separate.",Frozen KiCad master.xml and master-pin-assignments.csv; generate_power.py; module pinmap; TI TPS6282x/TPS62864 datasheets,1c33597f-79a0-415c-b21c-9eccfcdd2045,3,C236.1; FB204.2; U1.K15
ERC-014,warning,global_label_dangling,/SoC_1/,U1,B6,MMC0_STROBE,MMC0_STROBE,SPEC,Unused HS200 input; reset bias unresolved,"MMC0_STROBE has only U1.B6. HS200 does not consume an eMMC data-strobe signal, but the host pad is an input and its pull controls reset disabled. Runtime pull-down is not reset/BootROM proof.","Retain warning until earliest boot/reset pad policy is established. No fabricated connection to H5, arbitrary grounding, or intrinsic-NC type.","K230 PINOUT r28; K230 guide MMC0; Samsung eMMC p5/p23; TRM PDF p963 STBPAD_CNFG; CanMV U-Boot snps_sdhci.c lines96-108,144-150",9b8f5996-9a20-4d21-866d-8668afd159d4,1,U1.B6
ERC-015,error,pin_not_connected,/SoC_2/,U1,C20,DDR_NC,unconnected-(U1E-DDR_NC-PadC20),UNUSED,NC in both LP3 and LP4,Official K230 pinout explicitly identifies this ball as NC in both supported external-DDR modes.,Source-backed no-use classification is supportable. Record exact ball/source and keep it electrically unused; no added wire.,"K230 PINOUT main pin sheet row 70, columns A/C/I; guide Figure3-12",6000aa0b-f8da-4ab5-8c6e-c6f222683059,1,U1.C20
ERC-016,error,pin_not_connected,/SoC_2/,U1,D19,DDR_NC,unconnected-(U1E-DDR_NC-PadD19),UNUSED,NC in both LP3 and LP4,Official K230 pinout explicitly identifies this ball as NC in both supported external-DDR modes.,Source-backed no-use classification is supportable. Record exact ball/source and keep it electrically unused; no added wire.,"K230 PINOUT main pin sheet row 89, columns A/C/I; guide Figure3-12",e94820bf-a1ab-4c7a-b712-6f0121758730,1,U1.D19
ERC-017,error,pin_not_connected,/SoC_2/,U1,D20,DDR_NC,unconnected-(U1E-DDR_NC-PadD20),UNUSED,NC in both LP3 and LP4,Official K230 pinout explicitly identifies this ball as NC in both supported external-DDR modes.,Source-backed no-use classification is supportable. Record exact ball/source and keep it electrically unused; no added wire.,"K230 PINOUT main pin sheet row 90, columns A/C/I; guide Figure3-12",e86133d0-f875-4324-b718-c8722466b332,1,U1.D20
ERC-018,error,pin_not_connected,/SoC_2/,U1,F18,DDR_NC,unconnected-(U1E-DDR_NC-PadF18),UNUSED,NC in both LP3 and LP4,Official K230 pinout explicitly identifies this ball as NC in both supported external-DDR modes.,Source-backed no-use classification is supportable. Record exact ball/source and keep it electrically unused; no added wire.,"K230 PINOUT main pin sheet row 128, columns A/C/I; guide Figure3-12",fdec1bfc-d86a-4991-974a-25cf32f278b3,1,U1.F18
ERC-019,error,pin_not_connected,/SoC_2/,U1,G17,DDR_NC,unconnected-(U1E-DDR_NC-PadG17),UNUSED,NC in both LP3 and LP4,Official K230 pinout explicitly identifies this ball as NC in both supported external-DDR modes.,Source-backed no-use classification is supportable. Record exact ball/source and keep it electrically unused; no added wire.,"K230 PINOUT main pin sheet row 155, columns A/C/I; guide Figure3-12",1f1d23d3-ef45-4bbb-a574-76f00a50eb44,1,U1.G17
ERC-020,error,pin_not_connected,/SoC_2/,U1,H18,DDR_NC,unconnected-(U1E-DDR_NC-PadH18),UNUSED,NC in both LP3 and LP4,Official K230 pinout explicitly identifies this ball as NC in both supported external-DDR modes.,Source-backed no-use classification is supportable. Record exact ball/source and keep it electrically unused; no added wire.,"K230 PINOUT main pin sheet row 196, columns A/C/I; guide Figure3-12",cf2ba8f7-baed-47a2-90c2-34f2abd493b7,1,U1.H18
ERC-021,error,pin_not_connected,/SoC_2/,U1,H19,DDR_NC,unconnected-(U1E-DDR_NC-PadH19),UNUSED,NC in both LP3 and LP4,Official K230 pinout explicitly identifies this ball as NC in both supported external-DDR modes.,Source-backed no-use classification is supportable. Record exact ball/source and keep it electrically unused; no added wire.,"K230 PINOUT main pin sheet row 197, columns A/C/I; guide Figure3-12",a441b06b-2b23-414c-ace6-f2fd4b8fb3df,1,U1.H19
ERC-022,error,pin_not_connected,/SoC_2/,U1,J17,DDR_CKEB1,unconnected-(U1E-DDR_CKEB1-PadJ17),UNUSED,Unused rank1 functional output,This is a real second-rank CS/CKE function. The selected 200-ball Samsung device exposes one CS and CKE for each of channels A/B; rank0 is connected. Official LP4 reference leaves this rank1 endpoint open.,Record single-rank intentional non-use and rank1-disabled DDR configuration. Preserve functional pin type; never replace with intrinsic no_connect type.,K230 PINOUT main pin sheet r239; guide Figure3-12; Samsung LP4 pp10-11; exact 65-net source table,7c7ee9d0-4967-4c0b-8014-baecfac88ad8,1,U1.J17
ERC-023,error,pin_not_connected,/SoC_2/,U1,J19,DDR_CSB1,unconnected-(U1F-DDR_CSB1-PadJ19),UNUSED,Unused rank1 functional output,This is a real second-rank CS/CKE function. The selected 200-ball Samsung device exposes one CS and CKE for each of channels A/B; rank0 is connected. Official LP4 reference leaves this rank1 endpoint open.,Record single-rank intentional non-use and rank1-disabled DDR configuration. Preserve functional pin type; never replace with intrinsic no_connect type.,K230 PINOUT main pin sheet r241; guide Figure3-12; Samsung LP4 pp10-11; exact 65-net source table,e43b8a70-34fa-4eda-8f18-434ec2a69d2f,1,U1.J19
ERC-024,error,pin_not_connected,/SoC_2/,U1,K20,DDR_NC,unconnected-(U1F-DDR_NC-PadK20),UNUSED,LP4-mode unused functional pin,"Official pinout identifies DDR_CA0_NC: active CA/ODT function in LP3, NC in LP4. Current part uses LPDDR4.",A mode-specific intentional-unused annotation is supportable. Preserve reusable functional pin type; do not call this intrinsically unbonded package NC.,"K230 PINOUT main pin sheet row 284, columns A/C/I; guide Figure3-12",79808454-440e-443d-9579-b8cbae1a15b8,1,U1.K20
ERC-025,error,pin_not_connected,/SoC_2/,U1,L17,DDR_NC,unconnected-(U1F-DDR_NC-PadL17),UNUSED,LP4-mode unused functional pin,"Official pinout identifies DDR_CA3_NC: active CA/ODT function in LP3, NC in LP4. Current part uses LPDDR4.",A mode-specific intentional-unused annotation is supportable. Preserve reusable functional pin type; do not call this intrinsically unbonded package NC.,"K230 PINOUT main pin sheet row 325, columns A/C/I; guide Figure3-12",6ee4128c-f321-4616-8921-cff95c466112,1,U1.L17
ERC-026,error,pin_not_connected,/SoC_2/,U1,L18,DDR_NC,unconnected-(U1F-DDR_NC-PadL18),UNUSED,LP4-mode unused functional pin,"Official pinout identifies DDR_ODT_NC: active CA/ODT function in LP3, NC in LP4. Current part uses LPDDR4.",A mode-specific intentional-unused annotation is supportable. Preserve reusable functional pin type; do not call this intrinsically unbonded package NC.,"K230 PINOUT main pin sheet row 326, columns A/C/I; guide Figure3-12",93eebfbc-19e1-4354-9dc7-eeeb850dffef,1,U1.L18
ERC-027,error,pin_not_connected,/SoC_2/,U1,L20,DDR_NC,unconnected-(U1F-DDR_NC-PadL20),UNUSED,LP4-mode unused functional pin,"Official pinout identifies DDR_CA1_NC: active CA/ODT function in LP3, NC in LP4. Current part uses LPDDR4.",A mode-specific intentional-unused annotation is supportable. Preserve reusable functional pin type; do not call this intrinsically unbonded package NC.,"K230 PINOUT main pin sheet row 328, columns A/C/I; guide Figure3-12",c1a1ee4c-8fc5-4f31-b732-6b594b43b4a7,1,U1.L20
ERC-028,error,pin_not_connected,/SoC_2/,U1,M17,DDR_NC,unconnected-(U1F-DDR_NC-PadM17),UNUSED,NC in both LP3 and LP4,Official K230 pinout explicitly identifies this ball as NC in both supported external-DDR modes.,Source-backed no-use classification is supportable. Record exact ball/source and keep it electrically unused; no added wire.,"K230 PINOUT main pin sheet row 365, columns A/C/I; guide Figure3-12",8a611245-6b4f-4cc3-ac89-a11e33567c7e,1,U1.M17
ERC-029,error,pin_not_connected,/SoC_2/,U1,M20,DDR_NA,unconnected-(U1F-DDR_NA-PadM20),UNUSED,LP4-mode unused functional pin,"Official pinout identifies DDR_CA2_NC: active CA/ODT function in LP3, NC in LP4. Current part uses LPDDR4.",A mode-specific intentional-unused annotation is supportable. Preserve reusable functional pin type; do not call this intrinsically unbonded package NC.,"K230 PINOUT main pin sheet row 368, columns A/C/I; guide Figure3-12",883d5989-3209-4280-b8ee-6274acd161ab,1,U1.M20
ERC-030,error,pin_not_connected,/SoC_2/,U1,N18,DDR_NC,unconnected-(U1F-DDR_NC-PadN18),UNUSED,NC in both LP3 and LP4,Official K230 pinout explicitly identifies this ball as NC in both supported external-DDR modes.,Source-backed no-use classification is supportable. Record exact ball/source and keep it electrically unused; no added wire.,"K230 PINOUT main pin sheet row 398, columns A/C/I; guide Figure3-12",c60d7bd1-77ba-4908-bfaa-9c4046376dea,1,U1.N18
ERC-031,error,pin_not_connected,/SoC_2/,U1,P18,DDR_CKEA1,unconnected-(U1F-DDR_CKEA1-PadP18),UNUSED,Unused rank1 functional output,This is a real second-rank CS/CKE function. The selected 200-ball Samsung device exposes one CS and CKE for each of channels A/B; rank0 is connected. Official LP4 reference leaves this rank1 endpoint open.,Record single-rank intentional non-use and rank1-disabled DDR configuration. Preserve functional pin type; never replace with intrinsic no_connect type.,K230 PINOUT main pin sheet r438; guide Figure3-12; Samsung LP4 pp10-11; exact 65-net source table,a2b42d1b-69d9-4e98-a711-4074cff7e63f,1,U1.P18
ERC-032,error,pin_not_connected,/SoC_2/,U1,T19,DDR_CSA1,unconnected-(U1F-DDR_CSA1-PadT19),UNUSED,Unused rank1 functional output,This is a real second-rank CS/CKE function. The selected 200-ball Samsung device exposes one CS and CKE for each of channels A/B; rank0 is connected. Official LP4 reference leaves this rank1 endpoint open.,Record single-rank intentional non-use and rank1-disabled DDR configuration. Preserve functional pin type; never replace with intrinsic no_connect type.,K230 PINOUT main pin sheet r499; guide Figure3-12; Samsung LP4 pp10-11; exact 65-net source table,07e45a71-efbe-4eed-b862-34efe94ff7ee,1,U1.T19
ERC-033,error,power_pin_not_driven,/SoC_2/,U1,N6,AVDD0P8_MIPI,AVDD0P8_MIPI,POWER,"Passive boundary, physical source path present",U21 -> L21 -> VDD0P8_CORE -> FB203.1/2 -> AVDD0P8_MIPI. The downstream net has no directly attached power_out pin because the source crosses passive pins.,"A traceable CAD-only supply-source model is legitimate after verifying the upstream path. Keep real inductor/filter pins passive, exclude model-only declarations from fabrication/BOM, and forbid declarations on unproved nets. Sequencing, ripple, current, capacitance and thermal qualification remain separate.",Frozen KiCad master.xml and master-pin-assignments.csv; generate_power.py; module pinmap; TI TPS6282x/TPS62864 datasheets,801279b7-1915-4b9c-8525-98ccc624843b,4,C235.1; FB203.2; U1.N6; U1.R8
ERC-034,error,power_pin_not_driven,/SoC_2/,U1,N7,AVDD1P8_MIPI,AVDD1P8_MIPI,POWER,"Passive boundary, physical source path present",U25 -> L25 -> VDD1P8 -> FB207.1/2 -> AVDD1P8_MIPI. The downstream net has no directly attached power_out pin because the source crosses passive pins.,"A traceable CAD-only supply-source model is legitimate after verifying the upstream path. Keep real inductor/filter pins passive, exclude model-only declarations from fabrication/BOM, and forbid declarations on unproved nets. Sequencing, ripple, current, capacitance and thermal qualification remain separate.",Frozen KiCad master.xml and master-pin-assignments.csv; generate_power.py; module pinmap; TI TPS6282x/TPS62864 datasheets,1a63bf17-8f76-4624-9cf5-1a9c96334810,4,C240.1; FB207.2; U1.N7; U1.R9
ERC-035,error,pin_not_connected,/SoC_3/,U1,B11,GPIO70/OUT0,unconnected-(U1I-GPIO70/OUT0-PadB11),SPEC,PMU startup/isolation policy unresolved,"OUT0 is a PMU output with default pull-down. TRM p1169 makes PAD64 long-press or PAD68 high the cold-start source, followed by PAD70/PAD71 outputs and timed Normal-to-PMU isolation removal. Current open inputs provide no trigger; private PMU-GPIO I2C access cannot be assumed operational.","Keep unresolved until an explicit PMU startup or independently justified bypass/isolation strategy is selected and proved. Verify private regulator-control GPIO access, reset, wake and power-off paths. Do not apply blanket unused flags or arbitrary bias changes.",K230 PINOUT main pin sheet r33; default-state sheet r72; TRM PDF p1169 section14.3 and PMU_NORMAL_TIMER_VAL p1180; K230 guide PMU,62e1312b-e902-4466-83d1-a7be2263b1cc,1,U1.B11
ERC-036,error,pin_not_connected,/SoC_3/,U1,C10,GPIO64/INT0,unconnected-(U1I-GPIO64/INT0-PadC10),SPEC,PMU startup/isolation policy unresolved,"INT0 is a PMU input with default pull-down. TRM p1169 makes PAD64 long-press or PAD68 high the cold-start source, followed by PAD70/PAD71 outputs and timed Normal-to-PMU isolation removal. Current open inputs provide no trigger; private PMU-GPIO I2C access cannot be assumed operational.","Keep unresolved until an explicit PMU startup or independently justified bypass/isolation strategy is selected and proved. Verify private regulator-control GPIO access, reset, wake and power-off paths. Do not apply blanket unused flags or arbitrary bias changes.",K230 PINOUT main pin sheet r60; default-state sheet r66; TRM PDF p1169 section14.3 and PMU_NORMAL_TIMER_VAL p1180; K230 guide PMU,abe802e9-2e4b-424d-b0cd-eda2604eb3a9,1,U1.C10
ERC-037,error,pin_not_connected,/SoC_3/,U1,C11,GPIO71/OUT1,unconnected-(U1I-GPIO71/OUT1-PadC11),SPEC,PMU startup/isolation policy unresolved,"OUT1 is a PMU output with default pull-down. TRM p1169 makes PAD64 long-press or PAD68 high the cold-start source, followed by PAD70/PAD71 outputs and timed Normal-to-PMU isolation removal. Current open inputs provide no trigger; private PMU-GPIO I2C access cannot be assumed operational.","Keep unresolved until an explicit PMU startup or independently justified bypass/isolation strategy is selected and proved. Verify private regulator-control GPIO access, reset, wake and power-off paths. Do not apply blanket unused flags or arbitrary bias changes.",K230 PINOUT main pin sheet r61; default-state sheet r73; TRM PDF p1169 section14.3 and PMU_NORMAL_TIMER_VAL p1180; K230 guide PMU,51c5b248-807e-46cd-b4bf-162c4fd0e5ce,1,U1.C11
ERC-038,error,pin_not_connected,/SoC_3/,U1,C12,GPIO68/INT4,unconnected-(U1I-GPIO68/INT4-PadC12),SPEC,PMU startup/isolation policy unresolved,"INT4 is a PMU input with default pull-down. TRM p1169 makes PAD64 long-press or PAD68 high the cold-start source, followed by PAD70/PAD71 outputs and timed Normal-to-PMU isolation removal. Current open inputs provide no trigger; private PMU-GPIO I2C access cannot be assumed operational.","Keep unresolved until an explicit PMU startup or independently justified bypass/isolation strategy is selected and proved. Verify private regulator-control GPIO access, reset, wake and power-off paths. Do not apply blanket unused flags or arbitrary bias changes.",K230 PINOUT main pin sheet r62; default-state sheet r70; TRM PDF p1169 section14.3 and PMU_NORMAL_TIMER_VAL p1180; K230 guide PMU,5e89d36e-a25b-481e-928b-6d62c24e0af3,1,U1.C12
ERC-039,error,power_pin_not_driven,/SoC_3/,U1,H6,VDDIO_BANK3,BANK3_VDDIO,SPEC,Carrier-supplied bank domain contract,"U1 is connected to J1.123 on distinct BANK3_VDDIO, plus allocated decoupling. No internal feed exists. Carrier evidence ties these pads to its 3.3 V network, but original module internal direction/conditioning, backfeed and startup sequencing are not fully proved.","Resolve module/carrier supply ownership, permitted bank voltage and sequencing before adding any internal rail tie. Preserve six distinct banks; do not force all to 3.3 V just to silence ERC.",master.xml; carrier-power-evidence.csv/json; K230 guide IO/power-up sequence; module-to-soc candidate contract,96da6e4a-8776-486f-954a-faaa7366e693,3,C573.1; J1.123; U1.H6
ERC-040,error,power_pin_not_driven,/SoC_3/,U1,K7,VDDIO_BANK1,BANK1_VDDIO,SPEC,Carrier-supplied bank domain contract,"U1 is connected to J1.136 on distinct BANK1_VDDIO, plus allocated decoupling. No internal feed exists. Carrier evidence ties these pads to its 3.3 V network, but original module internal direction/conditioning, backfeed and startup sequencing are not fully proved.","Resolve module/carrier supply ownership, permitted bank voltage and sequencing before adding any internal rail tie. Preserve six distinct banks; do not force all to 3.3 V just to silence ERC.",master.xml; carrier-power-evidence.csv/json; K230 guide IO/power-up sequence; module-to-soc candidate contract,4d0b3d4b-611c-4703-b3be-6a34a3af8853,3,C571.1; J1.136; U1.K7
ERC-041,error,power_pin_not_driven,/SoC_3/,U1,M7,VDDIO_BANK4,BANK4_VDDIO,SPEC,Carrier-supplied bank domain contract,"U1 is connected to J1.23 on distinct BANK4_VDDIO, plus allocated decoupling. No internal feed exists. Carrier evidence ties these pads to its 3.3 V network, but original module internal direction/conditioning, backfeed and startup sequencing are not fully proved.","Resolve module/carrier supply ownership, permitted bank voltage and sequencing before adding any internal rail tie. Preserve six distinct banks; do not force all to 3.3 V just to silence ERC.",master.xml; carrier-power-evidence.csv/json; K230 guide IO/power-up sequence; module-to-soc candidate contract,cead4875-2d22-4892-8cbf-bd585d607c5a,3,C574.1; J1.23; U1.M7
ERC-042,error,power_pin_not_driven,/SoC_3/,U1,R11,VDDIO_BANK2,BANK2_VDDIO,SPEC,Carrier-supplied bank domain contract,"U1 is connected to J1.90 on distinct BANK2_VDDIO, plus allocated decoupling. No internal feed exists. Carrier evidence ties these pads to its 3.3 V network, but original module internal direction/conditioning, backfeed and startup sequencing are not fully proved.","Resolve module/carrier supply ownership, permitted bank voltage and sequencing before adding any internal rail tie. Preserve six distinct banks; do not force all to 3.3 V just to silence ERC.",master.xml; carrier-power-evidence.csv/json; K230 guide IO/power-up sequence; module-to-soc candidate contract,01bf2fd4-7731-4c63-bf75-c73f0decd910,3,C572.1; J1.90; U1.R11
ERC-043,error,pin_not_connected,/SoC_3/,U1,D8,ANA_TS_VTEST,unconnected-(U1J-ANA_TS_VTEST-PadD8),UNUSED,Unused analog output; reference-level evidence,"D8 is the temperature-sensor reference-voltage output, not an analog input. Both inspected board references leave it unconnected. No blanket unused-analog floating rule was found.","Leave open with ERC error until reviewer accepts unused-output disposition. If accepted, document this particular output and retain output/functional type; do not ground or mark intrinsic NC.",K230 PINOUT main sheet r78; TRM section2.10.6; Canaan reference p1 (visually checked D8 endpoint); 01studio reference p1,788d4590-af26-4e86-9d09-d4089e4d465e,1,U1.D8
ERC-044,error,power_pin_not_driven,/SoC_3/,U1,F7,AVDD1P8_CODEC,AVDD1P8_CODEC,POWER,"Passive boundary, physical source path present",U25 -> L25 -> VDD1P8 -> FB209.1/2 -> AVDD1P8_CODEC. The downstream net has no directly attached power_out pin because the source crosses passive pins.,"A traceable CAD-only supply-source model is legitimate after verifying the upstream path. Keep real inductor/filter pins passive, exclude model-only declarations from fabrication/BOM, and forbid declarations on unproved nets. Sequencing, ripple, current, capacitance and thermal qualification remain separate.",Frozen KiCad master.xml and master-pin-assignments.csv; generate_power.py; module pinmap; TI TPS6282x/TPS62864 datasheets,f799890c-a26c-4a45-8a81-dfd622fc777e,3,C242.1; FB209.2; U1.F7
ERC-045,error,power_pin_not_driven,/SoC_3/,U1,F8,AVDD1P8_ADC,AVDD1P8_ADC,POWER,"Passive boundary, physical source path present",U25 -> L25 -> VDD1P8 -> FB208.1/2 -> AVDD1P8_ADC. The downstream net has no directly attached power_out pin because the source crosses passive pins.,"A traceable CAD-only supply-source model is legitimate after verifying the upstream path. Keep real inductor/filter pins passive, exclude model-only declarations from fabrication/BOM, and forbid declarations on unproved nets. Sequencing, ripple, current, capacitance and thermal qualification remain separate.",Frozen KiCad master.xml and master-pin-assignments.csv; generate_power.py; module pinmap; TI TPS6282x/TPS62864 datasheets,61a4cccd-0070-49a3-b6cb-e6cc5456f583,3,C241.1; FB208.2; U1.F8
ERC-046,error,power_pin_not_driven,/SoC_3/,U1,R13,VDDIO_BANK0,BANK0_VDDIO,SPEC,Carrier-supplied bank domain contract,"U1 is connected to J1.107 on distinct BANK0_VDDIO, plus allocated decoupling. No internal feed exists. Carrier evidence ties these pads to its 3.3 V network, but original module internal direction/conditioning, backfeed and startup sequencing are not fully proved.","Resolve module/carrier supply ownership, permitted bank voltage and sequencing before adding any internal rail tie. Preserve six distinct banks; do not force all to 3.3 V just to silence ERC.",master.xml; carrier-power-evidence.csv/json; K230 guide IO/power-up sequence; module-to-soc candidate contract,de587386-6105-40e1-a7a4-dc5924b401da,3,C570.1; J1.107; U1.R13
ERC-047,error,power_pin_not_driven,/SoC_3/,U1,R15,VDDIO_BANK5,BANK5_VDDIO,SPEC,Carrier-supplied bank domain contract,"U1 is connected to J1.103 on distinct BANK5_VDDIO, plus allocated decoupling. No internal feed exists. Carrier evidence ties these pads to its 3.3 V network, but original module internal direction/conditioning, backfeed and startup sequencing are not fully proved.","Resolve module/carrier supply ownership, permitted bank voltage and sequencing before adding any internal rail tie. Preserve six distinct banks; do not force all to 3.3 V just to silence ERC.",master.xml; carrier-power-evidence.csv/json; K230 guide IO/power-up sequence; module-to-soc candidate contract,fb869ed4-7dfc-4f10-9869-75799fefcc51,3,C575.1; J1.103; U1.R15
ERC-048,error,power_pin_not_driven,/eMMC_1/,U3,C6,VDD,VEMMC_IO,REAL,Actual missing eMMC I/O supply source,"Corrected VDD/VCCQ balls C6/M4/N4/P3/P5 and reset pull-up R34.2 are the entire net. No rail source, switch, link or regulator output is connected.",Complete the VCCQ feed only after cold-mode/first-drive voltage policy is proved. The selected HS200 mode requires 1.8 V VCCQ; do not simply connect 3.3 V or a power flag. Retain the separate fixed 3.3 V flash supply.,Samsung eMMC pp4-5; corrected v5 master.xml; storage cold-mode/voltage review,b1f755fe-a565-4dd0-8b53-2d0b4c2ac8f6,6,R34.2; U3.C6; U3.M4; U3.N4; U3.P3; U3.P5
ERC-049,error,pin_not_connected,/eMMC_1/,U3,H5,Data_Strobe,unconnected-(U3C-Data_Strobe-PadH5),UNUSED,Unused HS400 functional output in HS200 design,"Exact Samsung datasheet assigns Data Strobe to device-generated HS400 read/CRC timing. The chosen host mode is HS200, so no external H5 strobe route is required.","Document HS200-only scope, make H5 an intentionally unused output if approved, preserve its functional pin identity, and prohibit HS400 firmware. Do not route it around the isolation selector.",Samsung eMMC p5 and p23; K230 guide MMC0 capabilities,ce7c20d9-22c6-4cd3-aa02-64aafe8cb8e6,1,U3.H5
ERC-050,error,power_pin_not_driven,/eMMC_1/,U3,E6,VDDF,VDD_3V3,POWER,"Passive boundary, physical source path present",U26.5 SW_3V3 -> L26.1/2 -> VDD_3V3. The downstream net has no directly attached power_out pin because the source crosses passive pins.,"A traceable CAD-only supply-source model is legitimate after verifying the upstream path. Keep real inductor/filter pins passive, exclude model-only declarations from fabrication/BOM, and forbid declarations on unproved nets. Sequencing, ripple, current, capacitance and thermal qualification remain separate.",Frozen KiCad master.xml and master-pin-assignments.csv; generate_power.py; module pinmap; TI TPS6282x/TPS62864 datasheets,e5d1beaf-69d4-4ca7-bc71-4ceebd131032,22,C228.1; C229.1; C31.1; C32.1; C33.1; C34.1; FB210.1; J1.7; JP1.2; L26.2; R213.1; R221.1; R32.2; R33.2; U11.14; U12.14; U13.14; U14.5; U3.E6; U3.F5; U3.J10; U3.K9
ERC-051,error,power_pin_not_driven,/Six_Rail_Power/,U21,6,VIN,VIN_5V,POWER,Passive external supply/return contract,"J1.4/5/6 passive external 5 V input contract. Supply enters from the carrier; J1 is a logical module-edge contract with passive electrical types, not an on-board regulator.",Maintain explicit external input/return contract and qualify voltage/current/protection. Do not call this a missing internal supply wire or add a fabricated on-board source.,Frozen KiCad master.xml and master-pin-assignments.csv; generate_power.py; module pinmap; TI TPS6282x/TPS62864 datasheets,e985cfff-7238-4661-b184-0642b4beb604,35,C203.1; C204.1; C205.1; C209.1; C210.1; C211.1; C215.1; C216.1; C217.1; C220.1; C221.1; C222.1; C225.1; C226.1; C227.1; C230.1; C231.1; C232.1; J1.4; J1.5; J1.6; R203.2; R204.2; R67.1; R68.1; U21.6; U22.D1; U22.D2; U22.D3; U23.D1; U23.D2; U23.D3; U24.6; U25.6; U26.6
