reference,net,guide_budget_mA,supply_min_V,lower_budget_before_bead_mV,post_test_70mOhm_drop_mV,remaining_lower_budget_mV,subtotal_only
FB202,AVDD0P8_PLL,120,0.72,68.299,8.4,59.899,False
FB203,AVDD0P8_MIPI,100,0.744,44.299,7.0,37.299,False
FB204,VAA_DDR,10,1.674,90.477,0.7,89.777,False
FB205,AVDD1P8_USB,60,1.674,90.477,4.2,86.277,False
FB206,AVDD1P8_PMU,20,1.674,90.477,1.4,89.077,True
FB207,AVDD1P8_MIPI,30,1.674,90.477,2.1,88.377,False
FB208,AVDD1P8_ADC,10,1.62,144.477,0.7,143.777,False
FB209,AVDD1P8_CODEC,100,1.62,144.477,7.0,137.477,False
FB210,AVDD3P3_USB,50,3.07,175.13,3.5,171.63,False
