reference,ball,function,category,native_net,master_assignment_net,independent_open_land,pin_type,local_x_mm,local_y_mm,source_status
U3,A1,NC,NC,unconnected-(U3A-NC-PadA1),,True,no_connect,-3.25,-3.25,MANUFACTURER_NC_DNU_MUST_REMAIN_OPEN
U3,A2,NC,NC,unconnected-(U3A-NC-PadA2),,True,no_connect,-2.75,-3.25,MANUFACTURER_NC_DNU_MUST_REMAIN_OPEN
U3,A3,DAT0,signal,EMMC_DAT0,EMMC_DAT0,False,bidirectional,-2.25,-3.25,153-ball grid verified; NC/RFU no-use flagged; VDDI analog stabilization only; reference caps unqualified; HS400 strobe unused
U3,A4,DAT1,signal,EMMC_DAT1,EMMC_DAT1,False,bidirectional,-1.75,-3.25,153-ball grid verified; NC/RFU no-use flagged; VDDI analog stabilization only; reference caps unqualified; HS400 strobe unused
U3,A5,DAT2,signal,EMMC_DAT2,EMMC_DAT2,False,bidirectional,-1.25,-3.25,153-ball grid verified; NC/RFU no-use flagged; VDDI analog stabilization only; reference caps unqualified; HS400 strobe unused
U3,A6,VSS,ground,GND,GND,False,power_in,-0.75,-3.25,153-ball grid verified; NC/RFU no-use flagged; VDDI analog stabilization only; reference caps unqualified; HS400 strobe unused
U3,A7,RFU,RFU,unconnected-(U3A-RFU-PadA7),,True,no_connect,-0.25,-3.25,MANUFACTURER_RFU_NO_USE_MUST_REMAIN_OPEN
U3,A8,NC,NC,unconnected-(U3A-NC-PadA8),,True,no_connect,0.25,-3.25,MANUFACTURER_NC_DNU_MUST_REMAIN_OPEN
U3,A9,NC,NC,unconnected-(U3A-NC-PadA9),,True,no_connect,0.75,-3.25,MANUFACTURER_NC_DNU_MUST_REMAIN_OPEN
U3,A10,NC,NC,unconnected-(U3A-NC-PadA10),,True,no_connect,1.25,-3.25,MANUFACTURER_NC_DNU_MUST_REMAIN_OPEN
U3,A11,NC,NC,unconnected-(U3A-NC-PadA11),,True,no_connect,1.75,-3.25,MANUFACTURER_NC_DNU_MUST_REMAIN_OPEN
U3,A12,NC,NC,unconnected-(U3A-NC-PadA12),,True,no_connect,2.25,-3.25,MANUFACTURER_NC_DNU_MUST_REMAIN_OPEN
U3,A13,NC,NC,unconnected-(U3A-NC-PadA13),,True,no_connect,2.75,-3.25,MANUFACTURER_NC_DNU_MUST_REMAIN_OPEN
U3,A14,NC,NC,unconnected-(U3A-NC-PadA14),,True,no_connect,3.25,-3.25,MANUFACTURER_NC_DNU_MUST_REMAIN_OPEN
U3,B1,NC,NC,unconnected-(U3A-NC-PadB1),,True,no_connect,-3.25,-2.75,MANUFACTURER_NC_DNU_MUST_REMAIN_OPEN
U3,B2,DAT3,signal,EMMC_DAT3,EMMC_DAT3,False,bidirectional,-2.75,-2.75,153-ball grid verified; NC/RFU no-use flagged; VDDI analog stabilization only; reference caps unqualified; HS400 strobe unused
U3,B3,DAT4,signal,EMMC_DAT4,EMMC_DAT4,False,bidirectional,-2.25,-2.75,153-ball grid verified; NC/RFU no-use flagged; VDDI analog stabilization only; reference caps unqualified; HS400 strobe unused
U3,B4,DAT5,signal,EMMC_DAT5,EMMC_DAT5,False,bidirectional,-1.75,-2.75,153-ball grid verified; NC/RFU no-use flagged; VDDI analog stabilization only; reference caps unqualified; HS400 strobe unused
U3,B5,DAT6,signal,EMMC_DAT6,EMMC_DAT6,False,bidirectional,-1.25,-2.75,153-ball grid verified; NC/RFU no-use flagged; VDDI analog stabilization only; reference caps unqualified; HS400 strobe unused
U3,B6,DAT7,signal,EMMC_DAT7,EMMC_DAT7,False,bidirectional,-0.75,-2.75,153-ball grid verified; NC/RFU no-use flagged; VDDI analog stabilization only; reference caps unqualified; HS400 strobe unused
U3,B7,NC,NC,unconnected-(U3A-NC-PadB7),,True,no_connect,-0.25,-2.75,MANUFACTURER_NC_DNU_MUST_REMAIN_OPEN
U3,B8,NC,NC,unconnected-(U3A-NC-PadB8),,True,no_connect,0.25,-2.75,MANUFACTURER_NC_DNU_MUST_REMAIN_OPEN
U3,B9,NC,NC,unconnected-(U3A-NC-PadB9),,True,no_connect,0.75,-2.75,MANUFACTURER_NC_DNU_MUST_REMAIN_OPEN
U3,B10,NC,NC,unconnected-(U3A-NC-PadB10),,True,no_connect,1.25,-2.75,MANUFACTURER_NC_DNU_MUST_REMAIN_OPEN
U3,B11,NC,NC,unconnected-(U3A-NC-PadB11),,True,no_connect,1.75,-2.75,MANUFACTURER_NC_DNU_MUST_REMAIN_OPEN
U3,B12,NC,NC,unconnected-(U3A-NC-PadB12),,True,no_connect,2.25,-2.75,MANUFACTURER_NC_DNU_MUST_REMAIN_OPEN
U3,B13,NC,NC,unconnected-(U3A-NC-PadB13),,True,no_connect,2.75,-2.75,MANUFACTURER_NC_DNU_MUST_REMAIN_OPEN
U3,B14,NC,NC,unconnected-(U3A-NC-PadB14),,True,no_connect,3.25,-2.75,MANUFACTURER_NC_DNU_MUST_REMAIN_OPEN
U3,C1,NC,NC,unconnected-(U3A-NC-PadC1),,True,no_connect,-3.25,-2.25,MANUFACTURER_NC_DNU_MUST_REMAIN_OPEN
U3,C2,VDDIM,internal_regulator,EMMC_VDDIM,EMMC_VDDIM,False,output,-2.75,-2.25,153-ball grid verified; NC/RFU no-use flagged; VDDI analog stabilization only; reference caps unqualified; HS400 strobe unused
U3,C3,NC,NC,unconnected-(U3A-NC-PadC3),,True,no_connect,-2.25,-2.25,MANUFACTURER_NC_DNU_MUST_REMAIN_OPEN
U3,C4,VSSQ,ground,GND,GND,False,power_in,-1.75,-2.25,153-ball grid verified; NC/RFU no-use flagged; VDDI analog stabilization only; reference caps unqualified; HS400 strobe unused
U3,C5,NC,NC,unconnected-(U3A-NC-PadC5),,True,no_connect,-1.25,-2.25,MANUFACTURER_NC_DNU_MUST_REMAIN_OPEN
U3,C6,VCCQ,power,VEMMC_IO,VEMMC_IO,False,power_in,-0.75,-2.25,153-ball grid verified; NC/RFU no-use flagged; VDDI analog stabilization only; reference caps unqualified; HS400 strobe unused
U3,C7,NC,NC,unconnected-(U3A-NC-PadC7),,True,no_connect,-0.25,-2.25,MANUFACTURER_NC_DNU_MUST_REMAIN_OPEN
U3,C8,NC,NC,unconnected-(U3A-NC-PadC8),,True,no_connect,0.25,-2.25,MANUFACTURER_NC_DNU_MUST_REMAIN_OPEN
U3,C9,NC,NC,unconnected-(U3A-NC-PadC9),,True,no_connect,0.75,-2.25,MANUFACTURER_NC_DNU_MUST_REMAIN_OPEN
U3,C10,NC,NC,unconnected-(U3A-NC-PadC10),,True,no_connect,1.25,-2.25,MANUFACTURER_NC_DNU_MUST_REMAIN_OPEN
U3,C11,NC,NC,unconnected-(U3A-NC-PadC11),,True,no_connect,1.75,-2.25,MANUFACTURER_NC_DNU_MUST_REMAIN_OPEN
U3,C12,NC,NC,unconnected-(U3A-NC-PadC12),,True,no_connect,2.25,-2.25,MANUFACTURER_NC_DNU_MUST_REMAIN_OPEN
U3,C13,NC,NC,unconnected-(U3B-NC-PadC13),,True,no_connect,2.75,-2.25,MANUFACTURER_NC_DNU_MUST_REMAIN_OPEN
U3,C14,NC,NC,unconnected-(U3B-NC-PadC14),,True,no_connect,3.25,-2.25,MANUFACTURER_NC_DNU_MUST_REMAIN_OPEN
U3,D1,NC,NC,unconnected-(U3B-NC-PadD1),,True,no_connect,-3.25,-1.75,MANUFACTURER_NC_DNU_MUST_REMAIN_OPEN
U3,D2,NC,NC,unconnected-(U3B-NC-PadD2),,True,no_connect,-2.75,-1.75,MANUFACTURER_NC_DNU_MUST_REMAIN_OPEN
U3,D3,NC,NC,unconnected-(U3B-NC-PadD3),,True,no_connect,-2.25,-1.75,MANUFACTURER_NC_DNU_MUST_REMAIN_OPEN
U3,D4,NC,NC,unconnected-(U3B-NC-PadD4),,True,no_connect,-1.75,-1.75,MANUFACTURER_NC_DNU_MUST_REMAIN_OPEN
U3,D12,NC,NC,unconnected-(U3B-NC-PadD12),,True,no_connect,2.25,-1.75,MANUFACTURER_NC_DNU_MUST_REMAIN_OPEN
U3,D13,NC,NC,unconnected-(U3B-NC-PadD13),,True,no_connect,2.75,-1.75,MANUFACTURER_NC_DNU_MUST_REMAIN_OPEN
U3,D14,NC,NC,unconnected-(U3B-NC-PadD14),,True,no_connect,3.25,-1.75,MANUFACTURER_NC_DNU_MUST_REMAIN_OPEN
U3,E1,NC,NC,unconnected-(U3B-NC-PadE1),,True,no_connect,-3.25,-1.25,MANUFACTURER_NC_DNU_MUST_REMAIN_OPEN
U3,E2,NC,NC,unconnected-(U3B-NC-PadE2),,True,no_connect,-2.75,-1.25,MANUFACTURER_NC_DNU_MUST_REMAIN_OPEN
U3,E3,NC,NC,unconnected-(U3B-NC-PadE3),,True,no_connect,-2.25,-1.25,MANUFACTURER_NC_DNU_MUST_REMAIN_OPEN
U3,E5,RFU,RFU,unconnected-(U3B-RFU-PadE5),,True,no_connect,-1.25,-1.25,MANUFACTURER_RFU_NO_USE_MUST_REMAIN_OPEN
U3,E6,VCC,power,VDD_3V3,VDD_3V3,False,power_in,-0.75,-1.25,153-ball grid verified; NC/RFU no-use flagged; VDDI analog stabilization only; reference caps unqualified; HS400 strobe unused
U3,E7,VSS,ground,GND,GND,False,power_in,-0.25,-1.25,153-ball grid verified; NC/RFU no-use flagged; VDDI analog stabilization only; reference caps unqualified; HS400 strobe unused
U3,E8,VSF1,vendor_specific,unconnected-(U3B-VSF1-PadE8),,True,bidirectional+no_connect,0.25,-1.25,MICRON_VENDOR_FUNCTION_INTENTIONALLY_UNUSED_NOT_NC
U3,E9,VSF2,vendor_specific,unconnected-(U3B-VSF2-PadE9),,True,bidirectional+no_connect,0.75,-1.25,MICRON_VENDOR_FUNCTION_INTENTIONALLY_UNUSED_NOT_NC
U3,E10,VSF3,vendor_specific,unconnected-(U3B-VSF3-PadE10),,True,bidirectional+no_connect,1.25,-1.25,MICRON_VENDOR_FUNCTION_INTENTIONALLY_UNUSED_NOT_NC
U3,E12,NC,NC,unconnected-(U3B-NC-PadE12),,True,no_connect,2.25,-1.25,MANUFACTURER_NC_DNU_MUST_REMAIN_OPEN
U3,E13,NC,NC,unconnected-(U3B-NC-PadE13),,True,no_connect,2.75,-1.25,MANUFACTURER_NC_DNU_MUST_REMAIN_OPEN
U3,E14,NC,NC,unconnected-(U3B-NC-PadE14),,True,no_connect,3.25,-1.25,MANUFACTURER_NC_DNU_MUST_REMAIN_OPEN
U3,F1,NC,NC,unconnected-(U3B-NC-PadF1),,True,no_connect,-3.25,-0.75,MANUFACTURER_NC_DNU_MUST_REMAIN_OPEN
U3,F2,NC,NC,unconnected-(U3B-NC-PadF2),,True,no_connect,-2.75,-0.75,MANUFACTURER_NC_DNU_MUST_REMAIN_OPEN
U3,F3,NC,NC,unconnected-(U3B-NC-PadF3),,True,no_connect,-2.25,-0.75,MANUFACTURER_NC_DNU_MUST_REMAIN_OPEN
U3,F5,VCC,power,VDD_3V3,VDD_3V3,False,power_in,-1.25,-0.75,153-ball grid verified; NC/RFU no-use flagged; VDDI analog stabilization only; reference caps unqualified; HS400 strobe unused
U3,F10,VSF4,vendor_specific,unconnected-(U3B-VSF4-PadF10),,True,bidirectional+no_connect,1.25,-0.75,MICRON_VENDOR_FUNCTION_INTENTIONALLY_UNUSED_NOT_NC
U3,F12,NC,NC,unconnected-(U3B-NC-PadF12),,True,no_connect,2.25,-0.75,MANUFACTURER_NC_DNU_MUST_REMAIN_OPEN
U3,F13,NC,NC,unconnected-(U3B-NC-PadF13),,True,no_connect,2.75,-0.75,MANUFACTURER_NC_DNU_MUST_REMAIN_OPEN
U3,F14,NC,NC,unconnected-(U3B-NC-PadF14),,True,no_connect,3.25,-0.75,MANUFACTURER_NC_DNU_MUST_REMAIN_OPEN
U3,G1,NC,NC,unconnected-(U3B-NC-PadG1),,True,no_connect,-3.25,-0.25,MANUFACTURER_NC_DNU_MUST_REMAIN_OPEN
U3,G2,NC,NC,unconnected-(U3B-NC-PadG2),,True,no_connect,-2.75,-0.25,MANUFACTURER_NC_DNU_MUST_REMAIN_OPEN
U3,G3,NC,NC,unconnected-(U3B-NC-PadG3),,True,no_connect,-2.25,-0.25,MANUFACTURER_NC_DNU_MUST_REMAIN_OPEN
U3,G5,VSS,ground,GND,GND,False,power_in,-1.25,-0.25,153-ball grid verified; NC/RFU no-use flagged; VDDI analog stabilization only; reference caps unqualified; HS400 strobe unused
U3,G10,VSF5,vendor_specific,unconnected-(U3B-VSF5-PadG10),,True,bidirectional+no_connect,1.25,-0.25,MICRON_VENDOR_FUNCTION_INTENTIONALLY_UNUSED_NOT_NC
U3,G12,NC,NC,unconnected-(U3B-NC-PadG12),,True,no_connect,2.25,-0.25,MANUFACTURER_NC_DNU_MUST_REMAIN_OPEN
U3,G13,NC,NC,unconnected-(U3B-NC-PadG13),,True,no_connect,2.75,-0.25,MANUFACTURER_NC_DNU_MUST_REMAIN_OPEN
U3,G14,NC,NC,unconnected-(U3B-NC-PadG14),,True,no_connect,3.25,-0.25,MANUFACTURER_NC_DNU_MUST_REMAIN_OPEN
U3,H1,NC,NC,unconnected-(U3B-NC-PadH1),,True,no_connect,-3.25,0.25,MANUFACTURER_NC_DNU_MUST_REMAIN_OPEN
U3,H2,NC,NC,unconnected-(U3B-NC-PadH2),,True,no_connect,-2.75,0.25,MANUFACTURER_NC_DNU_MUST_REMAIN_OPEN
U3,H3,NC,NC,unconnected-(U3B-NC-PadH3),,True,no_connect,-2.25,0.25,MANUFACTURER_NC_DNU_MUST_REMAIN_OPEN
U3,H5,DS,signal,EMMC_DS_UNUSED,EMMC_DS_UNUSED,False,output,-1.25,0.25,153-ball grid verified; NC/RFU no-use flagged; VDDI analog stabilization only; reference caps unqualified; HS400 strobe unused
U3,H10,VSS,ground,GND,GND,False,power_in,1.25,0.25,153-ball grid verified; NC/RFU no-use flagged; VDDI analog stabilization only; reference caps unqualified; HS400 strobe unused
U3,H12,NC,NC,unconnected-(U3C-NC-PadH12),,True,no_connect,2.25,0.25,MANUFACTURER_NC_DNU_MUST_REMAIN_OPEN
U3,H13,NC,NC,unconnected-(U3C-NC-PadH13),,True,no_connect,2.75,0.25,MANUFACTURER_NC_DNU_MUST_REMAIN_OPEN
U3,H14,NC,NC,unconnected-(U3C-NC-PadH14),,True,no_connect,3.25,0.25,MANUFACTURER_NC_DNU_MUST_REMAIN_OPEN
U3,J1,NC,NC,unconnected-(U3C-NC-PadJ1),,True,no_connect,-3.25,0.75,MANUFACTURER_NC_DNU_MUST_REMAIN_OPEN
U3,J2,NC,NC,unconnected-(U3C-NC-PadJ2),,True,no_connect,-2.75,0.75,MANUFACTURER_NC_DNU_MUST_REMAIN_OPEN
U3,J3,NC,NC,unconnected-(U3C-NC-PadJ3),,True,no_connect,-2.25,0.75,MANUFACTURER_NC_DNU_MUST_REMAIN_OPEN
U3,J5,VSS,ground,GND,GND,False,power_in,-1.25,0.75,153-ball grid verified; NC/RFU no-use flagged; VDDI analog stabilization only; reference caps unqualified; HS400 strobe unused
U3,J10,VCC,power,VDD_3V3,VDD_3V3,False,power_in,1.25,0.75,153-ball grid verified; NC/RFU no-use flagged; VDDI analog stabilization only; reference caps unqualified; HS400 strobe unused
U3,J12,NC,NC,unconnected-(U3C-NC-PadJ12),,True,no_connect,2.25,0.75,MANUFACTURER_NC_DNU_MUST_REMAIN_OPEN
U3,J13,NC,NC,unconnected-(U3C-NC-PadJ13),,True,no_connect,2.75,0.75,MANUFACTURER_NC_DNU_MUST_REMAIN_OPEN
U3,J14,NC,NC,unconnected-(U3C-NC-PadJ14),,True,no_connect,3.25,0.75,MANUFACTURER_NC_DNU_MUST_REMAIN_OPEN
U3,K1,NC,NC,unconnected-(U3C-NC-PadK1),,True,no_connect,-3.25,1.25,MANUFACTURER_NC_DNU_MUST_REMAIN_OPEN
U3,K2,NC,NC,unconnected-(U3C-NC-PadK2),,True,no_connect,-2.75,1.25,MANUFACTURER_NC_DNU_MUST_REMAIN_OPEN
U3,K3,NC,NC,unconnected-(U3C-NC-PadK3),,True,no_connect,-2.25,1.25,MANUFACTURER_NC_DNU_MUST_REMAIN_OPEN
U3,K5,RST_n,signal,EMMC_RSTN,EMMC_RSTN,False,input,-1.25,1.25,153-ball grid verified; NC/RFU no-use flagged; VDDI analog stabilization only; reference caps unqualified; HS400 strobe unused
U3,K6,RFU,RFU,unconnected-(U3C-RFU-PadK6),,True,no_connect,-0.75,1.25,MANUFACTURER_RFU_NO_USE_MUST_REMAIN_OPEN
U3,K7,RFU,RFU,unconnected-(U3C-RFU-PadK7),,True,no_connect,-0.25,1.25,MANUFACTURER_RFU_NO_USE_MUST_REMAIN_OPEN
U3,K8,VSS,ground,GND,GND,False,power_in,0.25,1.25,153-ball grid verified; NC/RFU no-use flagged; VDDI analog stabilization only; reference caps unqualified; HS400 strobe unused
U3,K9,VCC,power,VDD_3V3,VDD_3V3,False,power_in,0.75,1.25,153-ball grid verified; NC/RFU no-use flagged; VDDI analog stabilization only; reference caps unqualified; HS400 strobe unused
U3,K10,VSF6,vendor_specific,unconnected-(U3C-VSF6-PadK10),,True,bidirectional+no_connect,1.25,1.25,MICRON_VENDOR_FUNCTION_INTENTIONALLY_UNUSED_NOT_NC
U3,K12,NC,NC,unconnected-(U3C-NC-PadK12),,True,no_connect,2.25,1.25,MANUFACTURER_NC_DNU_MUST_REMAIN_OPEN
U3,K13,NC,NC,unconnected-(U3C-NC-PadK13),,True,no_connect,2.75,1.25,MANUFACTURER_NC_DNU_MUST_REMAIN_OPEN
U3,K14,NC,NC,unconnected-(U3C-NC-PadK14),,True,no_connect,3.25,1.25,MANUFACTURER_NC_DNU_MUST_REMAIN_OPEN
U3,L1,NC,NC,unconnected-(U3C-NC-PadL1),,True,no_connect,-3.25,1.75,MANUFACTURER_NC_DNU_MUST_REMAIN_OPEN
U3,L2,NC,NC,unconnected-(U3C-NC-PadL2),,True,no_connect,-2.75,1.75,MANUFACTURER_NC_DNU_MUST_REMAIN_OPEN
U3,L3,NC,NC,unconnected-(U3C-NC-PadL3),,True,no_connect,-2.25,1.75,MANUFACTURER_NC_DNU_MUST_REMAIN_OPEN
U3,L12,NC,NC,unconnected-(U3C-NC-PadL12),,True,no_connect,2.25,1.75,MANUFACTURER_NC_DNU_MUST_REMAIN_OPEN
U3,L13,NC,NC,unconnected-(U3C-NC-PadL13),,True,no_connect,2.75,1.75,MANUFACTURER_NC_DNU_MUST_REMAIN_OPEN
U3,L14,NC,NC,unconnected-(U3C-NC-PadL14),,True,no_connect,3.25,1.75,MANUFACTURER_NC_DNU_MUST_REMAIN_OPEN
U3,M1,NC,NC,unconnected-(U3C-NC-PadM1),,True,no_connect,-3.25,2.25,MANUFACTURER_NC_DNU_MUST_REMAIN_OPEN
U3,M2,NC,NC,unconnected-(U3C-NC-PadM2),,True,no_connect,-2.75,2.25,MANUFACTURER_NC_DNU_MUST_REMAIN_OPEN
U3,M3,NC,NC,unconnected-(U3C-NC-PadM3),,True,no_connect,-2.25,2.25,MANUFACTURER_NC_DNU_MUST_REMAIN_OPEN
U3,M4,VCCQ,power,VEMMC_IO,VEMMC_IO,False,power_in,-1.75,2.25,153-ball grid verified; NC/RFU no-use flagged; VDDI analog stabilization only; reference caps unqualified; HS400 strobe unused
U3,M5,CMD,signal,EMMC_CMD,EMMC_CMD,False,bidirectional,-1.25,2.25,153-ball grid verified; NC/RFU no-use flagged; VDDI analog stabilization only; reference caps unqualified; HS400 strobe unused
U3,M6,CLK,signal,EMMC_CLK,EMMC_CLK,False,input,-0.75,2.25,153-ball grid verified; NC/RFU no-use flagged; VDDI analog stabilization only; reference caps unqualified; HS400 strobe unused
U3,M7,NC,NC,unconnected-(U3C-NC-PadM7),,True,no_connect,-0.25,2.25,MANUFACTURER_NC_DNU_MUST_REMAIN_OPEN
U3,M8,NC,NC,unconnected-(U3C-NC-PadM8),,True,no_connect,0.25,2.25,MANUFACTURER_NC_DNU_MUST_REMAIN_OPEN
U3,M9,NC,NC,unconnected-(U3C-NC-PadM9),,True,no_connect,0.75,2.25,MANUFACTURER_NC_DNU_MUST_REMAIN_OPEN
U3,M10,NC,NC,unconnected-(U3D-NC-PadM10),,True,no_connect,1.25,2.25,MANUFACTURER_NC_DNU_MUST_REMAIN_OPEN
U3,M11,NC,NC,unconnected-(U3D-NC-PadM11),,True,no_connect,1.75,2.25,MANUFACTURER_NC_DNU_MUST_REMAIN_OPEN
U3,M12,NC,NC,unconnected-(U3D-NC-PadM12),,True,no_connect,2.25,2.25,MANUFACTURER_NC_DNU_MUST_REMAIN_OPEN
U3,M13,NC,NC,unconnected-(U3D-NC-PadM13),,True,no_connect,2.75,2.25,MANUFACTURER_NC_DNU_MUST_REMAIN_OPEN
U3,M14,NC,NC,unconnected-(U3D-NC-PadM14),,True,no_connect,3.25,2.25,MANUFACTURER_NC_DNU_MUST_REMAIN_OPEN
U3,N1,NC,NC,unconnected-(U3D-NC-PadN1),,True,no_connect,-3.25,2.75,MANUFACTURER_NC_DNU_MUST_REMAIN_OPEN
U3,N2,VSSQ,ground,GND,GND,False,power_in,-2.75,2.75,153-ball grid verified; NC/RFU no-use flagged; VDDI analog stabilization only; reference caps unqualified; HS400 strobe unused
U3,N3,NC,NC,unconnected-(U3D-NC-PadN3),,True,no_connect,-2.25,2.75,MANUFACTURER_NC_DNU_MUST_REMAIN_OPEN
U3,N4,VCCQ,power,VEMMC_IO,VEMMC_IO,False,power_in,-1.75,2.75,153-ball grid verified; NC/RFU no-use flagged; VDDI analog stabilization only; reference caps unqualified; HS400 strobe unused
U3,N5,VSSQ,ground,GND,GND,False,power_in,-1.25,2.75,153-ball grid verified; NC/RFU no-use flagged; VDDI analog stabilization only; reference caps unqualified; HS400 strobe unused
U3,N6,NC,NC,unconnected-(U3D-NC-PadN6),,True,no_connect,-0.75,2.75,MANUFACTURER_NC_DNU_MUST_REMAIN_OPEN
U3,N7,NC,NC,unconnected-(U3D-NC-PadN7),,True,no_connect,-0.25,2.75,MANUFACTURER_NC_DNU_MUST_REMAIN_OPEN
U3,N8,NC,NC,unconnected-(U3D-NC-PadN8),,True,no_connect,0.25,2.75,MANUFACTURER_NC_DNU_MUST_REMAIN_OPEN
U3,N9,NC,NC,unconnected-(U3D-NC-PadN9),,True,no_connect,0.75,2.75,MANUFACTURER_NC_DNU_MUST_REMAIN_OPEN
U3,N10,NC,NC,unconnected-(U3D-NC-PadN10),,True,no_connect,1.25,2.75,MANUFACTURER_NC_DNU_MUST_REMAIN_OPEN
U3,N11,NC,NC,unconnected-(U3D-NC-PadN11),,True,no_connect,1.75,2.75,MANUFACTURER_NC_DNU_MUST_REMAIN_OPEN
U3,N12,NC,NC,unconnected-(U3D-NC-PadN12),,True,no_connect,2.25,2.75,MANUFACTURER_NC_DNU_MUST_REMAIN_OPEN
U3,N13,NC,NC,unconnected-(U3D-NC-PadN13),,True,no_connect,2.75,2.75,MANUFACTURER_NC_DNU_MUST_REMAIN_OPEN
U3,N14,NC,NC,unconnected-(U3D-NC-PadN14),,True,no_connect,3.25,2.75,MANUFACTURER_NC_DNU_MUST_REMAIN_OPEN
U3,P1,NC,NC,unconnected-(U3D-NC-PadP1),,True,no_connect,-3.25,3.25,MANUFACTURER_NC_DNU_MUST_REMAIN_OPEN
U3,P2,NC,NC,unconnected-(U3D-NC-PadP2),,True,no_connect,-2.75,3.25,MANUFACTURER_NC_DNU_MUST_REMAIN_OPEN
U3,P3,VCCQ,power,VEMMC_IO,VEMMC_IO,False,power_in,-2.25,3.25,153-ball grid verified; NC/RFU no-use flagged; VDDI analog stabilization only; reference caps unqualified; HS400 strobe unused
U3,P4,VSSQ,ground,GND,GND,False,power_in,-1.75,3.25,153-ball grid verified; NC/RFU no-use flagged; VDDI analog stabilization only; reference caps unqualified; HS400 strobe unused
U3,P5,VCCQ,power,VEMMC_IO,VEMMC_IO,False,power_in,-1.25,3.25,153-ball grid verified; NC/RFU no-use flagged; VDDI analog stabilization only; reference caps unqualified; HS400 strobe unused
U3,P6,VSSQ,ground,GND,GND,False,power_in,-0.75,3.25,153-ball grid verified; NC/RFU no-use flagged; VDDI analog stabilization only; reference caps unqualified; HS400 strobe unused
U3,P7,NC,NC,unconnected-(U3D-NC-PadP7),,True,no_connect,-0.25,3.25,MANUFACTURER_NC_DNU_MUST_REMAIN_OPEN
U3,P8,NC,NC,unconnected-(U3D-NC-PadP8),,True,no_connect,0.25,3.25,MANUFACTURER_NC_DNU_MUST_REMAIN_OPEN
U3,P9,NC,NC,unconnected-(U3D-NC-PadP9),,True,no_connect,0.75,3.25,MANUFACTURER_NC_DNU_MUST_REMAIN_OPEN
U3,P10,VSF7,vendor_specific,unconnected-(U3D-VSF7-PadP10),,True,bidirectional+no_connect,1.25,3.25,MICRON_VENDOR_FUNCTION_INTENTIONALLY_UNUSED_NOT_NC
U3,P11,NC,NC,unconnected-(U3D-NC-PadP11),,True,no_connect,1.75,3.25,MANUFACTURER_NC_DNU_MUST_REMAIN_OPEN
U3,P12,NC,NC,unconnected-(U3D-NC-PadP12),,True,no_connect,2.25,3.25,MANUFACTURER_NC_DNU_MUST_REMAIN_OPEN
U3,P13,NC,NC,unconnected-(U3D-NC-PadP13),,True,no_connect,2.75,3.25,MANUFACTURER_NC_DNU_MUST_REMAIN_OPEN
U3,P14,NC,NC,unconnected-(U3D-NC-PadP14),,True,no_connect,3.25,3.25,MANUFACTURER_NC_DNU_MUST_REMAIN_OPEN
