reference,allocation_net,allocation_value,basis,master_value,master_pin1_net,master_pin2_net,matches_net,master_footprint
C501,VDD0P8_CORE,4.7uF,NEW per-power-ball baseline,4.7uF CL10B475KQ8NFQC CANDIDATE,VDD0P8_CORE,GND,True,CMK230_Bypass_Candidates:Samsung_CL10B475KQ8NFQC_MIDPOINT_LAND_DENSE_CANDIDATE
C502,VDD0P8_CORE,4.7uF,NEW per-power-ball baseline,4.7uF CL10B475KQ8NFQC CANDIDATE,VDD0P8_CORE,GND,True,CMK230_Bypass_Candidates:Samsung_CL10B475KQ8NFQC_MIDPOINT_LAND_DENSE_CANDIDATE
C503,VDD0P8_CORE,100nF,NEW per-power-ball baseline,100nF CL03B104KP3NNWC CANDIDATE,VDD0P8_CORE,GND,True,CMK230_Bypass_Candidates:Samsung_CL03B104KP3NNWC_MIDPOINT_LAND_DENSE_CANDIDATE
C504,VDD0P8_CORE,100nF,NEW per-power-ball baseline,100nF CL03B104KP3NNWC CANDIDATE,VDD0P8_CORE,GND,True,CMK230_Bypass_Candidates:Samsung_CL03B104KP3NNWC_MIDPOINT_LAND_DENSE_CANDIDATE
C505,VDD0P8_CORE,100nF,NEW per-power-ball baseline,100nF CL03B104KP3NNWC CANDIDATE,VDD0P8_CORE,GND,True,CMK230_Bypass_Candidates:Samsung_CL03B104KP3NNWC_MIDPOINT_LAND_DENSE_CANDIDATE
C506,VDD0P8_CORE,100nF,NEW per-power-ball baseline,100nF CL03B104KP3NNWC CANDIDATE,VDD0P8_CORE,GND,True,CMK230_Bypass_Candidates:Samsung_CL03B104KP3NNWC_MIDPOINT_LAND_DENSE_CANDIDATE
C507,VDD0P8_CORE,100nF,NEW per-power-ball baseline,100nF CL03B104KP3NNWC CANDIDATE,VDD0P8_CORE,GND,True,CMK230_Bypass_Candidates:Samsung_CL03B104KP3NNWC_MIDPOINT_LAND_DENSE_CANDIDATE
C508,VDD0P8_CORE,100nF,NEW per-power-ball baseline,100nF CL03B104KP3NNWC CANDIDATE,VDD0P8_CORE,GND,True,CMK230_Bypass_Candidates:Samsung_CL03B104KP3NNWC_MIDPOINT_LAND_DENSE_CANDIDATE
C509,VDD0P8_CORE,100nF,NEW per-power-ball baseline,100nF CL03B104KP3NNWC CANDIDATE,VDD0P8_CORE,GND,True,CMK230_Bypass_Candidates:Samsung_CL03B104KP3NNWC_MIDPOINT_LAND_DENSE_CANDIDATE
C510,VDD0P8_CORE,100nF,NEW per-power-ball baseline,100nF CL03B104KP3NNWC CANDIDATE,VDD0P8_CORE,GND,True,CMK230_Bypass_Candidates:Samsung_CL03B104KP3NNWC_MIDPOINT_LAND_DENSE_CANDIDATE
C511,VDD0P8_CORE,100nF,NEW per-power-ball baseline,100nF CL03B104KP3NNWC CANDIDATE,VDD0P8_CORE,GND,True,CMK230_Bypass_Candidates:Samsung_CL03B104KP3NNWC_MIDPOINT_LAND_DENSE_CANDIDATE
C512,VDD0P8_CORE,100nF,NEW per-power-ball baseline,100nF CL03B104KP3NNWC CANDIDATE,VDD0P8_CORE,GND,True,CMK230_Bypass_Candidates:Samsung_CL03B104KP3NNWC_MIDPOINT_LAND_DENSE_CANDIDATE
C513,VDD0P8_CORE,100nF,NEW per-power-ball baseline,100nF CL03B104KP3NNWC CANDIDATE,VDD0P8_CORE,GND,True,CMK230_Bypass_Candidates:Samsung_CL03B104KP3NNWC_MIDPOINT_LAND_DENSE_CANDIDATE
C514,VDD0P8_CORE,100nF,NEW per-power-ball baseline,100nF CL03B104KP3NNWC CANDIDATE,VDD0P8_CORE,GND,True,CMK230_Bypass_Candidates:Samsung_CL03B104KP3NNWC_MIDPOINT_LAND_DENSE_CANDIDATE
C515,VDD0P8_CORE,100nF,NEW per-power-ball baseline,100nF CL03B104KP3NNWC CANDIDATE,VDD0P8_CORE,GND,True,CMK230_Bypass_Candidates:Samsung_CL03B104KP3NNWC_MIDPOINT_LAND_DENSE_CANDIDATE
C516,VDD0P8_CORE,100nF,NEW per-power-ball baseline,100nF CL03B104KP3NNWC CANDIDATE,VDD0P8_CORE,GND,True,CMK230_Bypass_Candidates:Samsung_CL03B104KP3NNWC_MIDPOINT_LAND_DENSE_CANDIDATE
C517,VDD0P8_CPU,4.7uF,NEW per-power-ball baseline,4.7uF CL10B475KQ8NFQC CANDIDATE,VDD0P8_CPU,GND,True,CMK230_Bypass_Candidates:Samsung_CL10B475KQ8NFQC_MIDPOINT_LAND_DENSE_CANDIDATE
C518,VDD0P8_CPU,100nF,NEW per-power-ball baseline,100nF CL03B104KP3NNWC CANDIDATE,VDD0P8_CPU,GND,True,CMK230_Bypass_Candidates:Samsung_CL03B104KP3NNWC_MIDPOINT_LAND_DENSE_CANDIDATE
C519,VDD0P8_CPU,100nF,NEW per-power-ball baseline,100nF CL03B104KP3NNWC CANDIDATE,VDD0P8_CPU,GND,True,CMK230_Bypass_Candidates:Samsung_CL03B104KP3NNWC_MIDPOINT_LAND_DENSE_CANDIDATE
C520,VDD0P8_CPU,100nF,NEW per-power-ball baseline,100nF CL03B104KP3NNWC CANDIDATE,VDD0P8_CPU,GND,True,CMK230_Bypass_Candidates:Samsung_CL03B104KP3NNWC_MIDPOINT_LAND_DENSE_CANDIDATE
C521,VDD0P8_KPU,4.7uF,NEW per-power-ball baseline,4.7uF CL10B475KQ8NFQC CANDIDATE,VDD0P8_KPU,GND,True,CMK230_Bypass_Candidates:Samsung_CL10B475KQ8NFQC_MIDPOINT_LAND_DENSE_CANDIDATE
C522,VDD0P8_KPU,4.7uF,NEW per-power-ball baseline,4.7uF CL10B475KQ8NFQC CANDIDATE,VDD0P8_KPU,GND,True,CMK230_Bypass_Candidates:Samsung_CL10B475KQ8NFQC_MIDPOINT_LAND_DENSE_CANDIDATE
C523,VDD0P8_KPU,100nF,NEW per-power-ball baseline,100nF CL03B104KP3NNWC CANDIDATE,VDD0P8_KPU,GND,True,CMK230_Bypass_Candidates:Samsung_CL03B104KP3NNWC_MIDPOINT_LAND_DENSE_CANDIDATE
C524,VDD0P8_KPU,100nF,NEW per-power-ball baseline,100nF CL03B104KP3NNWC CANDIDATE,VDD0P8_KPU,GND,True,CMK230_Bypass_Candidates:Samsung_CL03B104KP3NNWC_MIDPOINT_LAND_DENSE_CANDIDATE
C525,VDD0P8_KPU,100nF,NEW per-power-ball baseline,100nF CL03B104KP3NNWC CANDIDATE,VDD0P8_KPU,GND,True,CMK230_Bypass_Candidates:Samsung_CL03B104KP3NNWC_MIDPOINT_LAND_DENSE_CANDIDATE
C526,VDD0P8_KPU,100nF,NEW per-power-ball baseline,100nF CL03B104KP3NNWC CANDIDATE,VDD0P8_KPU,GND,True,CMK230_Bypass_Candidates:Samsung_CL03B104KP3NNWC_MIDPOINT_LAND_DENSE_CANDIDATE
C527,VDD0P8_KPU,100nF,NEW per-power-ball baseline,100nF CL03B104KP3NNWC CANDIDATE,VDD0P8_KPU,GND,True,CMK230_Bypass_Candidates:Samsung_CL03B104KP3NNWC_MIDPOINT_LAND_DENSE_CANDIDATE
C528,VDD0P8_KPU,100nF,NEW per-power-ball baseline,100nF CL03B104KP3NNWC CANDIDATE,VDD0P8_KPU,GND,True,CMK230_Bypass_Candidates:Samsung_CL03B104KP3NNWC_MIDPOINT_LAND_DENSE_CANDIDATE
C529,VDD0P8_DDR_CORE,4.7uF,NEW per-power-ball baseline,4.7uF CL10B475KQ8NFQC CANDIDATE,VDD0P8_DDR_CORE,GND,True,CMK230_Bypass_Candidates:Samsung_CL10B475KQ8NFQC_MIDPOINT_LAND_DENSE_CANDIDATE
C530,VDD0P8_DDR_CORE,100nF,NEW per-power-ball baseline,100nF CL03B104KP3NNWC CANDIDATE,VDD0P8_DDR_CORE,GND,True,CMK230_Bypass_Candidates:Samsung_CL03B104KP3NNWC_MIDPOINT_LAND_DENSE_CANDIDATE
C531,VDD0P8_DDR_CORE,100nF,NEW per-power-ball baseline,100nF CL03B104KP3NNWC CANDIDATE,VDD0P8_DDR_CORE,GND,True,CMK230_Bypass_Candidates:Samsung_CL03B104KP3NNWC_MIDPOINT_LAND_DENSE_CANDIDATE
C532,VDD0P8_DDR_CORE,100nF,NEW per-power-ball baseline,100nF CL03B104KP3NNWC CANDIDATE,VDD0P8_DDR_CORE,GND,True,CMK230_Bypass_Candidates:Samsung_CL03B104KP3NNWC_MIDPOINT_LAND_DENSE_CANDIDATE
C533,VDD0P8_DDR_CORE,100nF,NEW per-power-ball baseline,100nF CL03B104KP3NNWC CANDIDATE,VDD0P8_DDR_CORE,GND,True,CMK230_Bypass_Candidates:Samsung_CL03B104KP3NNWC_MIDPOINT_LAND_DENSE_CANDIDATE
C534,VDD1P1_DDR_IO,4.7uF,SoC DDR IO reference-style,4.7uF CL10B475KQ8NFQC CANDIDATE,VDD1P1_DDR_IO,GND,True,CMK230_Bypass_Candidates:Samsung_CL10B475KQ8NFQC_MIDPOINT_LAND_DENSE_CANDIDATE
C535,VDD1P1_DDR_IO,100nF,SoC DDR IO reference-style,100nF CL03B104KP3NNWC CANDIDATE,VDD1P1_DDR_IO,GND,True,CMK230_Bypass_Candidates:Samsung_CL03B104KP3NNWC_MIDPOINT_LAND_DENSE_CANDIDATE
C536,VDD1P1_DDR_IO,100nF,SoC DDR IO reference-style,100nF CL03B104KP3NNWC CANDIDATE,VDD1P1_DDR_IO,GND,True,CMK230_Bypass_Candidates:Samsung_CL03B104KP3NNWC_MIDPOINT_LAND_DENSE_CANDIDATE
C537,VDD1P1_DDR_IO,100nF,SoC DDR IO reference-style,100nF CL03B104KP3NNWC CANDIDATE,VDD1P1_DDR_IO,GND,True,CMK230_Bypass_Candidates:Samsung_CL03B104KP3NNWC_MIDPOINT_LAND_DENSE_CANDIDATE
C538,VDD1P1_DDR_IO,100nF,SoC DDR IO reference-style,100nF CL03B104KP3NNWC CANDIDATE,VDD1P1_DDR_IO,GND,True,CMK230_Bypass_Candidates:Samsung_CL03B104KP3NNWC_MIDPOINT_LAND_DENSE_CANDIDATE
C539,VDD1P1_DDR_IO,100nF,SoC DDR IO reference-style,100nF CL03B104KP3NNWC CANDIDATE,VDD1P1_DDR_IO,GND,True,CMK230_Bypass_Candidates:Samsung_CL03B104KP3NNWC_MIDPOINT_LAND_DENSE_CANDIDATE
C540,VDD1P1_DDR_IO,22uF,DRAM VDD2 source C20-C31,22uF,VDD1P1_DDR_IO,GND,True,UNASSIGNED
C541,VDD1P1_DDR_IO,4.7uF,DRAM VDD2 source C20-C31,4.7uF CL10B475KQ8NFQC CANDIDATE,VDD1P1_DDR_IO,GND,True,CMK230_Bypass_Candidates:Samsung_CL10B475KQ8NFQC_MIDPOINT_LAND_DENSE_CANDIDATE
C542,VDD1P1_DDR_IO,100nF,DRAM VDD2 source C20-C31,100nF CL03B104KP3NNWC CANDIDATE,VDD1P1_DDR_IO,GND,True,CMK230_Bypass_Candidates:Samsung_CL03B104KP3NNWC_MIDPOINT_LAND_DENSE_CANDIDATE
C543,VDD1P1_DDR_IO,100nF,DRAM VDD2 source C20-C31,100nF CL03B104KP3NNWC CANDIDATE,VDD1P1_DDR_IO,GND,True,CMK230_Bypass_Candidates:Samsung_CL03B104KP3NNWC_MIDPOINT_LAND_DENSE_CANDIDATE
C544,VDD1P1_DDR_IO,100nF,DRAM VDD2 source C20-C31,100nF CL03B104KP3NNWC CANDIDATE,VDD1P1_DDR_IO,GND,True,CMK230_Bypass_Candidates:Samsung_CL03B104KP3NNWC_MIDPOINT_LAND_DENSE_CANDIDATE
C545,VDD1P1_DDR_IO,100nF,DRAM VDD2 source C20-C31,100nF CL03B104KP3NNWC CANDIDATE,VDD1P1_DDR_IO,GND,True,CMK230_Bypass_Candidates:Samsung_CL03B104KP3NNWC_MIDPOINT_LAND_DENSE_CANDIDATE
C546,VDD1P1_DDR_IO,100nF,DRAM VDD2 source C20-C31,100nF CL03B104KP3NNWC CANDIDATE,VDD1P1_DDR_IO,GND,True,CMK230_Bypass_Candidates:Samsung_CL03B104KP3NNWC_MIDPOINT_LAND_DENSE_CANDIDATE
C547,VDD1P1_DDR_IO,100nF,DRAM VDD2 source C20-C31,100nF CL03B104KP3NNWC CANDIDATE,VDD1P1_DDR_IO,GND,True,CMK230_Bypass_Candidates:Samsung_CL03B104KP3NNWC_MIDPOINT_LAND_DENSE_CANDIDATE
C548,VDD1P1_DDR_IO,100nF,DRAM VDD2 source C20-C31,100nF CL03B104KP3NNWC CANDIDATE,VDD1P1_DDR_IO,GND,True,CMK230_Bypass_Candidates:Samsung_CL03B104KP3NNWC_MIDPOINT_LAND_DENSE_CANDIDATE
C549,VDD1P1_DDR_IO,100nF,DRAM VDD2 source C20-C31,100nF CL03B104KP3NNWC CANDIDATE,VDD1P1_DDR_IO,GND,True,CMK230_Bypass_Candidates:Samsung_CL03B104KP3NNWC_MIDPOINT_LAND_DENSE_CANDIDATE
C550,VDD1P1_DDR_IO,100nF,DRAM VDD2 source C20-C31,100nF CL03B104KP3NNWC CANDIDATE,VDD1P1_DDR_IO,GND,True,CMK230_Bypass_Candidates:Samsung_CL03B104KP3NNWC_MIDPOINT_LAND_DENSE_CANDIDATE
C551,VDD1P1_DDR_IO,100nF,DRAM VDD2 source C20-C31,100nF CL03B104KP3NNWC CANDIDATE,VDD1P1_DDR_IO,GND,True,CMK230_Bypass_Candidates:Samsung_CL03B104KP3NNWC_MIDPOINT_LAND_DENSE_CANDIDATE
C552,VDD1P1_DDR_IO,22uF,DRAM VDDQ source C40-C49,22uF,VDD1P1_DDR_IO,GND,True,UNASSIGNED
C553,VDD1P1_DDR_IO,4.7uF,DRAM VDDQ source C40-C49,4.7uF CL10B475KQ8NFQC CANDIDATE,VDD1P1_DDR_IO,GND,True,CMK230_Bypass_Candidates:Samsung_CL10B475KQ8NFQC_MIDPOINT_LAND_DENSE_CANDIDATE
C554,VDD1P1_DDR_IO,100nF,DRAM VDDQ source C40-C49,100nF CL03B104KP3NNWC CANDIDATE,VDD1P1_DDR_IO,GND,True,CMK230_Bypass_Candidates:Samsung_CL03B104KP3NNWC_MIDPOINT_LAND_DENSE_CANDIDATE
C555,VDD1P1_DDR_IO,100nF,DRAM VDDQ source C40-C49,100nF CL03B104KP3NNWC CANDIDATE,VDD1P1_DDR_IO,GND,True,CMK230_Bypass_Candidates:Samsung_CL03B104KP3NNWC_MIDPOINT_LAND_DENSE_CANDIDATE
C556,VDD1P1_DDR_IO,100nF,DRAM VDDQ source C40-C49,100nF CL03B104KP3NNWC CANDIDATE,VDD1P1_DDR_IO,GND,True,CMK230_Bypass_Candidates:Samsung_CL03B104KP3NNWC_MIDPOINT_LAND_DENSE_CANDIDATE
C557,VDD1P1_DDR_IO,100nF,DRAM VDDQ source C40-C49,100nF CL03B104KP3NNWC CANDIDATE,VDD1P1_DDR_IO,GND,True,CMK230_Bypass_Candidates:Samsung_CL03B104KP3NNWC_MIDPOINT_LAND_DENSE_CANDIDATE
C558,VDD1P1_DDR_IO,100nF,DRAM VDDQ source C40-C49,100nF CL03B104KP3NNWC CANDIDATE,VDD1P1_DDR_IO,GND,True,CMK230_Bypass_Candidates:Samsung_CL03B104KP3NNWC_MIDPOINT_LAND_DENSE_CANDIDATE
C559,VDD1P1_DDR_IO,100nF,DRAM VDDQ source C40-C49,100nF CL03B104KP3NNWC CANDIDATE,VDD1P1_DDR_IO,GND,True,CMK230_Bypass_Candidates:Samsung_CL03B104KP3NNWC_MIDPOINT_LAND_DENSE_CANDIDATE
C560,VDD1P1_DDR_IO,100nF,DRAM VDDQ source C40-C49,100nF CL03B104KP3NNWC CANDIDATE,VDD1P1_DDR_IO,GND,True,CMK230_Bypass_Candidates:Samsung_CL03B104KP3NNWC_MIDPOINT_LAND_DENSE_CANDIDATE
C561,VDD1P1_DDR_IO,100nF,DRAM VDDQ source C40-C49,100nF CL03B104KP3NNWC CANDIDATE,VDD1P1_DDR_IO,GND,True,CMK230_Bypass_Candidates:Samsung_CL03B104KP3NNWC_MIDPOINT_LAND_DENSE_CANDIDATE
C562,VDD1P8,22uF,DRAM VDD1 source C32-C39,22uF,VDD1P8,GND,True,UNASSIGNED
C563,VDD1P8,4.7uF,DRAM VDD1 source C32-C39,4.7uF CL10B475KQ8NFQC CANDIDATE,VDD1P8,GND,True,CMK230_Bypass_Candidates:Samsung_CL10B475KQ8NFQC_MIDPOINT_LAND_DENSE_CANDIDATE
C564,VDD1P8,100nF,DRAM VDD1 source C32-C39,100nF CL03B104KP3NNWC CANDIDATE,VDD1P8,GND,True,CMK230_Bypass_Candidates:Samsung_CL03B104KP3NNWC_MIDPOINT_LAND_DENSE_CANDIDATE
C565,VDD1P8,100nF,DRAM VDD1 source C32-C39,100nF CL03B104KP3NNWC CANDIDATE,VDD1P8,GND,True,CMK230_Bypass_Candidates:Samsung_CL03B104KP3NNWC_MIDPOINT_LAND_DENSE_CANDIDATE
C566,VDD1P8,100nF,DRAM VDD1 source C32-C39,100nF CL03B104KP3NNWC CANDIDATE,VDD1P8,GND,True,CMK230_Bypass_Candidates:Samsung_CL03B104KP3NNWC_MIDPOINT_LAND_DENSE_CANDIDATE
C567,VDD1P8,100nF,DRAM VDD1 source C32-C39,100nF CL03B104KP3NNWC CANDIDATE,VDD1P8,GND,True,CMK230_Bypass_Candidates:Samsung_CL03B104KP3NNWC_MIDPOINT_LAND_DENSE_CANDIDATE
C568,VDD1P8,100nF,DRAM VDD1 source C32-C39,100nF CL03B104KP3NNWC CANDIDATE,VDD1P8,GND,True,CMK230_Bypass_Candidates:Samsung_CL03B104KP3NNWC_MIDPOINT_LAND_DENSE_CANDIDATE
C569,VDD1P8,100nF,DRAM VDD1 source C32-C39,100nF CL03B104KP3NNWC CANDIDATE,VDD1P8,GND,True,CMK230_Bypass_Candidates:Samsung_CL03B104KP3NNWC_MIDPOINT_LAND_DENSE_CANDIDATE
C570,BANK0_VDDIO,100nF,IO-bank reference-style,100nF CL03B104KP3NNWC CANDIDATE,BANK0_VDDIO,GND,True,CMK230_Bypass_Candidates:Samsung_CL03B104KP3NNWC_MIDPOINT_LAND_DENSE_CANDIDATE
C571,BANK1_VDDIO,100nF,IO-bank reference-style,100nF CL03B104KP3NNWC CANDIDATE,BANK1_VDDIO,GND,True,CMK230_Bypass_Candidates:Samsung_CL03B104KP3NNWC_MIDPOINT_LAND_DENSE_CANDIDATE
C572,BANK2_VDDIO,100nF,IO-bank reference-style,100nF CL03B104KP3NNWC CANDIDATE,BANK2_VDDIO,GND,True,CMK230_Bypass_Candidates:Samsung_CL03B104KP3NNWC_MIDPOINT_LAND_DENSE_CANDIDATE
C573,BANK3_VDDIO,100nF,IO-bank reference-style,100nF CL03B104KP3NNWC CANDIDATE,BANK3_VDDIO,GND,True,CMK230_Bypass_Candidates:Samsung_CL03B104KP3NNWC_MIDPOINT_LAND_DENSE_CANDIDATE
C574,BANK4_VDDIO,100nF,IO-bank reference-style,100nF CL03B104KP3NNWC CANDIDATE,BANK4_VDDIO,GND,True,CMK230_Bypass_Candidates:Samsung_CL03B104KP3NNWC_MIDPOINT_LAND_DENSE_CANDIDATE
C575,BANK5_VDDIO,100nF,IO-bank reference-style,100nF CL03B104KP3NNWC CANDIDATE,BANK5_VDDIO,GND,True,CMK230_Bypass_Candidates:Samsung_CL03B104KP3NNWC_MIDPOINT_LAND_DENSE_CANDIDATE
C576,VDD1P8,100nF,SoC generic1.8 baseline,100nF CL03B104KP3NNWC CANDIDATE,VDD1P8,GND,True,CMK230_Bypass_Candidates:Samsung_CL03B104KP3NNWC_MIDPOINT_LAND_DENSE_CANDIDATE
C577,VDD1P8,100nF,SoC generic1.8 baseline,100nF CL03B104KP3NNWC CANDIDATE,VDD1P8,GND,True,CMK230_Bypass_Candidates:Samsung_CL03B104KP3NNWC_MIDPOINT_LAND_DENSE_CANDIDATE
