source,pdf_page,net_as_drawn,reference,value,role,note
01studio-CanMV-K230.pdf,3,VDD_0V8,C52,4.7uF,digital local,VDD0V8_CORE;VDD0V8_CPU;VDD0V8_KPU;VDD0V8_DDRCORE tied to common rail
01studio-CanMV-K230.pdf,3,VDD_0V8,C53,4.7uF,digital local,VDD0V8_CORE;VDD0V8_CPU;VDD0V8_KPU;VDD0V8_DDRCORE tied to common rail
01studio-CanMV-K230.pdf,3,VDD_0V8,C54,100nF,digital local,
01studio-CanMV-K230.pdf,3,VDD_0V8,C55,100nF,digital local,
01studio-CanMV-K230.pdf,3,VDD_0V8,C56,100nF,digital local,
01studio-CanMV-K230.pdf,3,VDD_0V8,C57,100nF,digital local,
01studio-CanMV-K230.pdf,3,VDD_0V8,C58,100nF,digital local,
01studio-CanMV-K230.pdf,3,VDD_0V8,C59,100nF,digital local,
01studio-CanMV-K230.pdf,3,VDD_0V8,C60,100nF,digital local,
01studio-CanMV-K230.pdf,3,VDD_0V8,C61,100nF,digital local,
01studio-CanMV-K230.pdf,3,VDD_0V8,C62,100nF,digital local,
01studio-CanMV-K230.pdf,3,VDD_0V8,C63,100nF,digital local,
01studio-CanMV-K230.pdf,3,VDD_0V8,C64,100nF,digital local,
01studio-CanMV-K230.pdf,3,VDD_0V8,C65,100nF,digital local,
01studio-CanMV-K230.pdf,3,VDD_0V8,C68,100nF,digital local,
01studio-CanMV-K230.pdf,3,VDD_0V8,C69,100nF,digital local,
01studio-CanMV-K230.pdf,3,VDD_0V8,C70,100nF,digital local,
01studio-CanMV-K230.pdf,3,VDD_0V8,C71,100nF,digital local,
01studio-CanMV-K230.pdf,3,VDD_0V8,C72,100nF,digital local,
01studio-CanMV-K230.pdf,3,VDD_0V8,C73,100nF,digital local,
01studio-CanMV-K230.pdf,3,VDD_1V1,C74,4.7uF,SoC DDR IO local,
01studio-CanMV-K230.pdf,3,VDD_1V1,C75,100nF,SoC DDR IO local,
01studio-CanMV-K230.pdf,3,VDD_1V1,C76,100nF,SoC DDR IO local,
01studio-CanMV-K230.pdf,3,VDD_1V1,C77,100nF,SoC DDR IO local,
01studio-CanMV-K230.pdf,3,VDD_1V1,C78,100nF,SoC DDR IO local,
01studio-CanMV-K230.pdf,3,VDD_1V1,C79,100nF,SoC DDR IO local,
01studio-CanMV-K230.pdf,2,VDD_1V1,C20,22uF,DRAM local,
01studio-CanMV-K230.pdf,2,VDD_1V1,C21,4.7uF,DRAM local,
01studio-CanMV-K230.pdf,2,VDD_1V1,C22,100nF,DRAM local,
01studio-CanMV-K230.pdf,2,VDD_1V1,C23,100nF,DRAM local,
01studio-CanMV-K230.pdf,2,VDD_1V1,C24,100nF,DRAM local,
01studio-CanMV-K230.pdf,2,VDD_1V1,C25,100nF,DRAM local,
01studio-CanMV-K230.pdf,2,VDD_1V1,C26,100nF,DRAM local,
01studio-CanMV-K230.pdf,2,VDD_1V1,C27,100nF,DRAM local,
01studio-CanMV-K230.pdf,2,VDD_1V1,C28,100nF,DRAM local,
01studio-CanMV-K230.pdf,2,VDD_1V1,C29,100nF,DRAM local,
01studio-CanMV-K230.pdf,2,VDD_1V1,C30,100nF,DRAM local,
01studio-CanMV-K230.pdf,2,VDD_1V1,C31,100nF,DRAM local,
01studio-CanMV-K230.pdf,2,VDD_1V8,C32,22uF,DRAM local,
01studio-CanMV-K230.pdf,2,VDD_1V8,C33,4.7uF,DRAM local,
01studio-CanMV-K230.pdf,2,VDD_1V8,C34,100nF,DRAM local,
01studio-CanMV-K230.pdf,2,VDD_1V8,C35,100nF,DRAM local,
01studio-CanMV-K230.pdf,2,VDD_1V8,C36,100nF,DRAM local,
01studio-CanMV-K230.pdf,2,VDD_1V8,C37,100nF,DRAM local,
01studio-CanMV-K230.pdf,2,VDD_1V8,C38,100nF,DRAM local,
01studio-CanMV-K230.pdf,2,VDD_1V8,C39,100nF,DRAM local,
01studio-CanMV-K230.pdf,2,VDD_1V1,C40,22uF,DRAM local,
01studio-CanMV-K230.pdf,2,VDD_1V1,C41,4.7uF,DRAM local,
01studio-CanMV-K230.pdf,2,VDD_1V1,C42,100nF,DRAM local,
01studio-CanMV-K230.pdf,2,VDD_1V1,C43,100nF,DRAM local,
01studio-CanMV-K230.pdf,2,VDD_1V1,C44,100nF,DRAM local,
01studio-CanMV-K230.pdf,2,VDD_1V1,C45,100nF,DRAM local,
01studio-CanMV-K230.pdf,2,VDD_1V1,C46,100nF,DRAM local,
01studio-CanMV-K230.pdf,2,VDD_1V1,C47,100nF,DRAM local,
01studio-CanMV-K230.pdf,2,VDD_1V1,C48,100nF,DRAM local,
01studio-CanMV-K230.pdf,2,VDD_1V1,C49,100nF,DRAM local,
01studio-CanMV-K230.pdf,1,VDD_3V3,C13,100nF,IO bank pool,Banks0-4 use VDD_3V3; bank5 uses VDD_1V8; no one-to-one capacitor assignment
01studio-CanMV-K230.pdf,1,VDD_3V3,C14,100nF,IO bank pool,Banks0-4 use VDD_3V3; bank5 uses VDD_1V8; no one-to-one capacitor assignment
01studio-CanMV-K230.pdf,1,VDD_3V3,C15,100nF,IO bank pool,Banks0-4 use VDD_3V3; bank5 uses VDD_1V8; no one-to-one capacitor assignment
01studio-CanMV-K230.pdf,1,VDD_3V3,C16,100nF,IO bank pool,Banks0-4 use VDD_3V3; bank5 uses VDD_1V8; no one-to-one capacitor assignment
01studio-CanMV-K230.pdf,1,VDD_3V3,C17,100nF,IO bank pool,Banks0-4 use VDD_3V3; bank5 uses VDD_1V8; no one-to-one capacitor assignment
01studio-CanMV-K230.pdf,3,VDD_1V8,C117,100nF,1.8V local pool,Same rail serves generic SoC supply and other unfiltered loads; no per-ball mapping
01studio-CanMV-K230.pdf,3,VDD_1V8,C118,100nF,1.8V local pool,Same rail serves generic SoC supply and other unfiltered loads; no per-ball mapping
01studio-CanMV-K230.pdf,3,VDD_1V8,C119,100nF,1.8V local pool,Same rail serves generic SoC supply and other unfiltered loads; no per-ball mapping
01studio-CanMV-K230.pdf,3,VDD_0V8,C85,22uF/10V,regulator output,
01studio-CanMV-K230.pdf,3,VDD_0V8,C86,22uF/10V,regulator output,
01studio-CanMV-K230.pdf,3,VDD_0V8,C87,22uF/10V,regulator output,
01studio-CanMV-K230.pdf,3,VDD_1V1,C92,22uF/10V,regulator output,
01studio-CanMV-K230.pdf,3,VDD_1V1,C93,22uF/10V,regulator output,
01studio-CanMV-K230.pdf,3,VDD_1V1,C94,22uF/10V,regulator output,
01studio-CanMV-K230.pdf,3,VDD_3V3,C99,22uF/10V,regulator output,
01studio-CanMV-K230.pdf,3,VDD_3V3,C100,22uF/10V,regulator output,
01studio-CanMV-K230.pdf,3,VDD_3V3,C101,22uF/10V,regulator output,
01studio-CanMV-K230.pdf,3,VDD_1V8,C106,22uF/10V,regulator output,
01studio-CanMV-K230.pdf,3,VDD_1V8,C107,22uF/10V,regulator output,
01studio-CanMV-K230.pdf,3,VDD_1V8,C108,22uF/10V,regulator output,
CanMV-K230-V1.0_2023-09-15.pdf,3,CORE_0V8,C56,22uF,digital local,CORE_0V8 powers CORE+CPU+DDR_CORE; tied to VDD_0V8 and KPU_0V8
CanMV-K230-V1.0_2023-09-15.pdf,3,CORE_0V8,C57,4.7uF,digital local,
CanMV-K230-V1.0_2023-09-15.pdf,3,CORE_0V8,C58,100nF,digital local,
CanMV-K230-V1.0_2023-09-15.pdf,3,CORE_0V8,C59,100nF,digital local,
CanMV-K230-V1.0_2023-09-15.pdf,3,CORE_0V8,C60,100nF,digital local,
CanMV-K230-V1.0_2023-09-15.pdf,3,CORE_0V8,C61,100nF,digital local,
CanMV-K230-V1.0_2023-09-15.pdf,3,CORE_0V8,C62,100nF,digital local,
CanMV-K230-V1.0_2023-09-15.pdf,3,CORE_0V8,C63,100nF,digital local,
CanMV-K230-V1.0_2023-09-15.pdf,3,CORE_0V8,C64,100nF,digital local,
CanMV-K230-V1.0_2023-09-15.pdf,3,CORE_0V8,C65,100nF,digital local,
CanMV-K230-V1.0_2023-09-15.pdf,3,CORE_0V8,C66,100nF,digital local,
CanMV-K230-V1.0_2023-09-15.pdf,3,CORE_0V8,C67,100nF,digital local,
CanMV-K230-V1.0_2023-09-15.pdf,3,CORE_0V8,C68,100nF,digital local,
CanMV-K230-V1.0_2023-09-15.pdf,3,CORE_0V8,C69,100nF,digital local,
CanMV-K230-V1.0_2023-09-15.pdf,3,CORE_0V8,C70,100nF,digital local,
CanMV-K230-V1.0_2023-09-15.pdf,3,CORE_0V8,C71,100nF,digital local,
CanMV-K230-V1.0_2023-09-15.pdf,3,CORE_0V8,C72,100nF,digital local,
CanMV-K230-V1.0_2023-09-15.pdf,3,KPU_0V8,C73,22uF,digital local,Tied directly to VDD_0V8 and CORE_0V8
CanMV-K230-V1.0_2023-09-15.pdf,3,KPU_0V8,C74,22uF,digital local,Tied directly to VDD_0V8 and CORE_0V8
CanMV-K230-V1.0_2023-09-15.pdf,3,KPU_0V8,C75,4.7uF,digital local,
CanMV-K230-V1.0_2023-09-15.pdf,3,KPU_0V8,C76,100nF,digital local,
CanMV-K230-V1.0_2023-09-15.pdf,3,KPU_0V8,C77,100nF,digital local,
CanMV-K230-V1.0_2023-09-15.pdf,3,KPU_0V8,C78,100nF,digital local,
CanMV-K230-V1.0_2023-09-15.pdf,3,KPU_0V8,C79,100nF,digital local,
CanMV-K230-V1.0_2023-09-15.pdf,3,DDR_1V2,C80,22uF,SoC DDR IO local,"LPDDR3 configured reference, not a 1.1V LPDDR4 recipe"
CanMV-K230-V1.0_2023-09-15.pdf,3,DDR_1V2,C81,4.7uF,SoC DDR IO local,
CanMV-K230-V1.0_2023-09-15.pdf,3,DDR_1V2,C82,100nF,SoC DDR IO local,
CanMV-K230-V1.0_2023-09-15.pdf,3,DDR_1V2,C83,100nF,SoC DDR IO local,
CanMV-K230-V1.0_2023-09-15.pdf,3,DDR_1V2,C84,100nF,SoC DDR IO local,
CanMV-K230-V1.0_2023-09-15.pdf,3,DDR_1V2,C85,100nF,SoC DDR IO local,
CanMV-K230-V1.0_2023-09-15.pdf,3,DDR_1V2,C86,100nF,SoC DDR IO local,
CanMV-K230-V1.0_2023-09-15.pdf,5,DDR_VDDQ,C10,22uF,LPDDR3 DRAM local,As drawn; do not rename first DDR_VDDQ row to VDD2_VDDCA
CanMV-K230-V1.0_2023-09-15.pdf,5,DDR_VDDQ,C11,4.7uF,LPDDR3 DRAM local,
CanMV-K230-V1.0_2023-09-15.pdf,5,DDR_VDDQ,C12,100nF,LPDDR3 DRAM local,
CanMV-K230-V1.0_2023-09-15.pdf,5,DDR_VDDQ,C13,100nF,LPDDR3 DRAM local,
CanMV-K230-V1.0_2023-09-15.pdf,5,DDR_VDDQ,C14,100nF,LPDDR3 DRAM local,
CanMV-K230-V1.0_2023-09-15.pdf,5,DDR_VDDQ,C15,100nF,LPDDR3 DRAM local,
CanMV-K230-V1.0_2023-09-15.pdf,5,DDR_VDDQ,C16,100nF,LPDDR3 DRAM local,
CanMV-K230-V1.0_2023-09-15.pdf,5,DDR_VDDQ,C17,100nF,LPDDR3 DRAM local,
CanMV-K230-V1.0_2023-09-15.pdf,5,DDR_VDDQ,C18,100nF,LPDDR3 DRAM local,
CanMV-K230-V1.0_2023-09-15.pdf,5,DDR_VDDQ,C19,100nF,LPDDR3 DRAM local,
CanMV-K230-V1.0_2023-09-15.pdf,5,DDR_VDDQ,C20,100nF,LPDDR3 DRAM local,
CanMV-K230-V1.0_2023-09-15.pdf,5,DDR_VDDQ,C21,100nF,LPDDR3 DRAM local,
CanMV-K230-V1.0_2023-09-15.pdf,5,DDR_VDDQ,C22,22uF,LPDDR3 DRAM local,As drawn; do not rename first DDR_VDDQ row to VDD2_VDDCA
CanMV-K230-V1.0_2023-09-15.pdf,5,DDR_VDDQ,C23,4.7uF,LPDDR3 DRAM local,
CanMV-K230-V1.0_2023-09-15.pdf,5,DDR_VDDQ,C24,100nF,LPDDR3 DRAM local,
CanMV-K230-V1.0_2023-09-15.pdf,5,DDR_VDDQ,C25,100nF,LPDDR3 DRAM local,
CanMV-K230-V1.0_2023-09-15.pdf,5,DDR_VDDQ,C26,100nF,LPDDR3 DRAM local,
CanMV-K230-V1.0_2023-09-15.pdf,5,DDR_VDDQ,C27,100nF,LPDDR3 DRAM local,
CanMV-K230-V1.0_2023-09-15.pdf,5,DDR_VDDQ,C28,100nF,LPDDR3 DRAM local,
CanMV-K230-V1.0_2023-09-15.pdf,5,DDR_VDDQ,C29,100nF,LPDDR3 DRAM local,
CanMV-K230-V1.0_2023-09-15.pdf,5,DDR_VDDQ,C30,100nF,LPDDR3 DRAM local,
CanMV-K230-V1.0_2023-09-15.pdf,5,DDR_VDDQ,C31,100nF,LPDDR3 DRAM local,
CanMV-K230-V1.0_2023-09-15.pdf,5,DDR_VDDQ,C32,100nF,LPDDR3 DRAM local,
CanMV-K230-V1.0_2023-09-15.pdf,5,DDR_VDDQ,C33,100nF,LPDDR3 DRAM local,
CanMV-K230-V1.0_2023-09-15.pdf,5,DDR_VDD1_1V8,C36,22uF,LPDDR3 DRAM local,As drawn; do not rename first DDR_VDDQ row to VDD2_VDDCA
CanMV-K230-V1.0_2023-09-15.pdf,5,DDR_VDD1_1V8,C37,4.7uF,LPDDR3 DRAM local,
CanMV-K230-V1.0_2023-09-15.pdf,5,DDR_VDD1_1V8,C38,100nF,LPDDR3 DRAM local,
CanMV-K230-V1.0_2023-09-15.pdf,5,DDR_VDD1_1V8,C39,100nF,LPDDR3 DRAM local,
CanMV-K230-V1.0_2023-09-15.pdf,5,DDR_VDD1_1V8,C40,100nF,LPDDR3 DRAM local,
CanMV-K230-V1.0_2023-09-15.pdf,5,DDR_VDD1_1V8,C41,100nF,LPDDR3 DRAM local,
CanMV-K230-V1.0_2023-09-15.pdf,5,DDR_VDD1_1V8,C42,100nF,LPDDR3 DRAM local,
CanMV-K230-V1.0_2023-09-15.pdf,5,DDR_VDD1_1V8,C43,100nF,LPDDR3 DRAM local,
CanMV-K230-V1.0_2023-09-15.pdf,3,VDD_1V8,C90,100nF,1.8V local pool,
CanMV-K230-V1.0_2023-09-15.pdf,3,VDD_1V8,C91,100nF,1.8V local pool,
CanMV-K230-V1.0_2023-09-15.pdf,3,VDD_1V8,C92,100nF,1.8V local pool,
CanMV-K230-V1.0_2023-09-15.pdf,3,VDD_1V8_RTC,C93,100nF,RTC pool,VDD_1V8_RTC is tied to VDD_1V8 in source
CanMV-K230-V1.0_2023-09-15.pdf,3,VDD_1V8_RTC,C94,100nF,RTC pool,VDD_1V8_RTC is tied to VDD_1V8 in source
CanMV-K230-V1.0_2023-09-15.pdf,3,VDD_0V8,C138,22uF,regulator output,
CanMV-K230-V1.0_2023-09-15.pdf,3,VDD_0V8,C139,22uF,regulator output,
CanMV-K230-V1.0_2023-09-15.pdf,3,VDD_0V8,C140,22uF,regulator output,
CanMV-K230-V1.0_2023-09-15.pdf,3,DDR_1V2,C142,22uF,regulator output,
CanMV-K230-V1.0_2023-09-15.pdf,3,DDR_1V2,C143,22uF,regulator output,
CanMV-K230-V1.0_2023-09-15.pdf,3,DDR_1V2,C144,22uF,regulator output,
CanMV-K230-V1.0_2023-09-15.pdf,3,VDD_3V3,C146,22uF,regulator output,
CanMV-K230-V1.0_2023-09-15.pdf,3,VDD_3V3,C147,22uF,regulator output,
CanMV-K230-V1.0_2023-09-15.pdf,3,VDD_3V3,C148,22uF,regulator output,
CanMV-K230-V1.0_2023-09-15.pdf,3,VDD_1V8,C150,22uF,regulator output,
CanMV-K230-V1.0_2023-09-15.pdf,3,VDD_1V8,C151,22uF,regulator output,
CanMV-K230-V1.0_2023-09-15.pdf,3,VDD_1V8,C152,22uF,regulator output,
