reference_net,K230_ball,Samsung_function,Samsung_ball,source,status
DQ_A0,U16,DQ0_a,B2,Canaan hardware guide Figure3-12 image023 + Samsung p10,PROPOSED_DUAL_CHANNEL_ADAPTATION_NOT_TRAINING_VALIDATED
DQ_A1,T16,DQ1_a,C2,Canaan hardware guide Figure3-12 image023 + Samsung p10,PROPOSED_DUAL_CHANNEL_ADAPTATION_NOT_TRAINING_VALIDATED
DQ_A2,V16,DQ2_a,E2,Canaan hardware guide Figure3-12 image023 + Samsung p10,PROPOSED_DUAL_CHANNEL_ADAPTATION_NOT_TRAINING_VALIDATED
DQ_A3,Y16,DQ3_a,F2,Canaan hardware guide Figure3-12 image023 + Samsung p10,PROPOSED_DUAL_CHANNEL_ADAPTATION_NOT_TRAINING_VALIDATED
DQ_A4,W18,DQ4_a,F4,Canaan hardware guide Figure3-12 image023 + Samsung p10,PROPOSED_DUAL_CHANNEL_ADAPTATION_NOT_TRAINING_VALIDATED
DQ_A5,V18,DQ5_a,E4,Canaan hardware guide Figure3-12 image023 + Samsung p10,PROPOSED_DUAL_CHANNEL_ADAPTATION_NOT_TRAINING_VALIDATED
DQ_A6,Y18,DQ6_a,C4,Canaan hardware guide Figure3-12 image023 + Samsung p10,PROPOSED_DUAL_CHANNEL_ADAPTATION_NOT_TRAINING_VALIDATED
DQ_A7,U17,DQ7_a,B4,Canaan hardware guide Figure3-12 image023 + Samsung p10,PROPOSED_DUAL_CHANNEL_ADAPTATION_NOT_TRAINING_VALIDATED
DQ_A8,R17,DQ8_a,B11,Canaan hardware guide Figure3-12 image023 + Samsung p10,PROPOSED_DUAL_CHANNEL_ADAPTATION_NOT_TRAINING_VALIDATED
DQ_A9,T18,DQ9_a,C11,Canaan hardware guide Figure3-12 image023 + Samsung p10,PROPOSED_DUAL_CHANNEL_ADAPTATION_NOT_TRAINING_VALIDATED
DQ_A10,R18,DQ10_a,E11,Canaan hardware guide Figure3-12 image023 + Samsung p10,PROPOSED_DUAL_CHANNEL_ADAPTATION_NOT_TRAINING_VALIDATED
DQ_A11,U20,DQ11_a,F11,Canaan hardware guide Figure3-12 image023 + Samsung p10,PROPOSED_DUAL_CHANNEL_ADAPTATION_NOT_TRAINING_VALIDATED
DQ_A12,W19,DQ12_a,F9,Canaan hardware guide Figure3-12 image023 + Samsung p10,PROPOSED_DUAL_CHANNEL_ADAPTATION_NOT_TRAINING_VALIDATED
DQ_A13,U18,DQ13_a,E9,Canaan hardware guide Figure3-12 image023 + Samsung p10,PROPOSED_DUAL_CHANNEL_ADAPTATION_NOT_TRAINING_VALIDATED
DQ_A14,P16,DQ14_a,C9,Canaan hardware guide Figure3-12 image023 + Samsung p10,PROPOSED_DUAL_CHANNEL_ADAPTATION_NOT_TRAINING_VALIDATED
DQ_A15,T17,DQ15_a,B9,Canaan hardware guide Figure3-12 image023 + Samsung p10,PROPOSED_DUAL_CHANNEL_ADAPTATION_NOT_TRAINING_VALIDATED
DQ_B0,D17,DQ0_b,AA2,Canaan hardware guide Figure3-12 image023 + Samsung p10,PROPOSED_DUAL_CHANNEL_ADAPTATION_NOT_TRAINING_VALIDATED
DQ_B1,D16,DQ1_b,Y2,Canaan hardware guide Figure3-12 image023 + Samsung p10,PROPOSED_DUAL_CHANNEL_ADAPTATION_NOT_TRAINING_VALIDATED
DQ_B2,E18,DQ2_b,V2,Canaan hardware guide Figure3-12 image023 + Samsung p10,PROPOSED_DUAL_CHANNEL_ADAPTATION_NOT_TRAINING_VALIDATED
DQ_B3,E17,DQ3_b,U2,Canaan hardware guide Figure3-12 image023 + Samsung p10,PROPOSED_DUAL_CHANNEL_ADAPTATION_NOT_TRAINING_VALIDATED
DQ_B4,C17,DQ4_b,U4,Canaan hardware guide Figure3-12 image023 + Samsung p10,PROPOSED_DUAL_CHANNEL_ADAPTATION_NOT_TRAINING_VALIDATED
DQ_B5,C18,DQ5_b,V4,Canaan hardware guide Figure3-12 image023 + Samsung p10,PROPOSED_DUAL_CHANNEL_ADAPTATION_NOT_TRAINING_VALIDATED
DQ_B6,C19,DQ6_b,Y4,Canaan hardware guide Figure3-12 image023 + Samsung p10,PROPOSED_DUAL_CHANNEL_ADAPTATION_NOT_TRAINING_VALIDATED
DQ_B7,B19,DQ7_b,AA4,Canaan hardware guide Figure3-12 image023 + Samsung p10,PROPOSED_DUAL_CHANNEL_ADAPTATION_NOT_TRAINING_VALIDATED
DQ_B8,D14,DQ8_b,AA11,Canaan hardware guide Figure3-12 image023 + Samsung p10,PROPOSED_DUAL_CHANNEL_ADAPTATION_NOT_TRAINING_VALIDATED
DQ_B9,A14,DQ9_b,Y11,Canaan hardware guide Figure3-12 image023 + Samsung p10,PROPOSED_DUAL_CHANNEL_ADAPTATION_NOT_TRAINING_VALIDATED
DQ_B10,B14,DQ10_b,V11,Canaan hardware guide Figure3-12 image023 + Samsung p10,PROPOSED_DUAL_CHANNEL_ADAPTATION_NOT_TRAINING_VALIDATED
DQ_B11,C14,DQ11_b,U11,Canaan hardware guide Figure3-12 image023 + Samsung p10,PROPOSED_DUAL_CHANNEL_ADAPTATION_NOT_TRAINING_VALIDATED
DQ_B12,B17,DQ12_b,U9,Canaan hardware guide Figure3-12 image023 + Samsung p10,PROPOSED_DUAL_CHANNEL_ADAPTATION_NOT_TRAINING_VALIDATED
DQ_B13,C16,DQ13_b,V9,Canaan hardware guide Figure3-12 image023 + Samsung p10,PROPOSED_DUAL_CHANNEL_ADAPTATION_NOT_TRAINING_VALIDATED
DQ_B14,A17,DQ14_b,Y9,Canaan hardware guide Figure3-12 image023 + Samsung p10,PROPOSED_DUAL_CHANNEL_ADAPTATION_NOT_TRAINING_VALIDATED
DQ_B15,B16,DQ15_b,AA9,Canaan hardware guide Figure3-12 image023 + Samsung p10,PROPOSED_DUAL_CHANNEL_ADAPTATION_NOT_TRAINING_VALIDATED
CA_A0,M19,CA0_a,H2,Canaan hardware guide Figure3-12 image023 + Samsung p10,PROPOSED_DUAL_CHANNEL_ADAPTATION_NOT_TRAINING_VALIDATED
CA_A1,L16,CA1_a,J2,Canaan hardware guide Figure3-12 image023 + Samsung p10,PROPOSED_DUAL_CHANNEL_ADAPTATION_NOT_TRAINING_VALIDATED
CA_A2,N19,CA2_a,H9,Canaan hardware guide Figure3-12 image023 + Samsung p10,PROPOSED_DUAL_CHANNEL_ADAPTATION_NOT_TRAINING_VALIDATED
CA_A3,N20,CA3_a,H10,Canaan hardware guide Figure3-12 image023 + Samsung p10,PROPOSED_DUAL_CHANNEL_ADAPTATION_NOT_TRAINING_VALIDATED
CA_A4,M18,CA4_a,H11,Canaan hardware guide Figure3-12 image023 + Samsung p10,PROPOSED_DUAL_CHANNEL_ADAPTATION_NOT_TRAINING_VALIDATED
CA_A5,P19,CA5_a,J11,Canaan hardware guide Figure3-12 image023 + Samsung p10,PROPOSED_DUAL_CHANNEL_ADAPTATION_NOT_TRAINING_VALIDATED
CA_B0,E20,CA0_b,R2,Canaan hardware guide Figure3-12 image023 + Samsung p10,PROPOSED_DUAL_CHANNEL_ADAPTATION_NOT_TRAINING_VALIDATED
CA_B1,G19,CA1_b,P2,Canaan hardware guide Figure3-12 image023 + Samsung p10,PROPOSED_DUAL_CHANNEL_ADAPTATION_NOT_TRAINING_VALIDATED
CA_B2,G18,CA2_b,R9,Canaan hardware guide Figure3-12 image023 + Samsung p10,PROPOSED_DUAL_CHANNEL_ADAPTATION_NOT_TRAINING_VALIDATED
CA_B3,H17,CA3_b,R10,Canaan hardware guide Figure3-12 image023 + Samsung p10,PROPOSED_DUAL_CHANNEL_ADAPTATION_NOT_TRAINING_VALIDATED
CA_B4,F17,CA4_b,R11,Canaan hardware guide Figure3-12 image023 + Samsung p10,PROPOSED_DUAL_CHANNEL_ADAPTATION_NOT_TRAINING_VALIDATED
CA_B5,F19,CA5_b,P11,Canaan hardware guide Figure3-12 image023 + Samsung p10,PROPOSED_DUAL_CHANNEL_ADAPTATION_NOT_TRAINING_VALIDATED
CK_T_A,R19,CK_t_a,J8,Canaan hardware guide Figure3-12 image023 + Samsung p10,PROPOSED_DUAL_CHANNEL_ADAPTATION_NOT_TRAINING_VALIDATED
CK_C_A,R20,CK_c_a,J9,Canaan hardware guide Figure3-12 image023 + Samsung p10,PROPOSED_DUAL_CHANNEL_ADAPTATION_NOT_TRAINING_VALIDATED
DQS0_T_A,W17,DQS0_t_a,D3,Canaan hardware guide Figure3-12 image023 + Samsung p10,PROPOSED_DUAL_CHANNEL_ADAPTATION_NOT_TRAINING_VALIDATED
DQS0_C_A,Y17,DQS0_c_a,E3,Canaan hardware guide Figure3-12 image023 + Samsung p10,PROPOSED_DUAL_CHANNEL_ADAPTATION_NOT_TRAINING_VALIDATED
DQS1_T_A,V20,DQS1_t_a,D10,Canaan hardware guide Figure3-12 image023 + Samsung p10,PROPOSED_DUAL_CHANNEL_ADAPTATION_NOT_TRAINING_VALIDATED
DQS1_C_A,V19,DQS1_c_a,E10,Canaan hardware guide Figure3-12 image023 + Samsung p10,PROPOSED_DUAL_CHANNEL_ADAPTATION_NOT_TRAINING_VALIDATED
DMI0_A,V17,DMI0_a,C3,Canaan hardware guide Figure3-12 image023 + Samsung p10,PROPOSED_DUAL_CHANNEL_ADAPTATION_NOT_TRAINING_VALIDATED
DMI1_A,P17,DMI1_a,C10,Canaan hardware guide Figure3-12 image023 + Samsung p10,PROPOSED_DUAL_CHANNEL_ADAPTATION_NOT_TRAINING_VALIDATED
CS_A,T20,CS_a,H4,Canaan hardware guide Figure3-12 image023 + Samsung p10,PROPOSED_DUAL_CHANNEL_ADAPTATION_NOT_TRAINING_VALIDATED
CKE_A,N17,CKE_a,J4,Canaan hardware guide Figure3-12 image023 + Samsung p10,PROPOSED_DUAL_CHANNEL_ADAPTATION_NOT_TRAINING_VALIDATED
CK_T_B,G20,CK_t_b,P8,Canaan hardware guide Figure3-12 image023 + Samsung p10,PROPOSED_DUAL_CHANNEL_ADAPTATION_NOT_TRAINING_VALIDATED
CK_C_B,F20,CK_c_b,P9,Canaan hardware guide Figure3-12 image023 + Samsung p10,PROPOSED_DUAL_CHANNEL_ADAPTATION_NOT_TRAINING_VALIDATED
DQS0_T_B,B18,DQS0_t_b,W3,Canaan hardware guide Figure3-12 image023 + Samsung p10,PROPOSED_DUAL_CHANNEL_ADAPTATION_NOT_TRAINING_VALIDATED
DQS0_C_B,A18,DQS0_c_b,V3,Canaan hardware guide Figure3-12 image023 + Samsung p10,PROPOSED_DUAL_CHANNEL_ADAPTATION_NOT_TRAINING_VALIDATED
DQS1_T_B,B15,DQS1_t_b,W10,Canaan hardware guide Figure3-12 image023 + Samsung p10,PROPOSED_DUAL_CHANNEL_ADAPTATION_NOT_TRAINING_VALIDATED
DQS1_C_B,A15,DQS1_c_b,V10,Canaan hardware guide Figure3-12 image023 + Samsung p10,PROPOSED_DUAL_CHANNEL_ADAPTATION_NOT_TRAINING_VALIDATED
DMI0_B,D18,DMI0_b,Y3,Canaan hardware guide Figure3-12 image023 + Samsung p10,PROPOSED_DUAL_CHANNEL_ADAPTATION_NOT_TRAINING_VALIDATED
DMI1_B,C15,DMI1_b,Y10,Canaan hardware guide Figure3-12 image023 + Samsung p10,PROPOSED_DUAL_CHANNEL_ADAPTATION_NOT_TRAINING_VALIDATED
CS_B,J20,CS_b,R4,Canaan hardware guide Figure3-12 image023 + Samsung p10,PROPOSED_DUAL_CHANNEL_ADAPTATION_NOT_TRAINING_VALIDATED
CKE_B,J18,CKE_b,P4,Canaan hardware guide Figure3-12 image023 + Samsung p10,PROPOSED_DUAL_CHANNEL_ADAPTATION_NOT_TRAINING_VALIDATED
RESET_N_A_B,J16,RESET_n,T11,Canaan hardware guide Figure3-12 image023 + Samsung p10,PROPOSED_DUAL_CHANNEL_ADAPTATION_NOT_TRAINING_VALIDATED
