ball_or_grid,function,category,physical_ball,orientation,source_page,status
A1,DNU,DO_NOT_USE,True,TOP_VIEW_PER_DATASHEET_PAGE10,10,manufacturer_grid_extracted_not_netlist
A2,DNU,DO_NOT_USE,True,TOP_VIEW_PER_DATASHEET_PAGE10,10,manufacturer_grid_extracted_not_netlist
A3,VSS,GROUND,True,TOP_VIEW_PER_DATASHEET_PAGE10,10,manufacturer_grid_extracted_not_netlist
A4,VDD2,POWER,True,TOP_VIEW_PER_DATASHEET_PAGE10,10,manufacturer_grid_extracted_not_netlist
A5,ZQ_a,SIGNAL,True,TOP_VIEW_PER_DATASHEET_PAGE10,10,manufacturer_grid_extracted_not_netlist
A6,NB,NO_BALL,False,TOP_VIEW_PER_DATASHEET_PAGE10,10,manufacturer_grid_extracted_not_netlist
A7,NB,NO_BALL,False,TOP_VIEW_PER_DATASHEET_PAGE10,10,manufacturer_grid_extracted_not_netlist
A8,NC,NO_CONNECT,True,TOP_VIEW_PER_DATASHEET_PAGE10,10,manufacturer_grid_extracted_not_netlist
A9,VDD2,POWER,True,TOP_VIEW_PER_DATASHEET_PAGE10,10,manufacturer_grid_extracted_not_netlist
A10,VSS,GROUND,True,TOP_VIEW_PER_DATASHEET_PAGE10,10,manufacturer_grid_extracted_not_netlist
A11,DNU,DO_NOT_USE,True,TOP_VIEW_PER_DATASHEET_PAGE10,10,manufacturer_grid_extracted_not_netlist
A12,DNU,DO_NOT_USE,True,TOP_VIEW_PER_DATASHEET_PAGE10,10,manufacturer_grid_extracted_not_netlist
B1,DNU,DO_NOT_USE,True,TOP_VIEW_PER_DATASHEET_PAGE10,10,manufacturer_grid_extracted_not_netlist
B2,DQ0_a,SIGNAL,True,TOP_VIEW_PER_DATASHEET_PAGE10,10,manufacturer_grid_extracted_not_netlist
B3,VDDQ,POWER,True,TOP_VIEW_PER_DATASHEET_PAGE10,10,manufacturer_grid_extracted_not_netlist
B4,DQ7_a,SIGNAL,True,TOP_VIEW_PER_DATASHEET_PAGE10,10,manufacturer_grid_extracted_not_netlist
B5,VDDQ,POWER,True,TOP_VIEW_PER_DATASHEET_PAGE10,10,manufacturer_grid_extracted_not_netlist
B6,NB,NO_BALL,False,TOP_VIEW_PER_DATASHEET_PAGE10,10,manufacturer_grid_extracted_not_netlist
B7,NB,NO_BALL,False,TOP_VIEW_PER_DATASHEET_PAGE10,10,manufacturer_grid_extracted_not_netlist
B8,VDDQ,POWER,True,TOP_VIEW_PER_DATASHEET_PAGE10,10,manufacturer_grid_extracted_not_netlist
B9,DQ15_a,SIGNAL,True,TOP_VIEW_PER_DATASHEET_PAGE10,10,manufacturer_grid_extracted_not_netlist
B10,VDDQ,POWER,True,TOP_VIEW_PER_DATASHEET_PAGE10,10,manufacturer_grid_extracted_not_netlist
B11,DQ8_a,SIGNAL,True,TOP_VIEW_PER_DATASHEET_PAGE10,10,manufacturer_grid_extracted_not_netlist
B12,DNU,DO_NOT_USE,True,TOP_VIEW_PER_DATASHEET_PAGE10,10,manufacturer_grid_extracted_not_netlist
C1,VSS,GROUND,True,TOP_VIEW_PER_DATASHEET_PAGE10,10,manufacturer_grid_extracted_not_netlist
C2,DQ1_a,SIGNAL,True,TOP_VIEW_PER_DATASHEET_PAGE10,10,manufacturer_grid_extracted_not_netlist
C3,DMI0_a,SIGNAL,True,TOP_VIEW_PER_DATASHEET_PAGE10,10,manufacturer_grid_extracted_not_netlist
C4,DQ6_a,SIGNAL,True,TOP_VIEW_PER_DATASHEET_PAGE10,10,manufacturer_grid_extracted_not_netlist
C5,VSS,GROUND,True,TOP_VIEW_PER_DATASHEET_PAGE10,10,manufacturer_grid_extracted_not_netlist
C6,NB,NO_BALL,False,TOP_VIEW_PER_DATASHEET_PAGE10,10,manufacturer_grid_extracted_not_netlist
C7,NB,NO_BALL,False,TOP_VIEW_PER_DATASHEET_PAGE10,10,manufacturer_grid_extracted_not_netlist
C8,VSS,GROUND,True,TOP_VIEW_PER_DATASHEET_PAGE10,10,manufacturer_grid_extracted_not_netlist
C9,DQ14_a,SIGNAL,True,TOP_VIEW_PER_DATASHEET_PAGE10,10,manufacturer_grid_extracted_not_netlist
C10,DMI1_a,SIGNAL,True,TOP_VIEW_PER_DATASHEET_PAGE10,10,manufacturer_grid_extracted_not_netlist
C11,DQ9_a,SIGNAL,True,TOP_VIEW_PER_DATASHEET_PAGE10,10,manufacturer_grid_extracted_not_netlist
C12,VSS,GROUND,True,TOP_VIEW_PER_DATASHEET_PAGE10,10,manufacturer_grid_extracted_not_netlist
D1,VDDQ,POWER,True,TOP_VIEW_PER_DATASHEET_PAGE10,10,manufacturer_grid_extracted_not_netlist
D2,VSS,GROUND,True,TOP_VIEW_PER_DATASHEET_PAGE10,10,manufacturer_grid_extracted_not_netlist
D3,DQS0_t_a,SIGNAL,True,TOP_VIEW_PER_DATASHEET_PAGE10,10,manufacturer_grid_extracted_not_netlist
D4,VSS,GROUND,True,TOP_VIEW_PER_DATASHEET_PAGE10,10,manufacturer_grid_extracted_not_netlist
D5,VDDQ,POWER,True,TOP_VIEW_PER_DATASHEET_PAGE10,10,manufacturer_grid_extracted_not_netlist
D6,NB,NO_BALL,False,TOP_VIEW_PER_DATASHEET_PAGE10,10,manufacturer_grid_extracted_not_netlist
D7,NB,NO_BALL,False,TOP_VIEW_PER_DATASHEET_PAGE10,10,manufacturer_grid_extracted_not_netlist
D8,VDDQ,POWER,True,TOP_VIEW_PER_DATASHEET_PAGE10,10,manufacturer_grid_extracted_not_netlist
D9,VSS,GROUND,True,TOP_VIEW_PER_DATASHEET_PAGE10,10,manufacturer_grid_extracted_not_netlist
D10,DQS1_t_a,SIGNAL,True,TOP_VIEW_PER_DATASHEET_PAGE10,10,manufacturer_grid_extracted_not_netlist
D11,VSS,GROUND,True,TOP_VIEW_PER_DATASHEET_PAGE10,10,manufacturer_grid_extracted_not_netlist
D12,VDDQ,POWER,True,TOP_VIEW_PER_DATASHEET_PAGE10,10,manufacturer_grid_extracted_not_netlist
E1,VSS,GROUND,True,TOP_VIEW_PER_DATASHEET_PAGE10,10,manufacturer_grid_extracted_not_netlist
E2,DQ2_a,SIGNAL,True,TOP_VIEW_PER_DATASHEET_PAGE10,10,manufacturer_grid_extracted_not_netlist
E3,DQS0_c_a,SIGNAL,True,TOP_VIEW_PER_DATASHEET_PAGE10,10,manufacturer_grid_extracted_not_netlist
E4,DQ5_a,SIGNAL,True,TOP_VIEW_PER_DATASHEET_PAGE10,10,manufacturer_grid_extracted_not_netlist
E5,VSS,GROUND,True,TOP_VIEW_PER_DATASHEET_PAGE10,10,manufacturer_grid_extracted_not_netlist
E6,NB,NO_BALL,False,TOP_VIEW_PER_DATASHEET_PAGE10,10,manufacturer_grid_extracted_not_netlist
E7,NB,NO_BALL,False,TOP_VIEW_PER_DATASHEET_PAGE10,10,manufacturer_grid_extracted_not_netlist
E8,VSS,GROUND,True,TOP_VIEW_PER_DATASHEET_PAGE10,10,manufacturer_grid_extracted_not_netlist
E9,DQ13_a,SIGNAL,True,TOP_VIEW_PER_DATASHEET_PAGE10,10,manufacturer_grid_extracted_not_netlist
E10,DQS1_c_a,SIGNAL,True,TOP_VIEW_PER_DATASHEET_PAGE10,10,manufacturer_grid_extracted_not_netlist
E11,DQ10_a,SIGNAL,True,TOP_VIEW_PER_DATASHEET_PAGE10,10,manufacturer_grid_extracted_not_netlist
E12,VSS,GROUND,True,TOP_VIEW_PER_DATASHEET_PAGE10,10,manufacturer_grid_extracted_not_netlist
F1,VDD1,POWER,True,TOP_VIEW_PER_DATASHEET_PAGE10,10,manufacturer_grid_extracted_not_netlist
F2,DQ3_a,SIGNAL,True,TOP_VIEW_PER_DATASHEET_PAGE10,10,manufacturer_grid_extracted_not_netlist
F3,VDDQ,POWER,True,TOP_VIEW_PER_DATASHEET_PAGE10,10,manufacturer_grid_extracted_not_netlist
F4,DQ4_a,SIGNAL,True,TOP_VIEW_PER_DATASHEET_PAGE10,10,manufacturer_grid_extracted_not_netlist
F5,VDD2,POWER,True,TOP_VIEW_PER_DATASHEET_PAGE10,10,manufacturer_grid_extracted_not_netlist
F6,NB,NO_BALL,False,TOP_VIEW_PER_DATASHEET_PAGE10,10,manufacturer_grid_extracted_not_netlist
F7,NB,NO_BALL,False,TOP_VIEW_PER_DATASHEET_PAGE10,10,manufacturer_grid_extracted_not_netlist
F8,VDD2,POWER,True,TOP_VIEW_PER_DATASHEET_PAGE10,10,manufacturer_grid_extracted_not_netlist
F9,DQ12_a,SIGNAL,True,TOP_VIEW_PER_DATASHEET_PAGE10,10,manufacturer_grid_extracted_not_netlist
F10,VDDQ,POWER,True,TOP_VIEW_PER_DATASHEET_PAGE10,10,manufacturer_grid_extracted_not_netlist
F11,DQ11_a,SIGNAL,True,TOP_VIEW_PER_DATASHEET_PAGE10,10,manufacturer_grid_extracted_not_netlist
F12,VDD1,POWER,True,TOP_VIEW_PER_DATASHEET_PAGE10,10,manufacturer_grid_extracted_not_netlist
G1,VSS,GROUND,True,TOP_VIEW_PER_DATASHEET_PAGE10,10,manufacturer_grid_extracted_not_netlist
G2,ODT_CA_a,SIGNAL,True,TOP_VIEW_PER_DATASHEET_PAGE10,10,manufacturer_grid_extracted_not_netlist
G3,VSS,GROUND,True,TOP_VIEW_PER_DATASHEET_PAGE10,10,manufacturer_grid_extracted_not_netlist
G4,VDD1,POWER,True,TOP_VIEW_PER_DATASHEET_PAGE10,10,manufacturer_grid_extracted_not_netlist
G5,VSS,GROUND,True,TOP_VIEW_PER_DATASHEET_PAGE10,10,manufacturer_grid_extracted_not_netlist
G6,NB,NO_BALL,False,TOP_VIEW_PER_DATASHEET_PAGE10,10,manufacturer_grid_extracted_not_netlist
G7,NB,NO_BALL,False,TOP_VIEW_PER_DATASHEET_PAGE10,10,manufacturer_grid_extracted_not_netlist
G8,VSS,GROUND,True,TOP_VIEW_PER_DATASHEET_PAGE10,10,manufacturer_grid_extracted_not_netlist
G9,VDD1,POWER,True,TOP_VIEW_PER_DATASHEET_PAGE10,10,manufacturer_grid_extracted_not_netlist
G10,VSS,GROUND,True,TOP_VIEW_PER_DATASHEET_PAGE10,10,manufacturer_grid_extracted_not_netlist
G11,DNU,DO_NOT_USE,True,TOP_VIEW_PER_DATASHEET_PAGE10,10,manufacturer_grid_extracted_not_netlist
G12,VSS,GROUND,True,TOP_VIEW_PER_DATASHEET_PAGE10,10,manufacturer_grid_extracted_not_netlist
H1,VDD2,POWER,True,TOP_VIEW_PER_DATASHEET_PAGE10,10,manufacturer_grid_extracted_not_netlist
H2,CA0_a,SIGNAL,True,TOP_VIEW_PER_DATASHEET_PAGE10,10,manufacturer_grid_extracted_not_netlist
H3,NC,NO_CONNECT,True,TOP_VIEW_PER_DATASHEET_PAGE10,10,manufacturer_grid_extracted_not_netlist
H4,CS_a,SIGNAL,True,TOP_VIEW_PER_DATASHEET_PAGE10,10,manufacturer_grid_extracted_not_netlist
H5,VDD2,POWER,True,TOP_VIEW_PER_DATASHEET_PAGE10,10,manufacturer_grid_extracted_not_netlist
H6,NB,NO_BALL,False,TOP_VIEW_PER_DATASHEET_PAGE10,10,manufacturer_grid_extracted_not_netlist
H7,NB,NO_BALL,False,TOP_VIEW_PER_DATASHEET_PAGE10,10,manufacturer_grid_extracted_not_netlist
H8,VDD2,POWER,True,TOP_VIEW_PER_DATASHEET_PAGE10,10,manufacturer_grid_extracted_not_netlist
H9,CA2_a,SIGNAL,True,TOP_VIEW_PER_DATASHEET_PAGE10,10,manufacturer_grid_extracted_not_netlist
H10,CA3_a,SIGNAL,True,TOP_VIEW_PER_DATASHEET_PAGE10,10,manufacturer_grid_extracted_not_netlist
H11,CA4_a,SIGNAL,True,TOP_VIEW_PER_DATASHEET_PAGE10,10,manufacturer_grid_extracted_not_netlist
H12,VDD2,POWER,True,TOP_VIEW_PER_DATASHEET_PAGE10,10,manufacturer_grid_extracted_not_netlist
J1,VSS,GROUND,True,TOP_VIEW_PER_DATASHEET_PAGE10,10,manufacturer_grid_extracted_not_netlist
J2,CA1_a,SIGNAL,True,TOP_VIEW_PER_DATASHEET_PAGE10,10,manufacturer_grid_extracted_not_netlist
J3,VSS,GROUND,True,TOP_VIEW_PER_DATASHEET_PAGE10,10,manufacturer_grid_extracted_not_netlist
J4,CKE_a,SIGNAL,True,TOP_VIEW_PER_DATASHEET_PAGE10,10,manufacturer_grid_extracted_not_netlist
J5,NC,NO_CONNECT,True,TOP_VIEW_PER_DATASHEET_PAGE10,10,manufacturer_grid_extracted_not_netlist
J6,NB,NO_BALL,False,TOP_VIEW_PER_DATASHEET_PAGE10,10,manufacturer_grid_extracted_not_netlist
J7,NB,NO_BALL,False,TOP_VIEW_PER_DATASHEET_PAGE10,10,manufacturer_grid_extracted_not_netlist
J8,CK_t_a,SIGNAL,True,TOP_VIEW_PER_DATASHEET_PAGE10,10,manufacturer_grid_extracted_not_netlist
J9,CK_c_a,SIGNAL,True,TOP_VIEW_PER_DATASHEET_PAGE10,10,manufacturer_grid_extracted_not_netlist
J10,VSS,GROUND,True,TOP_VIEW_PER_DATASHEET_PAGE10,10,manufacturer_grid_extracted_not_netlist
J11,CA5_a,SIGNAL,True,TOP_VIEW_PER_DATASHEET_PAGE10,10,manufacturer_grid_extracted_not_netlist
J12,VSS,GROUND,True,TOP_VIEW_PER_DATASHEET_PAGE10,10,manufacturer_grid_extracted_not_netlist
K1,VDD2,POWER,True,TOP_VIEW_PER_DATASHEET_PAGE10,10,manufacturer_grid_extracted_not_netlist
K2,VSS,GROUND,True,TOP_VIEW_PER_DATASHEET_PAGE10,10,manufacturer_grid_extracted_not_netlist
K3,VDD2,POWER,True,TOP_VIEW_PER_DATASHEET_PAGE10,10,manufacturer_grid_extracted_not_netlist
K4,VSS,GROUND,True,TOP_VIEW_PER_DATASHEET_PAGE10,10,manufacturer_grid_extracted_not_netlist
K5,DNU,DO_NOT_USE,True,TOP_VIEW_PER_DATASHEET_PAGE10,10,manufacturer_grid_extracted_not_netlist
K6,NB,NO_BALL,False,TOP_VIEW_PER_DATASHEET_PAGE10,10,manufacturer_grid_extracted_not_netlist
K7,NB,NO_BALL,False,TOP_VIEW_PER_DATASHEET_PAGE10,10,manufacturer_grid_extracted_not_netlist
K8,DNU,DO_NOT_USE,True,TOP_VIEW_PER_DATASHEET_PAGE10,10,manufacturer_grid_extracted_not_netlist
K9,VSS,GROUND,True,TOP_VIEW_PER_DATASHEET_PAGE10,10,manufacturer_grid_extracted_not_netlist
K10,VDD2,POWER,True,TOP_VIEW_PER_DATASHEET_PAGE10,10,manufacturer_grid_extracted_not_netlist
K11,VSS,GROUND,True,TOP_VIEW_PER_DATASHEET_PAGE10,10,manufacturer_grid_extracted_not_netlist
K12,VDD2,POWER,True,TOP_VIEW_PER_DATASHEET_PAGE10,10,manufacturer_grid_extracted_not_netlist
L1,NB,NO_BALL,False,TOP_VIEW_PER_DATASHEET_PAGE10,10,manufacturer_grid_extracted_not_netlist
L2,NB,NO_BALL,False,TOP_VIEW_PER_DATASHEET_PAGE10,10,manufacturer_grid_extracted_not_netlist
L3,NB,NO_BALL,False,TOP_VIEW_PER_DATASHEET_PAGE10,10,manufacturer_grid_extracted_not_netlist
L4,NB,NO_BALL,False,TOP_VIEW_PER_DATASHEET_PAGE10,10,manufacturer_grid_extracted_not_netlist
L5,NB,NO_BALL,False,TOP_VIEW_PER_DATASHEET_PAGE10,10,manufacturer_grid_extracted_not_netlist
L6,NB,NO_BALL,False,TOP_VIEW_PER_DATASHEET_PAGE10,10,manufacturer_grid_extracted_not_netlist
L7,NB,NO_BALL,False,TOP_VIEW_PER_DATASHEET_PAGE10,10,manufacturer_grid_extracted_not_netlist
L8,NB,NO_BALL,False,TOP_VIEW_PER_DATASHEET_PAGE10,10,manufacturer_grid_extracted_not_netlist
L9,NB,NO_BALL,False,TOP_VIEW_PER_DATASHEET_PAGE10,10,manufacturer_grid_extracted_not_netlist
L10,NB,NO_BALL,False,TOP_VIEW_PER_DATASHEET_PAGE10,10,manufacturer_grid_extracted_not_netlist
L11,NB,NO_BALL,False,TOP_VIEW_PER_DATASHEET_PAGE10,10,manufacturer_grid_extracted_not_netlist
L12,NB,NO_BALL,False,TOP_VIEW_PER_DATASHEET_PAGE10,10,manufacturer_grid_extracted_not_netlist
M1,NB,NO_BALL,False,TOP_VIEW_PER_DATASHEET_PAGE10,10,manufacturer_grid_extracted_not_netlist
M2,NB,NO_BALL,False,TOP_VIEW_PER_DATASHEET_PAGE10,10,manufacturer_grid_extracted_not_netlist
M3,NB,NO_BALL,False,TOP_VIEW_PER_DATASHEET_PAGE10,10,manufacturer_grid_extracted_not_netlist
M4,NB,NO_BALL,False,TOP_VIEW_PER_DATASHEET_PAGE10,10,manufacturer_grid_extracted_not_netlist
M5,NB,NO_BALL,False,TOP_VIEW_PER_DATASHEET_PAGE10,10,manufacturer_grid_extracted_not_netlist
M6,NB,NO_BALL,False,TOP_VIEW_PER_DATASHEET_PAGE10,10,manufacturer_grid_extracted_not_netlist
M7,NB,NO_BALL,False,TOP_VIEW_PER_DATASHEET_PAGE10,10,manufacturer_grid_extracted_not_netlist
M8,NB,NO_BALL,False,TOP_VIEW_PER_DATASHEET_PAGE10,10,manufacturer_grid_extracted_not_netlist
M9,NB,NO_BALL,False,TOP_VIEW_PER_DATASHEET_PAGE10,10,manufacturer_grid_extracted_not_netlist
M10,NB,NO_BALL,False,TOP_VIEW_PER_DATASHEET_PAGE10,10,manufacturer_grid_extracted_not_netlist
M11,NB,NO_BALL,False,TOP_VIEW_PER_DATASHEET_PAGE10,10,manufacturer_grid_extracted_not_netlist
M12,NB,NO_BALL,False,TOP_VIEW_PER_DATASHEET_PAGE10,10,manufacturer_grid_extracted_not_netlist
N1,VDD2,POWER,True,TOP_VIEW_PER_DATASHEET_PAGE10,10,manufacturer_grid_extracted_not_netlist
N2,VSS,GROUND,True,TOP_VIEW_PER_DATASHEET_PAGE10,10,manufacturer_grid_extracted_not_netlist
N3,VDD2,POWER,True,TOP_VIEW_PER_DATASHEET_PAGE10,10,manufacturer_grid_extracted_not_netlist
N4,VSS,GROUND,True,TOP_VIEW_PER_DATASHEET_PAGE10,10,manufacturer_grid_extracted_not_netlist
N5,DNU,DO_NOT_USE,True,TOP_VIEW_PER_DATASHEET_PAGE10,10,manufacturer_grid_extracted_not_netlist
N6,NB,NO_BALL,False,TOP_VIEW_PER_DATASHEET_PAGE10,10,manufacturer_grid_extracted_not_netlist
N7,NB,NO_BALL,False,TOP_VIEW_PER_DATASHEET_PAGE10,10,manufacturer_grid_extracted_not_netlist
N8,DNU,DO_NOT_USE,True,TOP_VIEW_PER_DATASHEET_PAGE10,10,manufacturer_grid_extracted_not_netlist
N9,VSS,GROUND,True,TOP_VIEW_PER_DATASHEET_PAGE10,10,manufacturer_grid_extracted_not_netlist
N10,VDD2,POWER,True,TOP_VIEW_PER_DATASHEET_PAGE10,10,manufacturer_grid_extracted_not_netlist
N11,VSS,GROUND,True,TOP_VIEW_PER_DATASHEET_PAGE10,10,manufacturer_grid_extracted_not_netlist
N12,VDD2,POWER,True,TOP_VIEW_PER_DATASHEET_PAGE10,10,manufacturer_grid_extracted_not_netlist
P1,VSS,GROUND,True,TOP_VIEW_PER_DATASHEET_PAGE10,10,manufacturer_grid_extracted_not_netlist
P2,CA1_b,SIGNAL,True,TOP_VIEW_PER_DATASHEET_PAGE10,10,manufacturer_grid_extracted_not_netlist
P3,VSS,GROUND,True,TOP_VIEW_PER_DATASHEET_PAGE10,10,manufacturer_grid_extracted_not_netlist
P4,CKE_b,SIGNAL,True,TOP_VIEW_PER_DATASHEET_PAGE10,10,manufacturer_grid_extracted_not_netlist
P5,NC,NO_CONNECT,True,TOP_VIEW_PER_DATASHEET_PAGE10,10,manufacturer_grid_extracted_not_netlist
P6,NB,NO_BALL,False,TOP_VIEW_PER_DATASHEET_PAGE10,10,manufacturer_grid_extracted_not_netlist
P7,NB,NO_BALL,False,TOP_VIEW_PER_DATASHEET_PAGE10,10,manufacturer_grid_extracted_not_netlist
P8,CK_t_b,SIGNAL,True,TOP_VIEW_PER_DATASHEET_PAGE10,10,manufacturer_grid_extracted_not_netlist
P9,CK_c_b,SIGNAL,True,TOP_VIEW_PER_DATASHEET_PAGE10,10,manufacturer_grid_extracted_not_netlist
P10,VSS,GROUND,True,TOP_VIEW_PER_DATASHEET_PAGE10,10,manufacturer_grid_extracted_not_netlist
P11,CA5_b,SIGNAL,True,TOP_VIEW_PER_DATASHEET_PAGE10,10,manufacturer_grid_extracted_not_netlist
P12,VSS,GROUND,True,TOP_VIEW_PER_DATASHEET_PAGE10,10,manufacturer_grid_extracted_not_netlist
R1,VDD2,POWER,True,TOP_VIEW_PER_DATASHEET_PAGE10,10,manufacturer_grid_extracted_not_netlist
R2,CA0_b,SIGNAL,True,TOP_VIEW_PER_DATASHEET_PAGE10,10,manufacturer_grid_extracted_not_netlist
R3,NC,NO_CONNECT,True,TOP_VIEW_PER_DATASHEET_PAGE10,10,manufacturer_grid_extracted_not_netlist
R4,CS_b,SIGNAL,True,TOP_VIEW_PER_DATASHEET_PAGE10,10,manufacturer_grid_extracted_not_netlist
R5,VDD2,POWER,True,TOP_VIEW_PER_DATASHEET_PAGE10,10,manufacturer_grid_extracted_not_netlist
R6,NB,NO_BALL,False,TOP_VIEW_PER_DATASHEET_PAGE10,10,manufacturer_grid_extracted_not_netlist
R7,NB,NO_BALL,False,TOP_VIEW_PER_DATASHEET_PAGE10,10,manufacturer_grid_extracted_not_netlist
R8,VDD2,POWER,True,TOP_VIEW_PER_DATASHEET_PAGE10,10,manufacturer_grid_extracted_not_netlist
R9,CA2_b,SIGNAL,True,TOP_VIEW_PER_DATASHEET_PAGE10,10,manufacturer_grid_extracted_not_netlist
R10,CA3_b,SIGNAL,True,TOP_VIEW_PER_DATASHEET_PAGE10,10,manufacturer_grid_extracted_not_netlist
R11,CA4_b,SIGNAL,True,TOP_VIEW_PER_DATASHEET_PAGE10,10,manufacturer_grid_extracted_not_netlist
R12,VDD2,POWER,True,TOP_VIEW_PER_DATASHEET_PAGE10,10,manufacturer_grid_extracted_not_netlist
T1,VSS,GROUND,True,TOP_VIEW_PER_DATASHEET_PAGE10,10,manufacturer_grid_extracted_not_netlist
T2,ODT_CA_b,SIGNAL,True,TOP_VIEW_PER_DATASHEET_PAGE10,10,manufacturer_grid_extracted_not_netlist
T3,VSS,GROUND,True,TOP_VIEW_PER_DATASHEET_PAGE10,10,manufacturer_grid_extracted_not_netlist
T4,VDD1,POWER,True,TOP_VIEW_PER_DATASHEET_PAGE10,10,manufacturer_grid_extracted_not_netlist
T5,VSS,GROUND,True,TOP_VIEW_PER_DATASHEET_PAGE10,10,manufacturer_grid_extracted_not_netlist
T6,NB,NO_BALL,False,TOP_VIEW_PER_DATASHEET_PAGE10,10,manufacturer_grid_extracted_not_netlist
T7,NB,NO_BALL,False,TOP_VIEW_PER_DATASHEET_PAGE10,10,manufacturer_grid_extracted_not_netlist
T8,VSS,GROUND,True,TOP_VIEW_PER_DATASHEET_PAGE10,10,manufacturer_grid_extracted_not_netlist
T9,VDD1,POWER,True,TOP_VIEW_PER_DATASHEET_PAGE10,10,manufacturer_grid_extracted_not_netlist
T10,VSS,GROUND,True,TOP_VIEW_PER_DATASHEET_PAGE10,10,manufacturer_grid_extracted_not_netlist
T11,RESET_n,SIGNAL,True,TOP_VIEW_PER_DATASHEET_PAGE10,10,manufacturer_grid_extracted_not_netlist
T12,VSS,GROUND,True,TOP_VIEW_PER_DATASHEET_PAGE10,10,manufacturer_grid_extracted_not_netlist
U1,VDD1,POWER,True,TOP_VIEW_PER_DATASHEET_PAGE10,10,manufacturer_grid_extracted_not_netlist
U2,DQ3_b,SIGNAL,True,TOP_VIEW_PER_DATASHEET_PAGE10,10,manufacturer_grid_extracted_not_netlist
U3,VDDQ,POWER,True,TOP_VIEW_PER_DATASHEET_PAGE10,10,manufacturer_grid_extracted_not_netlist
U4,DQ4_b,SIGNAL,True,TOP_VIEW_PER_DATASHEET_PAGE10,10,manufacturer_grid_extracted_not_netlist
U5,VDD2,POWER,True,TOP_VIEW_PER_DATASHEET_PAGE10,10,manufacturer_grid_extracted_not_netlist
U6,NB,NO_BALL,False,TOP_VIEW_PER_DATASHEET_PAGE10,10,manufacturer_grid_extracted_not_netlist
U7,NB,NO_BALL,False,TOP_VIEW_PER_DATASHEET_PAGE10,10,manufacturer_grid_extracted_not_netlist
U8,VDD2,POWER,True,TOP_VIEW_PER_DATASHEET_PAGE10,10,manufacturer_grid_extracted_not_netlist
U9,DQ12_b,SIGNAL,True,TOP_VIEW_PER_DATASHEET_PAGE10,10,manufacturer_grid_extracted_not_netlist
U10,VDDQ,POWER,True,TOP_VIEW_PER_DATASHEET_PAGE10,10,manufacturer_grid_extracted_not_netlist
U11,DQ11_b,SIGNAL,True,TOP_VIEW_PER_DATASHEET_PAGE10,10,manufacturer_grid_extracted_not_netlist
U12,VDD1,POWER,True,TOP_VIEW_PER_DATASHEET_PAGE10,10,manufacturer_grid_extracted_not_netlist
V1,VSS,GROUND,True,TOP_VIEW_PER_DATASHEET_PAGE10,10,manufacturer_grid_extracted_not_netlist
V2,DQ2_b,SIGNAL,True,TOP_VIEW_PER_DATASHEET_PAGE10,10,manufacturer_grid_extracted_not_netlist
V3,DQS0_c_b,SIGNAL,True,TOP_VIEW_PER_DATASHEET_PAGE10,10,manufacturer_grid_extracted_not_netlist
V4,DQ5_b,SIGNAL,True,TOP_VIEW_PER_DATASHEET_PAGE10,10,manufacturer_grid_extracted_not_netlist
V5,VSS,GROUND,True,TOP_VIEW_PER_DATASHEET_PAGE10,10,manufacturer_grid_extracted_not_netlist
V6,NB,NO_BALL,False,TOP_VIEW_PER_DATASHEET_PAGE10,10,manufacturer_grid_extracted_not_netlist
V7,NB,NO_BALL,False,TOP_VIEW_PER_DATASHEET_PAGE10,10,manufacturer_grid_extracted_not_netlist
V8,VSS,GROUND,True,TOP_VIEW_PER_DATASHEET_PAGE10,10,manufacturer_grid_extracted_not_netlist
V9,DQ13_b,SIGNAL,True,TOP_VIEW_PER_DATASHEET_PAGE10,10,manufacturer_grid_extracted_not_netlist
V10,DQS1_c_b,SIGNAL,True,TOP_VIEW_PER_DATASHEET_PAGE10,10,manufacturer_grid_extracted_not_netlist
V11,DQ10_b,SIGNAL,True,TOP_VIEW_PER_DATASHEET_PAGE10,10,manufacturer_grid_extracted_not_netlist
V12,VSS,GROUND,True,TOP_VIEW_PER_DATASHEET_PAGE10,10,manufacturer_grid_extracted_not_netlist
W1,VDDQ,POWER,True,TOP_VIEW_PER_DATASHEET_PAGE10,10,manufacturer_grid_extracted_not_netlist
W2,VSS,GROUND,True,TOP_VIEW_PER_DATASHEET_PAGE10,10,manufacturer_grid_extracted_not_netlist
W3,DQS0_t_b,SIGNAL,True,TOP_VIEW_PER_DATASHEET_PAGE10,10,manufacturer_grid_extracted_not_netlist
W4,VSS,GROUND,True,TOP_VIEW_PER_DATASHEET_PAGE10,10,manufacturer_grid_extracted_not_netlist
W5,VDDQ,POWER,True,TOP_VIEW_PER_DATASHEET_PAGE10,10,manufacturer_grid_extracted_not_netlist
W6,NB,NO_BALL,False,TOP_VIEW_PER_DATASHEET_PAGE10,10,manufacturer_grid_extracted_not_netlist
W7,NB,NO_BALL,False,TOP_VIEW_PER_DATASHEET_PAGE10,10,manufacturer_grid_extracted_not_netlist
W8,VDDQ,POWER,True,TOP_VIEW_PER_DATASHEET_PAGE10,10,manufacturer_grid_extracted_not_netlist
W9,VSS,GROUND,True,TOP_VIEW_PER_DATASHEET_PAGE10,10,manufacturer_grid_extracted_not_netlist
W10,DQS1_t_b,SIGNAL,True,TOP_VIEW_PER_DATASHEET_PAGE10,10,manufacturer_grid_extracted_not_netlist
W11,VSS,GROUND,True,TOP_VIEW_PER_DATASHEET_PAGE10,10,manufacturer_grid_extracted_not_netlist
W12,VDDQ,POWER,True,TOP_VIEW_PER_DATASHEET_PAGE10,10,manufacturer_grid_extracted_not_netlist
Y1,VSS,GROUND,True,TOP_VIEW_PER_DATASHEET_PAGE10,10,manufacturer_grid_extracted_not_netlist
Y2,DQ1_b,SIGNAL,True,TOP_VIEW_PER_DATASHEET_PAGE10,10,manufacturer_grid_extracted_not_netlist
Y3,DMI0_b,SIGNAL,True,TOP_VIEW_PER_DATASHEET_PAGE10,10,manufacturer_grid_extracted_not_netlist
Y4,DQ6_b,SIGNAL,True,TOP_VIEW_PER_DATASHEET_PAGE10,10,manufacturer_grid_extracted_not_netlist
Y5,VSS,GROUND,True,TOP_VIEW_PER_DATASHEET_PAGE10,10,manufacturer_grid_extracted_not_netlist
Y6,NB,NO_BALL,False,TOP_VIEW_PER_DATASHEET_PAGE10,10,manufacturer_grid_extracted_not_netlist
Y7,NB,NO_BALL,False,TOP_VIEW_PER_DATASHEET_PAGE10,10,manufacturer_grid_extracted_not_netlist
Y8,VSS,GROUND,True,TOP_VIEW_PER_DATASHEET_PAGE10,10,manufacturer_grid_extracted_not_netlist
Y9,DQ14_b,SIGNAL,True,TOP_VIEW_PER_DATASHEET_PAGE10,10,manufacturer_grid_extracted_not_netlist
Y10,DMI1_b,SIGNAL,True,TOP_VIEW_PER_DATASHEET_PAGE10,10,manufacturer_grid_extracted_not_netlist
Y11,DQ9_b,SIGNAL,True,TOP_VIEW_PER_DATASHEET_PAGE10,10,manufacturer_grid_extracted_not_netlist
Y12,VSS,GROUND,True,TOP_VIEW_PER_DATASHEET_PAGE10,10,manufacturer_grid_extracted_not_netlist
AA1,DNU,DO_NOT_USE,True,TOP_VIEW_PER_DATASHEET_PAGE10,10,manufacturer_grid_extracted_not_netlist
AA2,DQ0_b,SIGNAL,True,TOP_VIEW_PER_DATASHEET_PAGE10,10,manufacturer_grid_extracted_not_netlist
AA3,VDDQ,POWER,True,TOP_VIEW_PER_DATASHEET_PAGE10,10,manufacturer_grid_extracted_not_netlist
AA4,DQ7_b,SIGNAL,True,TOP_VIEW_PER_DATASHEET_PAGE10,10,manufacturer_grid_extracted_not_netlist
AA5,VDDQ,POWER,True,TOP_VIEW_PER_DATASHEET_PAGE10,10,manufacturer_grid_extracted_not_netlist
AA6,NB,NO_BALL,False,TOP_VIEW_PER_DATASHEET_PAGE10,10,manufacturer_grid_extracted_not_netlist
AA7,NB,NO_BALL,False,TOP_VIEW_PER_DATASHEET_PAGE10,10,manufacturer_grid_extracted_not_netlist
AA8,VDDQ,POWER,True,TOP_VIEW_PER_DATASHEET_PAGE10,10,manufacturer_grid_extracted_not_netlist
AA9,DQ15_b,SIGNAL,True,TOP_VIEW_PER_DATASHEET_PAGE10,10,manufacturer_grid_extracted_not_netlist
AA10,VDDQ,POWER,True,TOP_VIEW_PER_DATASHEET_PAGE10,10,manufacturer_grid_extracted_not_netlist
AA11,DQ8_b,SIGNAL,True,TOP_VIEW_PER_DATASHEET_PAGE10,10,manufacturer_grid_extracted_not_netlist
AA12,DNU,DO_NOT_USE,True,TOP_VIEW_PER_DATASHEET_PAGE10,10,manufacturer_grid_extracted_not_netlist
AB1,DNU,DO_NOT_USE,True,TOP_VIEW_PER_DATASHEET_PAGE10,10,manufacturer_grid_extracted_not_netlist
AB2,DNU,DO_NOT_USE,True,TOP_VIEW_PER_DATASHEET_PAGE10,10,manufacturer_grid_extracted_not_netlist
AB3,VSS,GROUND,True,TOP_VIEW_PER_DATASHEET_PAGE10,10,manufacturer_grid_extracted_not_netlist
AB4,VDD2,POWER,True,TOP_VIEW_PER_DATASHEET_PAGE10,10,manufacturer_grid_extracted_not_netlist
AB5,VSS,GROUND,True,TOP_VIEW_PER_DATASHEET_PAGE10,10,manufacturer_grid_extracted_not_netlist
AB6,NB,NO_BALL,False,TOP_VIEW_PER_DATASHEET_PAGE10,10,manufacturer_grid_extracted_not_netlist
AB7,NB,NO_BALL,False,TOP_VIEW_PER_DATASHEET_PAGE10,10,manufacturer_grid_extracted_not_netlist
AB8,VSS,GROUND,True,TOP_VIEW_PER_DATASHEET_PAGE10,10,manufacturer_grid_extracted_not_netlist
AB9,VDD2,POWER,True,TOP_VIEW_PER_DATASHEET_PAGE10,10,manufacturer_grid_extracted_not_netlist
AB10,VSS,GROUND,True,TOP_VIEW_PER_DATASHEET_PAGE10,10,manufacturer_grid_extracted_not_netlist
AB11,DNU,DO_NOT_USE,True,TOP_VIEW_PER_DATASHEET_PAGE10,10,manufacturer_grid_extracted_not_netlist
AB12,DNU,DO_NOT_USE,True,TOP_VIEW_PER_DATASHEET_PAGE10,10,manufacturer_grid_extracted_not_netlist
