ball_or_grid,function,physical_ball,source_page,orientation,status
A1,NC,True,5,Ball-side down view (manufacturer wording),SOURCE_P5_VECTOR_CIRCLE_AND_LABEL_VERIFIED
A2,NC,True,5,Ball-side down view (manufacturer wording),SOURCE_P5_VECTOR_CIRCLE_AND_LABEL_VERIFIED
A3,DAT0,True,5,Ball-side down view (manufacturer wording),SOURCE_P5_VECTOR_CIRCLE_AND_LABEL_VERIFIED
A4,DAT1,True,5,Ball-side down view (manufacturer wording),SOURCE_P5_VECTOR_CIRCLE_AND_LABEL_VERIFIED
A5,DAT2,True,5,Ball-side down view (manufacturer wording),SOURCE_P5_VECTOR_CIRCLE_AND_LABEL_VERIFIED
A6,VSS,True,5,Ball-side down view (manufacturer wording),SOURCE_P5_VECTOR_CIRCLE_AND_LABEL_VERIFIED
A7,RFU,True,5,Ball-side down view (manufacturer wording),SOURCE_P5_VECTOR_CIRCLE_AND_LABEL_VERIFIED
A8,NC,True,5,Ball-side down view (manufacturer wording),SOURCE_P5_VECTOR_CIRCLE_AND_LABEL_VERIFIED
A9,NC,True,5,Ball-side down view (manufacturer wording),SOURCE_P5_VECTOR_CIRCLE_AND_LABEL_VERIFIED
A10,NC,True,5,Ball-side down view (manufacturer wording),SOURCE_P5_VECTOR_CIRCLE_AND_LABEL_VERIFIED
A11,NC,True,5,Ball-side down view (manufacturer wording),SOURCE_P5_VECTOR_CIRCLE_AND_LABEL_VERIFIED
A12,NC,True,5,Ball-side down view (manufacturer wording),SOURCE_P5_VECTOR_CIRCLE_AND_LABEL_VERIFIED
A13,NC,True,5,Ball-side down view (manufacturer wording),SOURCE_P5_VECTOR_CIRCLE_AND_LABEL_VERIFIED
A14,NC,True,5,Ball-side down view (manufacturer wording),SOURCE_P5_VECTOR_CIRCLE_AND_LABEL_VERIFIED
B1,NC,True,5,Ball-side down view (manufacturer wording),SOURCE_P5_VECTOR_CIRCLE_AND_LABEL_VERIFIED
B2,DAT3,True,5,Ball-side down view (manufacturer wording),SOURCE_P5_VECTOR_CIRCLE_AND_LABEL_VERIFIED
B3,DAT4,True,5,Ball-side down view (manufacturer wording),SOURCE_P5_VECTOR_CIRCLE_AND_LABEL_VERIFIED
B4,DAT5,True,5,Ball-side down view (manufacturer wording),SOURCE_P5_VECTOR_CIRCLE_AND_LABEL_VERIFIED
B5,DAT6,True,5,Ball-side down view (manufacturer wording),SOURCE_P5_VECTOR_CIRCLE_AND_LABEL_VERIFIED
B6,DAT7,True,5,Ball-side down view (manufacturer wording),SOURCE_P5_VECTOR_CIRCLE_AND_LABEL_VERIFIED
B7,NC,True,5,Ball-side down view (manufacturer wording),SOURCE_P5_VECTOR_CIRCLE_AND_LABEL_VERIFIED
B8,NC,True,5,Ball-side down view (manufacturer wording),SOURCE_P5_VECTOR_CIRCLE_AND_LABEL_VERIFIED
B9,NC,True,5,Ball-side down view (manufacturer wording),SOURCE_P5_VECTOR_CIRCLE_AND_LABEL_VERIFIED
B10,NC,True,5,Ball-side down view (manufacturer wording),SOURCE_P5_VECTOR_CIRCLE_AND_LABEL_VERIFIED
B11,NC,True,5,Ball-side down view (manufacturer wording),SOURCE_P5_VECTOR_CIRCLE_AND_LABEL_VERIFIED
B12,NC,True,5,Ball-side down view (manufacturer wording),SOURCE_P5_VECTOR_CIRCLE_AND_LABEL_VERIFIED
B13,NC,True,5,Ball-side down view (manufacturer wording),SOURCE_P5_VECTOR_CIRCLE_AND_LABEL_VERIFIED
B14,NC,True,5,Ball-side down view (manufacturer wording),SOURCE_P5_VECTOR_CIRCLE_AND_LABEL_VERIFIED
C1,NC,True,5,Ball-side down view (manufacturer wording),SOURCE_P5_VECTOR_CIRCLE_AND_LABEL_VERIFIED
C2,VDDI,True,5,Ball-side down view (manufacturer wording),SOURCE_P5_VECTOR_CIRCLE_AND_LABEL_VERIFIED
C3,NC,True,5,Ball-side down view (manufacturer wording),SOURCE_P5_VECTOR_CIRCLE_AND_LABEL_VERIFIED
C4,VSS,True,5,Ball-side down view (manufacturer wording),SOURCE_P5_VECTOR_CIRCLE_AND_LABEL_VERIFIED
C5,NC,True,5,Ball-side down view (manufacturer wording),SOURCE_P5_VECTOR_CIRCLE_AND_LABEL_VERIFIED
C6,VDD,True,5,Ball-side down view (manufacturer wording),SOURCE_P5_VECTOR_CIRCLE_AND_LABEL_VERIFIED
C7,NC,True,5,Ball-side down view (manufacturer wording),SOURCE_P5_VECTOR_CIRCLE_AND_LABEL_VERIFIED
C8,NC,True,5,Ball-side down view (manufacturer wording),SOURCE_P5_VECTOR_CIRCLE_AND_LABEL_VERIFIED
C9,NC,True,5,Ball-side down view (manufacturer wording),SOURCE_P5_VECTOR_CIRCLE_AND_LABEL_VERIFIED
C10,NC,True,5,Ball-side down view (manufacturer wording),SOURCE_P5_VECTOR_CIRCLE_AND_LABEL_VERIFIED
C11,NC,True,5,Ball-side down view (manufacturer wording),SOURCE_P5_VECTOR_CIRCLE_AND_LABEL_VERIFIED
C12,NC,True,5,Ball-side down view (manufacturer wording),SOURCE_P5_VECTOR_CIRCLE_AND_LABEL_VERIFIED
C13,NC,True,5,Ball-side down view (manufacturer wording),SOURCE_P5_VECTOR_CIRCLE_AND_LABEL_VERIFIED
C14,NC,True,5,Ball-side down view (manufacturer wording),SOURCE_P5_VECTOR_CIRCLE_AND_LABEL_VERIFIED
D1,NC,True,5,Ball-side down view (manufacturer wording),SOURCE_P5_VECTOR_CIRCLE_AND_LABEL_VERIFIED
D2,NC,True,5,Ball-side down view (manufacturer wording),SOURCE_P5_VECTOR_CIRCLE_AND_LABEL_VERIFIED
D3,NC,True,5,Ball-side down view (manufacturer wording),SOURCE_P5_VECTOR_CIRCLE_AND_LABEL_VERIFIED
D4,NC,True,5,Ball-side down view (manufacturer wording),SOURCE_P5_VECTOR_CIRCLE_AND_LABEL_VERIFIED
D5,NO_BALL,False,5,Ball-side down view (manufacturer wording),SOURCE_P5_VECTOR_CIRCLE_AND_LABEL_VERIFIED
D6,NO_BALL,False,5,Ball-side down view (manufacturer wording),SOURCE_P5_VECTOR_CIRCLE_AND_LABEL_VERIFIED
D7,NO_BALL,False,5,Ball-side down view (manufacturer wording),SOURCE_P5_VECTOR_CIRCLE_AND_LABEL_VERIFIED
D8,NO_BALL,False,5,Ball-side down view (manufacturer wording),SOURCE_P5_VECTOR_CIRCLE_AND_LABEL_VERIFIED
D9,NO_BALL,False,5,Ball-side down view (manufacturer wording),SOURCE_P5_VECTOR_CIRCLE_AND_LABEL_VERIFIED
D10,NO_BALL,False,5,Ball-side down view (manufacturer wording),SOURCE_P5_VECTOR_CIRCLE_AND_LABEL_VERIFIED
D11,NO_BALL,False,5,Ball-side down view (manufacturer wording),SOURCE_P5_VECTOR_CIRCLE_AND_LABEL_VERIFIED
D12,NC,True,5,Ball-side down view (manufacturer wording),SOURCE_P5_VECTOR_CIRCLE_AND_LABEL_VERIFIED
D13,NC,True,5,Ball-side down view (manufacturer wording),SOURCE_P5_VECTOR_CIRCLE_AND_LABEL_VERIFIED
D14,NC,True,5,Ball-side down view (manufacturer wording),SOURCE_P5_VECTOR_CIRCLE_AND_LABEL_VERIFIED
E1,NC,True,5,Ball-side down view (manufacturer wording),SOURCE_P5_VECTOR_CIRCLE_AND_LABEL_VERIFIED
E2,NC,True,5,Ball-side down view (manufacturer wording),SOURCE_P5_VECTOR_CIRCLE_AND_LABEL_VERIFIED
E3,NC,True,5,Ball-side down view (manufacturer wording),SOURCE_P5_VECTOR_CIRCLE_AND_LABEL_VERIFIED
E4,NO_BALL,False,5,Ball-side down view (manufacturer wording),SOURCE_P5_VECTOR_CIRCLE_AND_LABEL_VERIFIED
E5,RFU,True,5,Ball-side down view (manufacturer wording),SOURCE_P5_VECTOR_CIRCLE_AND_LABEL_VERIFIED
E6,VDDF,True,5,Ball-side down view (manufacturer wording),SOURCE_P5_VECTOR_CIRCLE_AND_LABEL_VERIFIED
E7,VSS,True,5,Ball-side down view (manufacturer wording),SOURCE_P5_VECTOR_CIRCLE_AND_LABEL_VERIFIED
E8,RFU,True,5,Ball-side down view (manufacturer wording),SOURCE_P5_VECTOR_CIRCLE_AND_LABEL_VERIFIED
E9,RFU,True,5,Ball-side down view (manufacturer wording),SOURCE_P5_VECTOR_CIRCLE_AND_LABEL_VERIFIED
E10,RFU,True,5,Ball-side down view (manufacturer wording),SOURCE_P5_VECTOR_CIRCLE_AND_LABEL_VERIFIED
E11,NO_BALL,False,5,Ball-side down view (manufacturer wording),SOURCE_P5_VECTOR_CIRCLE_AND_LABEL_VERIFIED
E12,NC,True,5,Ball-side down view (manufacturer wording),SOURCE_P5_VECTOR_CIRCLE_AND_LABEL_VERIFIED
E13,NC,True,5,Ball-side down view (manufacturer wording),SOURCE_P5_VECTOR_CIRCLE_AND_LABEL_VERIFIED
E14,NC,True,5,Ball-side down view (manufacturer wording),SOURCE_P5_VECTOR_CIRCLE_AND_LABEL_VERIFIED
F1,NC,True,5,Ball-side down view (manufacturer wording),SOURCE_P5_VECTOR_CIRCLE_AND_LABEL_VERIFIED
F2,NC,True,5,Ball-side down view (manufacturer wording),SOURCE_P5_VECTOR_CIRCLE_AND_LABEL_VERIFIED
F3,NC,True,5,Ball-side down view (manufacturer wording),SOURCE_P5_VECTOR_CIRCLE_AND_LABEL_VERIFIED
F4,NO_BALL,False,5,Ball-side down view (manufacturer wording),SOURCE_P5_VECTOR_CIRCLE_AND_LABEL_VERIFIED
F5,VDDF,True,5,Ball-side down view (manufacturer wording),SOURCE_P5_VECTOR_CIRCLE_AND_LABEL_VERIFIED
F6,NO_BALL,False,5,Ball-side down view (manufacturer wording),SOURCE_P5_VECTOR_CIRCLE_AND_LABEL_VERIFIED
F7,NO_BALL,False,5,Ball-side down view (manufacturer wording),SOURCE_P5_VECTOR_CIRCLE_AND_LABEL_VERIFIED
F8,NO_BALL,False,5,Ball-side down view (manufacturer wording),SOURCE_P5_VECTOR_CIRCLE_AND_LABEL_VERIFIED
F9,NO_BALL,False,5,Ball-side down view (manufacturer wording),SOURCE_P5_VECTOR_CIRCLE_AND_LABEL_VERIFIED
F10,RFU,True,5,Ball-side down view (manufacturer wording),SOURCE_P5_VECTOR_CIRCLE_AND_LABEL_VERIFIED
F11,NO_BALL,False,5,Ball-side down view (manufacturer wording),SOURCE_P5_VECTOR_CIRCLE_AND_LABEL_VERIFIED
F12,NC,True,5,Ball-side down view (manufacturer wording),SOURCE_P5_VECTOR_CIRCLE_AND_LABEL_VERIFIED
F13,NC,True,5,Ball-side down view (manufacturer wording),SOURCE_P5_VECTOR_CIRCLE_AND_LABEL_VERIFIED
F14,NC,True,5,Ball-side down view (manufacturer wording),SOURCE_P5_VECTOR_CIRCLE_AND_LABEL_VERIFIED
G1,NC,True,5,Ball-side down view (manufacturer wording),SOURCE_P5_VECTOR_CIRCLE_AND_LABEL_VERIFIED
G2,NC,True,5,Ball-side down view (manufacturer wording),SOURCE_P5_VECTOR_CIRCLE_AND_LABEL_VERIFIED
G3,RFU,True,5,Ball-side down view (manufacturer wording),SOURCE_P5_VECTOR_CIRCLE_AND_LABEL_VERIFIED
G4,NO_BALL,False,5,Ball-side down view (manufacturer wording),SOURCE_P5_VECTOR_CIRCLE_AND_LABEL_VERIFIED
G5,VSS,True,5,Ball-side down view (manufacturer wording),SOURCE_P5_VECTOR_CIRCLE_AND_LABEL_VERIFIED
G6,NO_BALL,False,5,Ball-side down view (manufacturer wording),SOURCE_P5_VECTOR_CIRCLE_AND_LABEL_VERIFIED
G7,NO_BALL,False,5,Ball-side down view (manufacturer wording),SOURCE_P5_VECTOR_CIRCLE_AND_LABEL_VERIFIED
G8,NO_BALL,False,5,Ball-side down view (manufacturer wording),SOURCE_P5_VECTOR_CIRCLE_AND_LABEL_VERIFIED
G9,NO_BALL,False,5,Ball-side down view (manufacturer wording),SOURCE_P5_VECTOR_CIRCLE_AND_LABEL_VERIFIED
G10,RFU,True,5,Ball-side down view (manufacturer wording),SOURCE_P5_VECTOR_CIRCLE_AND_LABEL_VERIFIED
G11,NO_BALL,False,5,Ball-side down view (manufacturer wording),SOURCE_P5_VECTOR_CIRCLE_AND_LABEL_VERIFIED
G12,NC,True,5,Ball-side down view (manufacturer wording),SOURCE_P5_VECTOR_CIRCLE_AND_LABEL_VERIFIED
G13,NC,True,5,Ball-side down view (manufacturer wording),SOURCE_P5_VECTOR_CIRCLE_AND_LABEL_VERIFIED
G14,NC,True,5,Ball-side down view (manufacturer wording),SOURCE_P5_VECTOR_CIRCLE_AND_LABEL_VERIFIED
H1,NC,True,5,Ball-side down view (manufacturer wording),SOURCE_P5_VECTOR_CIRCLE_AND_LABEL_VERIFIED
H2,NC,True,5,Ball-side down view (manufacturer wording),SOURCE_P5_VECTOR_CIRCLE_AND_LABEL_VERIFIED
H3,NC,True,5,Ball-side down view (manufacturer wording),SOURCE_P5_VECTOR_CIRCLE_AND_LABEL_VERIFIED
H4,NO_BALL,False,5,Ball-side down view (manufacturer wording),SOURCE_P5_VECTOR_CIRCLE_AND_LABEL_VERIFIED
H5,Data Strobe,True,5,Ball-side down view (manufacturer wording),SOURCE_P5_VECTOR_CIRCLE_AND_LABEL_VERIFIED
H6,NO_BALL,False,5,Ball-side down view (manufacturer wording),SOURCE_P5_VECTOR_CIRCLE_AND_LABEL_VERIFIED
H7,NO_BALL,False,5,Ball-side down view (manufacturer wording),SOURCE_P5_VECTOR_CIRCLE_AND_LABEL_VERIFIED
H8,NO_BALL,False,5,Ball-side down view (manufacturer wording),SOURCE_P5_VECTOR_CIRCLE_AND_LABEL_VERIFIED
H9,NO_BALL,False,5,Ball-side down view (manufacturer wording),SOURCE_P5_VECTOR_CIRCLE_AND_LABEL_VERIFIED
H10,VSS,True,5,Ball-side down view (manufacturer wording),SOURCE_P5_VECTOR_CIRCLE_AND_LABEL_VERIFIED
H11,NO_BALL,False,5,Ball-side down view (manufacturer wording),SOURCE_P5_VECTOR_CIRCLE_AND_LABEL_VERIFIED
H12,NC,True,5,Ball-side down view (manufacturer wording),SOURCE_P5_VECTOR_CIRCLE_AND_LABEL_VERIFIED
H13,NC,True,5,Ball-side down view (manufacturer wording),SOURCE_P5_VECTOR_CIRCLE_AND_LABEL_VERIFIED
H14,NC,True,5,Ball-side down view (manufacturer wording),SOURCE_P5_VECTOR_CIRCLE_AND_LABEL_VERIFIED
J1,NC,True,5,Ball-side down view (manufacturer wording),SOURCE_P5_VECTOR_CIRCLE_AND_LABEL_VERIFIED
J2,NC,True,5,Ball-side down view (manufacturer wording),SOURCE_P5_VECTOR_CIRCLE_AND_LABEL_VERIFIED
J3,NC,True,5,Ball-side down view (manufacturer wording),SOURCE_P5_VECTOR_CIRCLE_AND_LABEL_VERIFIED
J4,NO_BALL,False,5,Ball-side down view (manufacturer wording),SOURCE_P5_VECTOR_CIRCLE_AND_LABEL_VERIFIED
J5,VSS,True,5,Ball-side down view (manufacturer wording),SOURCE_P5_VECTOR_CIRCLE_AND_LABEL_VERIFIED
J6,NO_BALL,False,5,Ball-side down view (manufacturer wording),SOURCE_P5_VECTOR_CIRCLE_AND_LABEL_VERIFIED
J7,NO_BALL,False,5,Ball-side down view (manufacturer wording),SOURCE_P5_VECTOR_CIRCLE_AND_LABEL_VERIFIED
J8,NO_BALL,False,5,Ball-side down view (manufacturer wording),SOURCE_P5_VECTOR_CIRCLE_AND_LABEL_VERIFIED
J9,NO_BALL,False,5,Ball-side down view (manufacturer wording),SOURCE_P5_VECTOR_CIRCLE_AND_LABEL_VERIFIED
J10,VDDF,True,5,Ball-side down view (manufacturer wording),SOURCE_P5_VECTOR_CIRCLE_AND_LABEL_VERIFIED
J11,NO_BALL,False,5,Ball-side down view (manufacturer wording),SOURCE_P5_VECTOR_CIRCLE_AND_LABEL_VERIFIED
J12,NC,True,5,Ball-side down view (manufacturer wording),SOURCE_P5_VECTOR_CIRCLE_AND_LABEL_VERIFIED
J13,NC,True,5,Ball-side down view (manufacturer wording),SOURCE_P5_VECTOR_CIRCLE_AND_LABEL_VERIFIED
J14,NC,True,5,Ball-side down view (manufacturer wording),SOURCE_P5_VECTOR_CIRCLE_AND_LABEL_VERIFIED
K1,NC,True,5,Ball-side down view (manufacturer wording),SOURCE_P5_VECTOR_CIRCLE_AND_LABEL_VERIFIED
K2,NC,True,5,Ball-side down view (manufacturer wording),SOURCE_P5_VECTOR_CIRCLE_AND_LABEL_VERIFIED
K3,NC,True,5,Ball-side down view (manufacturer wording),SOURCE_P5_VECTOR_CIRCLE_AND_LABEL_VERIFIED
K4,NO_BALL,False,5,Ball-side down view (manufacturer wording),SOURCE_P5_VECTOR_CIRCLE_AND_LABEL_VERIFIED
K5,RSTN,True,5,Ball-side down view (manufacturer wording),SOURCE_P5_VECTOR_CIRCLE_AND_LABEL_VERIFIED
K6,RFU,True,5,Ball-side down view (manufacturer wording),SOURCE_P5_VECTOR_CIRCLE_AND_LABEL_VERIFIED
K7,RFU,True,5,Ball-side down view (manufacturer wording),SOURCE_P5_VECTOR_CIRCLE_AND_LABEL_VERIFIED
K8,VSS,True,5,Ball-side down view (manufacturer wording),SOURCE_P5_VECTOR_CIRCLE_AND_LABEL_VERIFIED
K9,VDDF,True,5,Ball-side down view (manufacturer wording),SOURCE_P5_VECTOR_CIRCLE_AND_LABEL_VERIFIED
K10,RFU,True,5,Ball-side down view (manufacturer wording),SOURCE_P5_VECTOR_CIRCLE_AND_LABEL_VERIFIED
K11,NO_BALL,False,5,Ball-side down view (manufacturer wording),SOURCE_P5_VECTOR_CIRCLE_AND_LABEL_VERIFIED
K12,NC,True,5,Ball-side down view (manufacturer wording),SOURCE_P5_VECTOR_CIRCLE_AND_LABEL_VERIFIED
K13,NC,True,5,Ball-side down view (manufacturer wording),SOURCE_P5_VECTOR_CIRCLE_AND_LABEL_VERIFIED
K14,NC,True,5,Ball-side down view (manufacturer wording),SOURCE_P5_VECTOR_CIRCLE_AND_LABEL_VERIFIED
L1,NC,True,5,Ball-side down view (manufacturer wording),SOURCE_P5_VECTOR_CIRCLE_AND_LABEL_VERIFIED
L2,NC,True,5,Ball-side down view (manufacturer wording),SOURCE_P5_VECTOR_CIRCLE_AND_LABEL_VERIFIED
L3,NC,True,5,Ball-side down view (manufacturer wording),SOURCE_P5_VECTOR_CIRCLE_AND_LABEL_VERIFIED
L4,NO_BALL,False,5,Ball-side down view (manufacturer wording),SOURCE_P5_VECTOR_CIRCLE_AND_LABEL_VERIFIED
L5,NO_BALL,False,5,Ball-side down view (manufacturer wording),SOURCE_P5_VECTOR_CIRCLE_AND_LABEL_VERIFIED
L6,NO_BALL,False,5,Ball-side down view (manufacturer wording),SOURCE_P5_VECTOR_CIRCLE_AND_LABEL_VERIFIED
L7,NO_BALL,False,5,Ball-side down view (manufacturer wording),SOURCE_P5_VECTOR_CIRCLE_AND_LABEL_VERIFIED
L8,NO_BALL,False,5,Ball-side down view (manufacturer wording),SOURCE_P5_VECTOR_CIRCLE_AND_LABEL_VERIFIED
L9,NO_BALL,False,5,Ball-side down view (manufacturer wording),SOURCE_P5_VECTOR_CIRCLE_AND_LABEL_VERIFIED
L10,NO_BALL,False,5,Ball-side down view (manufacturer wording),SOURCE_P5_VECTOR_CIRCLE_AND_LABEL_VERIFIED
L11,NO_BALL,False,5,Ball-side down view (manufacturer wording),SOURCE_P5_VECTOR_CIRCLE_AND_LABEL_VERIFIED
L12,NC,True,5,Ball-side down view (manufacturer wording),SOURCE_P5_VECTOR_CIRCLE_AND_LABEL_VERIFIED
L13,NC,True,5,Ball-side down view (manufacturer wording),SOURCE_P5_VECTOR_CIRCLE_AND_LABEL_VERIFIED
L14,NC,True,5,Ball-side down view (manufacturer wording),SOURCE_P5_VECTOR_CIRCLE_AND_LABEL_VERIFIED
M1,NC,True,5,Ball-side down view (manufacturer wording),SOURCE_P5_VECTOR_CIRCLE_AND_LABEL_VERIFIED
M2,NC,True,5,Ball-side down view (manufacturer wording),SOURCE_P5_VECTOR_CIRCLE_AND_LABEL_VERIFIED
M3,NC,True,5,Ball-side down view (manufacturer wording),SOURCE_P5_VECTOR_CIRCLE_AND_LABEL_VERIFIED
M4,VDD,True,5,Ball-side down view (manufacturer wording),SOURCE_P5_VECTOR_CIRCLE_AND_LABEL_VERIFIED
M5,CMD,True,5,Ball-side down view (manufacturer wording),SOURCE_P5_VECTOR_CIRCLE_AND_LABEL_VERIFIED
M6,CLK,True,5,Ball-side down view (manufacturer wording),SOURCE_P5_VECTOR_CIRCLE_AND_LABEL_VERIFIED
M7,NC,True,5,Ball-side down view (manufacturer wording),SOURCE_P5_VECTOR_CIRCLE_AND_LABEL_VERIFIED
M8,NC,True,5,Ball-side down view (manufacturer wording),SOURCE_P5_VECTOR_CIRCLE_AND_LABEL_VERIFIED
M9,NC,True,5,Ball-side down view (manufacturer wording),SOURCE_P5_VECTOR_CIRCLE_AND_LABEL_VERIFIED
M10,NC,True,5,Ball-side down view (manufacturer wording),SOURCE_P5_VECTOR_CIRCLE_AND_LABEL_VERIFIED
M11,NC,True,5,Ball-side down view (manufacturer wording),SOURCE_P5_VECTOR_CIRCLE_AND_LABEL_VERIFIED
M12,NC,True,5,Ball-side down view (manufacturer wording),SOURCE_P5_VECTOR_CIRCLE_AND_LABEL_VERIFIED
M13,NC,True,5,Ball-side down view (manufacturer wording),SOURCE_P5_VECTOR_CIRCLE_AND_LABEL_VERIFIED
M14,NC,True,5,Ball-side down view (manufacturer wording),SOURCE_P5_VECTOR_CIRCLE_AND_LABEL_VERIFIED
N1,NC,True,5,Ball-side down view (manufacturer wording),SOURCE_P5_VECTOR_CIRCLE_AND_LABEL_VERIFIED
N2,VSS,True,5,Ball-side down view (manufacturer wording),SOURCE_P5_VECTOR_CIRCLE_AND_LABEL_VERIFIED
N3,NC,True,5,Ball-side down view (manufacturer wording),SOURCE_P5_VECTOR_CIRCLE_AND_LABEL_VERIFIED
N4,VDD,True,5,Ball-side down view (manufacturer wording),SOURCE_P5_VECTOR_CIRCLE_AND_LABEL_VERIFIED
N5,VSS,True,5,Ball-side down view (manufacturer wording),SOURCE_P5_VECTOR_CIRCLE_AND_LABEL_VERIFIED
N6,NC,True,5,Ball-side down view (manufacturer wording),SOURCE_P5_VECTOR_CIRCLE_AND_LABEL_VERIFIED
N7,NC,True,5,Ball-side down view (manufacturer wording),SOURCE_P5_VECTOR_CIRCLE_AND_LABEL_VERIFIED
N8,NC,True,5,Ball-side down view (manufacturer wording),SOURCE_P5_VECTOR_CIRCLE_AND_LABEL_VERIFIED
N9,NC,True,5,Ball-side down view (manufacturer wording),SOURCE_P5_VECTOR_CIRCLE_AND_LABEL_VERIFIED
N10,NC,True,5,Ball-side down view (manufacturer wording),SOURCE_P5_VECTOR_CIRCLE_AND_LABEL_VERIFIED
N11,NC,True,5,Ball-side down view (manufacturer wording),SOURCE_P5_VECTOR_CIRCLE_AND_LABEL_VERIFIED
N12,NC,True,5,Ball-side down view (manufacturer wording),SOURCE_P5_VECTOR_CIRCLE_AND_LABEL_VERIFIED
N13,NC,True,5,Ball-side down view (manufacturer wording),SOURCE_P5_VECTOR_CIRCLE_AND_LABEL_VERIFIED
N14,NC,True,5,Ball-side down view (manufacturer wording),SOURCE_P5_VECTOR_CIRCLE_AND_LABEL_VERIFIED
P1,NC,True,5,Ball-side down view (manufacturer wording),SOURCE_P5_VECTOR_CIRCLE_AND_LABEL_VERIFIED
P2,NC,True,5,Ball-side down view (manufacturer wording),SOURCE_P5_VECTOR_CIRCLE_AND_LABEL_VERIFIED
P3,VDD,True,5,Ball-side down view (manufacturer wording),SOURCE_P5_VECTOR_CIRCLE_AND_LABEL_VERIFIED
P4,VSS,True,5,Ball-side down view (manufacturer wording),SOURCE_P5_VECTOR_CIRCLE_AND_LABEL_VERIFIED
P5,VDD,True,5,Ball-side down view (manufacturer wording),SOURCE_P5_VECTOR_CIRCLE_AND_LABEL_VERIFIED
P6,VSS,True,5,Ball-side down view (manufacturer wording),SOURCE_P5_VECTOR_CIRCLE_AND_LABEL_VERIFIED
P7,RFU,True,5,Ball-side down view (manufacturer wording),SOURCE_P5_VECTOR_CIRCLE_AND_LABEL_VERIFIED
P8,NC,True,5,Ball-side down view (manufacturer wording),SOURCE_P5_VECTOR_CIRCLE_AND_LABEL_VERIFIED
P9,NC,True,5,Ball-side down view (manufacturer wording),SOURCE_P5_VECTOR_CIRCLE_AND_LABEL_VERIFIED
P10,RFU,True,5,Ball-side down view (manufacturer wording),SOURCE_P5_VECTOR_CIRCLE_AND_LABEL_VERIFIED
P11,NC,True,5,Ball-side down view (manufacturer wording),SOURCE_P5_VECTOR_CIRCLE_AND_LABEL_VERIFIED
P12,NC,True,5,Ball-side down view (manufacturer wording),SOURCE_P5_VECTOR_CIRCLE_AND_LABEL_VERIFIED
P13,NC,True,5,Ball-side down view (manufacturer wording),SOURCE_P5_VECTOR_CIRCLE_AND_LABEL_VERIFIED
P14,NC,True,5,Ball-side down view (manufacturer wording),SOURCE_P5_VECTOR_CIRCLE_AND_LABEL_VERIFIED
