reference,unit,pin,function,net,status,sheet
U1,5,C20,DDR_NC,,OFFICIAL_PINOUT_LP4_MODE_UNUSED,02_SoC_2
U1,5,D19,DDR_NC,,OFFICIAL_PINOUT_LP4_MODE_UNUSED,02_SoC_2
U1,5,D20,DDR_NC,,OFFICIAL_PINOUT_LP4_MODE_UNUSED,02_SoC_2
U1,5,F18,DDR_NC,,OFFICIAL_PINOUT_LP4_MODE_UNUSED,02_SoC_2
U1,5,G17,DDR_NC,,OFFICIAL_PINOUT_LP4_MODE_UNUSED,02_SoC_2
U1,5,H18,DDR_NC,,OFFICIAL_PINOUT_LP4_MODE_UNUSED,02_SoC_2
U1,5,H19,DDR_NC,,OFFICIAL_PINOUT_LP4_MODE_UNUSED,02_SoC_2
U1,5,J17,DDR_CKEB1,,REFERENCE_SINGLE_RANK_UNUSED_OUTPUT,02_SoC_2
U1,6,J19,DDR_CSB1,,REFERENCE_SINGLE_RANK_UNUSED_OUTPUT,02_SoC_2
U1,6,K20,DDR_NC,,OFFICIAL_PINOUT_LP4_MODE_UNUSED,02_SoC_2
U1,6,L17,DDR_NC,,OFFICIAL_PINOUT_LP4_MODE_UNUSED,02_SoC_2
U1,6,L18,DDR_NC,,OFFICIAL_PINOUT_LP4_MODE_UNUSED,02_SoC_2
U1,6,L20,DDR_NC,,OFFICIAL_PINOUT_LP4_MODE_UNUSED,02_SoC_2
U1,6,M17,DDR_NC,,OFFICIAL_PINOUT_LP4_MODE_UNUSED,02_SoC_2
U1,6,M20,DDR_NA,,OFFICIAL_PINOUT_LP4_MODE_UNUSED,02_SoC_2
U1,6,N18,DDR_NC,,OFFICIAL_PINOUT_LP4_MODE_UNUSED,02_SoC_2
U1,6,P18,DDR_CKEA1,,REFERENCE_SINGLE_RANK_UNUSED_OUTPUT,02_SoC_2
U1,6,T19,DDR_CSA1,,REFERENCE_SINGLE_RANK_UNUSED_OUTPUT,02_SoC_2
U1,8,U6,MIPI_ATB,,GUIDE_EXPLICIT_MIPI_ATB_FLOAT,02_SoC_2
U1,9,A20,NC,,MANUFACTURER_NC_DNU_MUST_REMAIN_OPEN,03_SoC_3
U1,9,B11,GPIO70/OUT0,,OPEN_TBD_NO_NC_FLAG,03_SoC_3
U1,9,C10,GPIO64/INT0,,OPEN_TBD_NO_NC_FLAG,03_SoC_3
U1,9,C11,GPIO71/OUT1,,OPEN_TBD_NO_NC_FLAG,03_SoC_3
U1,9,C12,GPIO68/INT4,,OPEN_TBD_NO_NC_FLAG,03_SoC_3
U1,10,D8,ANA_TS_VTEST,,OPEN_TBD_NO_NC_FLAG,03_SoC_3
U1,10,Y1,NC,,MANUFACTURER_NC_DNU_MUST_REMAIN_OPEN,03_SoC_3
U1,10,Y20,NC,,MANUFACTURER_NC_DNU_MUST_REMAIN_OPEN,03_SoC_3
U2,1,A1,DNU,,MANUFACTURER_NC_DNU_MUST_REMAIN_OPEN,04_LPDDR4_1
U2,1,A2,DNU,,MANUFACTURER_NC_DNU_MUST_REMAIN_OPEN,04_LPDDR4_1
U2,1,A8,NC,,MANUFACTURER_NC_DNU_MUST_REMAIN_OPEN,04_LPDDR4_1
U2,1,A11,DNU,,MANUFACTURER_NC_DNU_MUST_REMAIN_OPEN,04_LPDDR4_1
U2,1,A12,DNU,,MANUFACTURER_NC_DNU_MUST_REMAIN_OPEN,04_LPDDR4_1
U2,1,B1,DNU,,MANUFACTURER_NC_DNU_MUST_REMAIN_OPEN,04_LPDDR4_1
U2,1,B12,DNU,,MANUFACTURER_NC_DNU_MUST_REMAIN_OPEN,04_LPDDR4_1
U2,2,G11,DNU,,MANUFACTURER_NC_DNU_MUST_REMAIN_OPEN,04_LPDDR4_1
U2,2,H3,NC,,MANUFACTURER_NC_DNU_MUST_REMAIN_OPEN,04_LPDDR4_1
U2,3,J5,NC,,MANUFACTURER_NC_DNU_MUST_REMAIN_OPEN,04_LPDDR4_1
U2,3,K5,DNU,,MANUFACTURER_NC_DNU_MUST_REMAIN_OPEN,04_LPDDR4_1
U2,3,K8,DNU,,MANUFACTURER_NC_DNU_MUST_REMAIN_OPEN,04_LPDDR4_1
U2,3,N5,DNU,,MANUFACTURER_NC_DNU_MUST_REMAIN_OPEN,04_LPDDR4_1
U2,3,N8,DNU,,MANUFACTURER_NC_DNU_MUST_REMAIN_OPEN,04_LPDDR4_1
U2,3,P5,NC,,MANUFACTURER_NC_DNU_MUST_REMAIN_OPEN,04_LPDDR4_1
U2,4,R3,NC,,MANUFACTURER_NC_DNU_MUST_REMAIN_OPEN,04_LPDDR4_1
U2,5,AA1,DNU,,MANUFACTURER_NC_DNU_MUST_REMAIN_OPEN,05_LPDDR4_2
U2,5,AA12,DNU,,MANUFACTURER_NC_DNU_MUST_REMAIN_OPEN,05_LPDDR4_2
U2,5,AB1,DNU,,MANUFACTURER_NC_DNU_MUST_REMAIN_OPEN,05_LPDDR4_2
U2,5,AB2,DNU,,MANUFACTURER_NC_DNU_MUST_REMAIN_OPEN,05_LPDDR4_2
U2,5,AB11,DNU,,MANUFACTURER_NC_DNU_MUST_REMAIN_OPEN,05_LPDDR4_2
U2,5,AB12,DNU,,MANUFACTURER_NC_DNU_MUST_REMAIN_OPEN,05_LPDDR4_2
U3,1,A1,NC,,MANUFACTURER_NC_DNU_MUST_REMAIN_OPEN,06_eMMC_1
U3,1,A2,NC,,MANUFACTURER_NC_DNU_MUST_REMAIN_OPEN,06_eMMC_1
U3,1,A7,RFU,,MANUFACTURER_RFU_NO_USE_MUST_REMAIN_OPEN,06_eMMC_1
U3,1,A8,NC,,MANUFACTURER_NC_DNU_MUST_REMAIN_OPEN,06_eMMC_1
U3,1,A9,NC,,MANUFACTURER_NC_DNU_MUST_REMAIN_OPEN,06_eMMC_1
U3,1,A10,NC,,MANUFACTURER_NC_DNU_MUST_REMAIN_OPEN,06_eMMC_1
U3,1,A11,NC,,MANUFACTURER_NC_DNU_MUST_REMAIN_OPEN,06_eMMC_1
U3,1,A12,NC,,MANUFACTURER_NC_DNU_MUST_REMAIN_OPEN,06_eMMC_1
U3,1,A13,NC,,MANUFACTURER_NC_DNU_MUST_REMAIN_OPEN,06_eMMC_1
U3,1,A14,NC,,MANUFACTURER_NC_DNU_MUST_REMAIN_OPEN,06_eMMC_1
U3,1,B1,NC,,MANUFACTURER_NC_DNU_MUST_REMAIN_OPEN,06_eMMC_1
U3,1,B7,NC,,MANUFACTURER_NC_DNU_MUST_REMAIN_OPEN,06_eMMC_1
U3,1,B8,NC,,MANUFACTURER_NC_DNU_MUST_REMAIN_OPEN,06_eMMC_1
U3,1,B9,NC,,MANUFACTURER_NC_DNU_MUST_REMAIN_OPEN,06_eMMC_1
U3,1,B10,NC,,MANUFACTURER_NC_DNU_MUST_REMAIN_OPEN,06_eMMC_1
U3,1,B11,NC,,MANUFACTURER_NC_DNU_MUST_REMAIN_OPEN,06_eMMC_1
U3,1,B12,NC,,MANUFACTURER_NC_DNU_MUST_REMAIN_OPEN,06_eMMC_1
U3,1,B13,NC,,MANUFACTURER_NC_DNU_MUST_REMAIN_OPEN,06_eMMC_1
U3,1,B14,NC,,MANUFACTURER_NC_DNU_MUST_REMAIN_OPEN,06_eMMC_1
U3,1,C1,NC,,MANUFACTURER_NC_DNU_MUST_REMAIN_OPEN,06_eMMC_1
U3,1,C3,NC,,MANUFACTURER_NC_DNU_MUST_REMAIN_OPEN,06_eMMC_1
U3,1,C5,NC,,MANUFACTURER_NC_DNU_MUST_REMAIN_OPEN,06_eMMC_1
U3,1,C7,NC,,MANUFACTURER_NC_DNU_MUST_REMAIN_OPEN,06_eMMC_1
U3,1,C8,NC,,MANUFACTURER_NC_DNU_MUST_REMAIN_OPEN,06_eMMC_1
U3,1,C9,NC,,MANUFACTURER_NC_DNU_MUST_REMAIN_OPEN,06_eMMC_1
U3,1,C10,NC,,MANUFACTURER_NC_DNU_MUST_REMAIN_OPEN,06_eMMC_1
U3,1,C11,NC,,MANUFACTURER_NC_DNU_MUST_REMAIN_OPEN,06_eMMC_1
U3,1,C12,NC,,MANUFACTURER_NC_DNU_MUST_REMAIN_OPEN,06_eMMC_1
U3,2,C13,NC,,MANUFACTURER_NC_DNU_MUST_REMAIN_OPEN,06_eMMC_1
U3,2,C14,NC,,MANUFACTURER_NC_DNU_MUST_REMAIN_OPEN,06_eMMC_1
U3,2,D1,NC,,MANUFACTURER_NC_DNU_MUST_REMAIN_OPEN,06_eMMC_1
U3,2,D2,NC,,MANUFACTURER_NC_DNU_MUST_REMAIN_OPEN,06_eMMC_1
U3,2,D3,NC,,MANUFACTURER_NC_DNU_MUST_REMAIN_OPEN,06_eMMC_1
U3,2,D4,NC,,MANUFACTURER_NC_DNU_MUST_REMAIN_OPEN,06_eMMC_1
U3,2,D12,NC,,MANUFACTURER_NC_DNU_MUST_REMAIN_OPEN,06_eMMC_1
U3,2,D13,NC,,MANUFACTURER_NC_DNU_MUST_REMAIN_OPEN,06_eMMC_1
U3,2,D14,NC,,MANUFACTURER_NC_DNU_MUST_REMAIN_OPEN,06_eMMC_1
U3,2,E1,NC,,MANUFACTURER_NC_DNU_MUST_REMAIN_OPEN,06_eMMC_1
U3,2,E2,NC,,MANUFACTURER_NC_DNU_MUST_REMAIN_OPEN,06_eMMC_1
U3,2,E3,NC,,MANUFACTURER_NC_DNU_MUST_REMAIN_OPEN,06_eMMC_1
U3,2,E5,RFU,,MANUFACTURER_RFU_NO_USE_MUST_REMAIN_OPEN,06_eMMC_1
U3,2,E8,RFU,,MANUFACTURER_RFU_NO_USE_MUST_REMAIN_OPEN,06_eMMC_1
U3,2,E9,RFU,,MANUFACTURER_RFU_NO_USE_MUST_REMAIN_OPEN,06_eMMC_1
U3,2,E10,RFU,,MANUFACTURER_RFU_NO_USE_MUST_REMAIN_OPEN,06_eMMC_1
U3,2,E12,NC,,MANUFACTURER_NC_DNU_MUST_REMAIN_OPEN,06_eMMC_1
U3,2,E13,NC,,MANUFACTURER_NC_DNU_MUST_REMAIN_OPEN,06_eMMC_1
U3,2,E14,NC,,MANUFACTURER_NC_DNU_MUST_REMAIN_OPEN,06_eMMC_1
U3,2,F1,NC,,MANUFACTURER_NC_DNU_MUST_REMAIN_OPEN,06_eMMC_1
U3,2,F2,NC,,MANUFACTURER_NC_DNU_MUST_REMAIN_OPEN,06_eMMC_1
U3,2,F3,NC,,MANUFACTURER_NC_DNU_MUST_REMAIN_OPEN,06_eMMC_1
U3,2,F10,RFU,,MANUFACTURER_RFU_NO_USE_MUST_REMAIN_OPEN,06_eMMC_1
U3,2,F12,NC,,MANUFACTURER_NC_DNU_MUST_REMAIN_OPEN,06_eMMC_1
U3,2,F13,NC,,MANUFACTURER_NC_DNU_MUST_REMAIN_OPEN,06_eMMC_1
U3,2,F14,NC,,MANUFACTURER_NC_DNU_MUST_REMAIN_OPEN,06_eMMC_1
U3,2,G1,NC,,MANUFACTURER_NC_DNU_MUST_REMAIN_OPEN,06_eMMC_1
U3,2,G2,NC,,MANUFACTURER_NC_DNU_MUST_REMAIN_OPEN,06_eMMC_1
U3,2,G3,RFU,,MANUFACTURER_RFU_NO_USE_MUST_REMAIN_OPEN,06_eMMC_1
U3,2,G10,RFU,,MANUFACTURER_RFU_NO_USE_MUST_REMAIN_OPEN,06_eMMC_1
U3,2,G12,NC,,MANUFACTURER_NC_DNU_MUST_REMAIN_OPEN,06_eMMC_1
U3,2,G13,NC,,MANUFACTURER_NC_DNU_MUST_REMAIN_OPEN,06_eMMC_1
U3,2,G14,NC,,MANUFACTURER_NC_DNU_MUST_REMAIN_OPEN,06_eMMC_1
U3,2,H1,NC,,MANUFACTURER_NC_DNU_MUST_REMAIN_OPEN,06_eMMC_1
U3,2,H2,NC,,MANUFACTURER_NC_DNU_MUST_REMAIN_OPEN,06_eMMC_1
U3,2,H3,NC,,MANUFACTURER_NC_DNU_MUST_REMAIN_OPEN,06_eMMC_1
U3,3,H5,Data Strobe,,EMMC_HS200_UNUSED_HS400_STROBE_OUTPUT,06_eMMC_1
U3,3,H12,NC,,MANUFACTURER_NC_DNU_MUST_REMAIN_OPEN,06_eMMC_1
U3,3,H13,NC,,MANUFACTURER_NC_DNU_MUST_REMAIN_OPEN,06_eMMC_1
U3,3,H14,NC,,MANUFACTURER_NC_DNU_MUST_REMAIN_OPEN,06_eMMC_1
U3,3,J1,NC,,MANUFACTURER_NC_DNU_MUST_REMAIN_OPEN,06_eMMC_1
U3,3,J2,NC,,MANUFACTURER_NC_DNU_MUST_REMAIN_OPEN,06_eMMC_1
U3,3,J3,NC,,MANUFACTURER_NC_DNU_MUST_REMAIN_OPEN,06_eMMC_1
U3,3,J12,NC,,MANUFACTURER_NC_DNU_MUST_REMAIN_OPEN,06_eMMC_1
U3,3,J13,NC,,MANUFACTURER_NC_DNU_MUST_REMAIN_OPEN,06_eMMC_1
U3,3,J14,NC,,MANUFACTURER_NC_DNU_MUST_REMAIN_OPEN,06_eMMC_1
U3,3,K1,NC,,MANUFACTURER_NC_DNU_MUST_REMAIN_OPEN,06_eMMC_1
U3,3,K2,NC,,MANUFACTURER_NC_DNU_MUST_REMAIN_OPEN,06_eMMC_1
U3,3,K3,NC,,MANUFACTURER_NC_DNU_MUST_REMAIN_OPEN,06_eMMC_1
U3,3,K6,RFU,,MANUFACTURER_RFU_NO_USE_MUST_REMAIN_OPEN,06_eMMC_1
U3,3,K7,RFU,,MANUFACTURER_RFU_NO_USE_MUST_REMAIN_OPEN,06_eMMC_1
U3,3,K10,RFU,,MANUFACTURER_RFU_NO_USE_MUST_REMAIN_OPEN,06_eMMC_1
U3,3,K12,NC,,MANUFACTURER_NC_DNU_MUST_REMAIN_OPEN,06_eMMC_1
U3,3,K13,NC,,MANUFACTURER_NC_DNU_MUST_REMAIN_OPEN,06_eMMC_1
U3,3,K14,NC,,MANUFACTURER_NC_DNU_MUST_REMAIN_OPEN,06_eMMC_1
U3,3,L1,NC,,MANUFACTURER_NC_DNU_MUST_REMAIN_OPEN,06_eMMC_1
U3,3,L2,NC,,MANUFACTURER_NC_DNU_MUST_REMAIN_OPEN,06_eMMC_1
U3,3,L3,NC,,MANUFACTURER_NC_DNU_MUST_REMAIN_OPEN,06_eMMC_1
U3,3,L12,NC,,MANUFACTURER_NC_DNU_MUST_REMAIN_OPEN,06_eMMC_1
U3,3,L13,NC,,MANUFACTURER_NC_DNU_MUST_REMAIN_OPEN,06_eMMC_1
U3,3,L14,NC,,MANUFACTURER_NC_DNU_MUST_REMAIN_OPEN,06_eMMC_1
U3,3,M1,NC,,MANUFACTURER_NC_DNU_MUST_REMAIN_OPEN,06_eMMC_1
U3,3,M2,NC,,MANUFACTURER_NC_DNU_MUST_REMAIN_OPEN,06_eMMC_1
U3,3,M3,NC,,MANUFACTURER_NC_DNU_MUST_REMAIN_OPEN,06_eMMC_1
U3,3,M7,NC,,MANUFACTURER_NC_DNU_MUST_REMAIN_OPEN,06_eMMC_1
U3,3,M8,NC,,MANUFACTURER_NC_DNU_MUST_REMAIN_OPEN,06_eMMC_1
U3,3,M9,NC,,MANUFACTURER_NC_DNU_MUST_REMAIN_OPEN,06_eMMC_1
U3,4,M10,NC,,MANUFACTURER_NC_DNU_MUST_REMAIN_OPEN,06_eMMC_1
U3,4,M11,NC,,MANUFACTURER_NC_DNU_MUST_REMAIN_OPEN,06_eMMC_1
U3,4,M12,NC,,MANUFACTURER_NC_DNU_MUST_REMAIN_OPEN,06_eMMC_1
U3,4,M13,NC,,MANUFACTURER_NC_DNU_MUST_REMAIN_OPEN,06_eMMC_1
U3,4,M14,NC,,MANUFACTURER_NC_DNU_MUST_REMAIN_OPEN,06_eMMC_1
U3,4,N1,NC,,MANUFACTURER_NC_DNU_MUST_REMAIN_OPEN,06_eMMC_1
U3,4,N3,NC,,MANUFACTURER_NC_DNU_MUST_REMAIN_OPEN,06_eMMC_1
U3,4,N6,NC,,MANUFACTURER_NC_DNU_MUST_REMAIN_OPEN,06_eMMC_1
U3,4,N7,NC,,MANUFACTURER_NC_DNU_MUST_REMAIN_OPEN,06_eMMC_1
U3,4,N8,NC,,MANUFACTURER_NC_DNU_MUST_REMAIN_OPEN,06_eMMC_1
U3,4,N9,NC,,MANUFACTURER_NC_DNU_MUST_REMAIN_OPEN,06_eMMC_1
U3,4,N10,NC,,MANUFACTURER_NC_DNU_MUST_REMAIN_OPEN,06_eMMC_1
U3,4,N11,NC,,MANUFACTURER_NC_DNU_MUST_REMAIN_OPEN,06_eMMC_1
U3,4,N12,NC,,MANUFACTURER_NC_DNU_MUST_REMAIN_OPEN,06_eMMC_1
U3,4,N13,NC,,MANUFACTURER_NC_DNU_MUST_REMAIN_OPEN,06_eMMC_1
U3,4,N14,NC,,MANUFACTURER_NC_DNU_MUST_REMAIN_OPEN,06_eMMC_1
U3,4,P1,NC,,MANUFACTURER_NC_DNU_MUST_REMAIN_OPEN,06_eMMC_1
U3,4,P2,NC,,MANUFACTURER_NC_DNU_MUST_REMAIN_OPEN,06_eMMC_1
U3,4,P7,RFU,,MANUFACTURER_RFU_NO_USE_MUST_REMAIN_OPEN,06_eMMC_1
U3,4,P8,NC,,MANUFACTURER_NC_DNU_MUST_REMAIN_OPEN,06_eMMC_1
U3,4,P9,NC,,MANUFACTURER_NC_DNU_MUST_REMAIN_OPEN,06_eMMC_1
U3,4,P10,RFU,,MANUFACTURER_RFU_NO_USE_MUST_REMAIN_OPEN,06_eMMC_1
U3,4,P11,NC,,MANUFACTURER_NC_DNU_MUST_REMAIN_OPEN,06_eMMC_1
U3,4,P12,NC,,MANUFACTURER_NC_DNU_MUST_REMAIN_OPEN,06_eMMC_1
U3,4,P13,NC,,MANUFACTURER_NC_DNU_MUST_REMAIN_OPEN,06_eMMC_1
U3,4,P14,NC,,MANUFACTURER_NC_DNU_MUST_REMAIN_OPEN,06_eMMC_1
