reference,part,pin,net,dnp
U81,TPS386000RGPR WIDE-MARGIN RAILS,1,VIN_5V,False
U81,TPS386000RGPR WIDE-MARGIN RAILS,6,GND,False
U81,TPS386000RGPR WIDE-MARGIN RAILS,7,SENSE_3V3,False
U81,TPS386000RGPR WIDE-MARGIN RAILS,8,SENSE_KPU,False
U81,TPS386000RGPR WIDE-MARGIN RAILS,9,SENSE_CPU,False
U81,TPS386000RGPR WIDE-MARGIN RAILS,10,SENSE_CORE,False
U81,TPS386000RGPR WIDE-MARGIN RAILS,11,GND,False
U81,TPS386000RGPR WIDE-MARGIN RAILS,12,GND,False
U81,TPS386000RGPR WIDE-MARGIN RAILS,14,VIN_5V,False
U81,TPS386000RGPR WIDE-MARGIN RAILS,15,ALL_RAILS_GOOD_3V3,False
U81,TPS386000RGPR WIDE-MARGIN RAILS,16,ALL_RAILS_GOOD_3V3,False
U81,TPS386000RGPR WIDE-MARGIN RAILS,17,ALL_RAILS_GOOD_3V3,False
U81,TPS386000RGPR WIDE-MARGIN RAILS,18,ALL_RAILS_GOOD_3V3,False
U81,TPS386000RGPR WIDE-MARGIN RAILS,20,GND,False
U81,TPS386000RGPR WIDE-MARGIN RAILS,21,GND,False
R501,8.45k total<=0.15%,1,VDD0P8_CORE,False
R501,8.45k total<=0.15%,2,SENSE_CORE,False
R502,10k total<=0.15%,1,SENSE_CORE,False
R502,10k total<=0.15%,2,GND,False
C801,100nF,1,VIN_5V,False
C801,100nF,2,GND,False
R504,8.45k total<=0.15%,1,VDD0P8_CPU,False
R504,8.45k total<=0.15%,2,SENSE_CPU,False
R505,10k total<=0.15%,1,SENSE_CPU,False
R505,10k total<=0.15%,2,GND,False
R507,8.45k total<=0.15%,1,VDD0P8_KPU,False
R507,8.45k total<=0.15%,2,SENSE_KPU,False
R508,10k total<=0.15%,1,SENSE_KPU,False
R508,10k total<=0.15%,2,GND,False
U84,TPS3850H01DRCR PRECISION DOMAIN,1,VIN_5V,False
U84,TPS3850H01DRCR PRECISION DOMAIN,3,VIN_5V,False
U84,TPS3850H01DRCR PRECISION DOMAIN,4,RESET_T_DDR_IO,False
U84,TPS3850H01DRCR PRECISION DOMAIN,5,GND,False
U84,TPS3850H01DRCR PRECISION DOMAIN,6,GND,False
U84,TPS3850H01DRCR PRECISION DOMAIN,7,GND,False
U84,TPS3850H01DRCR PRECISION DOMAIN,9,ALL_RAILS_GOOD_3V3,False
U84,TPS3850H01DRCR PRECISION DOMAIN,10,SENSE_DDR_IO,False
U84,TPS3850H01DRCR PRECISION DOMAIN,11,GND,False
R510,16.8k total<=0.15%,1,VDD1P1_DDR_IO,False
R510,16.8k total<=0.15%,2,SENSE_DDR_IO,False
R511,10k total<=0.15%,1,SENSE_DDR_IO,False
R511,10k total<=0.15%,2,GND,False
R512,10k 8.5-11.5ms,1,VIN_5V,False
R512,10k 8.5-11.5ms,2,RESET_T_DDR_IO,False
C804,100nF,1,VIN_5V,False
C804,100nF,2,GND,False
U85,TPS3850H01DRCR PRECISION DOMAIN,1,VIN_5V,False
U85,TPS3850H01DRCR PRECISION DOMAIN,3,VIN_5V,False
U85,TPS3850H01DRCR PRECISION DOMAIN,4,RESET_T_DDR_CORE,False
U85,TPS3850H01DRCR PRECISION DOMAIN,5,GND,False
U85,TPS3850H01DRCR PRECISION DOMAIN,6,GND,False
U85,TPS3850H01DRCR PRECISION DOMAIN,7,GND,False
U85,TPS3850H01DRCR PRECISION DOMAIN,9,ALL_RAILS_GOOD_3V3,False
U85,TPS3850H01DRCR PRECISION DOMAIN,10,SENSE_DDR_CORE,False
U85,TPS3850H01DRCR PRECISION DOMAIN,11,GND,False
R513,8.9k total<=0.15%,1,VDD0P8_DDR_CORE,False
R513,8.9k total<=0.15%,2,SENSE_DDR_CORE,False
R514,10k total<=0.15%,1,SENSE_DDR_CORE,False
R514,10k total<=0.15%,2,GND,False
R515,10k 8.5-11.5ms,1,VIN_5V,False
R515,10k 8.5-11.5ms,2,RESET_T_DDR_CORE,False
C805,100nF,1,VIN_5V,False
C805,100nF,2,GND,False
U86,TPS3850H01DRCR PRECISION DOMAIN,1,VIN_5V,False
U86,TPS3850H01DRCR PRECISION DOMAIN,3,VIN_5V,False
U86,TPS3850H01DRCR PRECISION DOMAIN,4,RESET_T_1V8,False
U86,TPS3850H01DRCR PRECISION DOMAIN,5,GND,False
U86,TPS3850H01DRCR PRECISION DOMAIN,6,GND,False
U86,TPS3850H01DRCR PRECISION DOMAIN,7,GND,False
U86,TPS3850H01DRCR PRECISION DOMAIN,9,ALL_RAILS_GOOD_3V3,False
U86,TPS3850H01DRCR PRECISION DOMAIN,10,SENSE_1V8,False
U86,TPS3850H01DRCR PRECISION DOMAIN,11,GND,False
R516,33.2k total<=0.15%,1,VDD1P8,False
R516,33.2k total<=0.15%,2,SENSE_1V8,False
R517,10k total<=0.15%,1,SENSE_1V8,False
R517,10k total<=0.15%,2,GND,False
R518,10k 8.5-11.5ms,1,VIN_5V,False
R518,10k 8.5-11.5ms,2,RESET_T_1V8,False
C806,100nF,1,VIN_5V,False
C806,100nF,2,GND,False
R519,66.5k total<=0.15%,1,VDD_3V3,False
R519,66.5k total<=0.15%,2,SENSE_3V3,False
R520,10k total<=0.15%,1,SENSE_3V3,False
R520,10k total<=0.15%,2,GND,False
U88,TPS3850H01DRCR PRECISION DOMAIN,1,VIN_5V,False
U88,TPS3850H01DRCR PRECISION DOMAIN,3,VIN_5V,False
U88,TPS3850H01DRCR PRECISION DOMAIN,4,RESET_T_MIPI0P8,False
U88,TPS3850H01DRCR PRECISION DOMAIN,5,GND,False
U88,TPS3850H01DRCR PRECISION DOMAIN,6,GND,False
U88,TPS3850H01DRCR PRECISION DOMAIN,7,GND,False
U88,TPS3850H01DRCR PRECISION DOMAIN,9,ALL_RAILS_GOOD_3V3,False
U88,TPS3850H01DRCR PRECISION DOMAIN,10,SENSE_MIPI0P8,False
U88,TPS3850H01DRCR PRECISION DOMAIN,11,GND,False
R522,8.9k total<=0.15%,1,AVDD0P8_MIPI,False
R522,8.9k total<=0.15%,2,SENSE_MIPI0P8,False
R523,10k total<=0.15%,1,SENSE_MIPI0P8,False
R523,10k total<=0.15%,2,GND,False
R524,10k 8.5-11.5ms,1,VIN_5V,False
R524,10k 8.5-11.5ms,2,RESET_T_MIPI0P8,False
C808,100nF,1,VIN_5V,False
C808,100nF,2,GND,False
U89,TPS3808G01DBVR VIN GUARD,1,ALL_RAILS_GOOD_3V3,False
U89,TPS3808G01DBVR VIN GUARD,2,GND,False
U89,TPS3808G01DBVR VIN GUARD,3,VDD1P8,False
U89,TPS3808G01DBVR VIN GUARD,5,VIN_GUARD_SENSE,False
U89,TPS3808G01DBVR VIN GUARD,6,VDD1P8,False
R525,88.7k total<=0.15%,1,VIN_5V,False
R525,88.7k total<=0.15%,2,VIN_GUARD_SENSE,False
R526,10k total<=0.15%,1,VIN_GUARD_SENSE,False
R526,10k total<=0.15%,2,GND,False
R527,10k RAW PG PULLUP,1,VDD_3V3,False
R527,10k RAW PG PULLUP,2,ALL_RAILS_GOOD_3V3,False
C809,100nF,1,VDD1P8,False
C809,100nF,2,GND,False
U94,SN74AUP1G08DBVR RESET REQUEST,1,RAILS_GOOD_LOGIC_1V8,False
U94,SN74AUP1G08DBVR RESET REQUEST,2,RSTN,False
U94,SN74AUP1G08DBVR RESET REQUEST,3,GND,False
U94,SN74AUP1G08DBVR RESET REQUEST,4,RESET_RELEASE_REQUEST_1V8,False
U94,SN74AUP1G08DBVR RESET REQUEST,5,VDD1P8,False
U90,TPS3808G01DBVR RESET DELAY,1,SOC_RSTN,False
U90,TPS3808G01DBVR RESET DELAY,2,GND,False
U90,TPS3808G01DBVR RESET DELAY,3,RESET_RELEASE_REQUEST_1V8,False
U90,TPS3808G01DBVR RESET DELAY,5,VDD1P8,False
U90,TPS3808G01DBVR RESET DELAY,6,VDD1P8,False
U91,SN74AUP1G07DBVR FAULT CLAMP,2,RESET_RELEASE_REQUEST_1V8,False
U91,SN74AUP1G07DBVR FAULT CLAMP,3,GND,False
U91,SN74AUP1G07DBVR FAULT CLAMP,4,SOC_RSTN,False
U91,SN74AUP1G07DBVR FAULT CLAMP,5,VDD1P8,False
R530,100k SOC RESET PULLUP,1,VDD1P8,False
R530,100k SOC RESET PULLUP,2,SOC_RSTN,False
U92,SN74AUP1G08DBVR QUALIFY,1,RAILS_GOOD_LOGIC_1V8,False
U92,SN74AUP1G08DBVR QUALIFY,2,BOOT_VOLTAGE_QUALIFIED_1V8,False
U92,SN74AUP1G08DBVR QUALIFY,3,GND,False
U92,SN74AUP1G08DBVR QUALIFY,4,STORAGE_ENABLE_1V8,False
U92,SN74AUP1G08DBVR QUALIFY,5,VDD1P8,False
U93,SN74AUP1G06DBVR DISABLE,2,STORAGE_ENABLE_1V8,False
U93,SN74AUP1G06DBVR DISABLE,3,GND,False
U93,SN74AUP1G06DBVR DISABLE,4,GLOBAL_DISABLE,False
U93,SN74AUP1G06DBVR DISABLE,5,VDD1P8,False
R528,0R QUALIFICATION STRAP DNP,1,VDD1P8,True
R528,0R QUALIFICATION STRAP DNP,2,BOOT_VOLTAGE_QUALIFIED_1V8,True
R529,100k DEFAULT INHIBIT,1,BOOT_VOLTAGE_QUALIFIED_1V8,False
R529,100k DEFAULT INHIBIT,2,GND,False
C810,100nF U94,1,VDD1P8,False
C810,100nF U94,2,GND,False
C811,100nF U90,1,VDD1P8,False
C811,100nF U90,2,GND,False
C812,100nF U91,1,VDD1P8,False
C812,100nF U91,2,GND,False
C813,100nF U92,1,VDD1P8,False
C813,100nF U92,2,GND,False
C814,100nF U93,1,VDD1P8,False
C814,100nF U93,2,GND,False
U96,SN74AUP1G17DBVR PG SCHMITT,2,ALL_RAILS_GOOD_3V3,False
U96,SN74AUP1G17DBVR PG SCHMITT,3,GND,False
U96,SN74AUP1G17DBVR PG SCHMITT,4,RAILS_GOOD_LOGIC_1V8,False
U96,SN74AUP1G17DBVR PG SCHMITT,5,VDD1P8,False
C817,100nF U96,1,VDD1P8,False
C817,100nF U96,2,GND,False
